phase,fps,packetSize,ecc,targetSize,raptorqOverhead,compressionEnabled,totalFrames,minFrames,gifSizeBytes,transferTimeMs,throughputKBps,success,error
phase1,10,400,LOW,250,1.20,false,41,34,36126,4538,2.86,true,""
phase1,10,400,MEDIUM,250,1.20,false,41,34,43624,5793,2.24,true,""
phase1,10,400,QUARTILE,250,1.20,false,41,34,61534,5641,2.30,true,""
phase1,10,400,HIGH,250,1.20,false,41,34,76887,6339,2.05,true,""
phase1,10,425,LOW,250,1.20,false,38,32,36928,5317,2.44,true,""
phase1,10,425,MEDIUM,250,1.20,false,38,32,44194,5617,2.31,true,""
phase1,10,425,QUARTILE,250,1.20,false,38,32,57120,4400,2.95,true,""
phase1,10,425,HIGH,250,1.20,false,38,32,71338,4913,2.65,true,""
phase1,10,450,LOW,250,1.20,false,36,30,34997,4992,2.60,true,""
phase1,10,450,MEDIUM,250,1.20,false,36,30,45900,5217,2.49,true,""
phase1,10,450,QUARTILE,250,1.20,false,36,30,58660,4806,2.70,true,""
phase1,10,450,HIGH,250,1.20,false,36,30,72488,4277,3.04,true,""
phase1,10,475,LOW,250,1.20,false,34,29,36146,4798,2.71,true,""
phase1,10,475,MEDIUM,250,1.20,false,34,29,43083,5001,2.60,true,""
phase1,10,475,QUARTILE,250,1.20,false,34,29,55018,4973,2.61,true,""
phase1,10,475,HIGH,250,1.20,false,34,29,72708,10744,1.21,true,""
phase1,10,500,LOW,250,1.20,false,33,27,35219,5411,2.40,true,""
phase1,10,500,MEDIUM,250,1.20,false,33,27,45860,4114,3.16,true,""
phase1,10,500,QUARTILE,250,1.20,false,33,27,57866,4806,2.70,true,""
phase1,10,500,HIGH,250,1.20,false,33,27,70999,5135,2.53,true,""
phase1,10,525,LOW,250,1.20,false,31,26,36109,7133,1.82,true,""
phase1,10,525,MEDIUM,250,1.20,false,31,26,43043,6167,2.11,true,""
phase1,10,525,QUARTILE,250,1.20,false,31,26,58301,2335,5.57,true,""
phase1,10,525,HIGH,250,1.20,false,31,26,70902,4736,2.74,true,""
phase1,10,550,LOW,250,1.20,false,30,25,34702,4151,3.13,true,""
phase1,10,550,MEDIUM,250,1.20,false,30,25,44842,4313,3.01,true,""
phase1,10,550,QUARTILE,250,1.20,false,30,25,55929,4829,2.69,true,""
phase1,10,550,HIGH,250,1.20,false,30,25,72237,4349,2.99,true,""
phase1,10,575,LOW,250,1.20,false,28,24,32325,4482,2.90,true,""
phase1,10,575,MEDIUM,250,1.20,false,28,24,41764,4384,2.97,true,""
phase1,10,575,QUARTILE,250,1.20,false,28,24,55758,4470,2.91,true,""
phase1,10,575,HIGH,250,1.20,false,28,24,67318,4335,3.00,true,""
phase1,10,600,LOW,250,1.20,false,27,23,34157,3727,3.49,true,""
phase1,10,600,MEDIUM,250,1.20,false,27,23,40315,4560,2.85,true,""
phase1,10,600,QUARTILE,250,1.20,false,27,23,53853,4359,2.98,true,""
phase1,10,600,HIGH,250,1.20,false,27,23,68973,4389,2.96,true,""
phase1,10,625,LOW,250,1.20,false,26,22,32946,3811,3.41,true,""
phase1,10,625,MEDIUM,250,1.20,false,26,22,42077,4401,2.95,true,""
phase1,10,625,QUARTILE,250,1.20,false,26,22,55596,4475,2.91,true,""
phase1,10,625,HIGH,250,1.20,false,26,22,70811,4044,3.21,true,""
phase1,10,650,LOW,250,1.20,false,25,21,34726,4167,3.12,true,""
phase1,10,650,MEDIUM,250,1.20,false,25,21,40681,4446,2.92,true,""
phase1,10,650,QUARTILE,250,1.20,false,25,21,53668,4254,3.06,true,""
phase1,10,650,HIGH,250,1.20,false,25,21,68340,3830,3.39,true,""
phase1,10,675,LOW,250,1.20,false,24,20,33358,3559,3.65,true,""
phase1,10,675,MEDIUM,250,1.20,false,24,20,42064,4201,3.09,true,""
phase1,10,675,QUARTILE,250,1.20,false,24,20,54909,3620,3.59,true,""
phase1,10,675,HIGH,250,1.20,false,24,20,69763,4294,3.03,true,""
phase1,10,700,LOW,250,1.20,false,23,20,31563,3531,3.68,true,""
phase1,10,700,MEDIUM,250,1.20,false,23,20,39776,3542,3.67,true,""
phase1,10,700,QUARTILE,250,1.20,false,23,20,51868,4320,3.01,true,""
phase1,10,700,HIGH,250,1.20,false,23,20,69802,3882,3.35,true,""
phase1,10,725,LOW,250,1.20,false,23,19,34582,4188,3.10,true,""
phase1,10,725,MEDIUM,250,1.20,false,23,19,43230,4099,3.17,true,""
phase1,10,725,QUARTILE,250,1.20,false,23,19,55816,4206,3.09,true,""
phase1,10,725,HIGH,250,1.20,false,23,19,70473,4054,3.21,true,""
phase1,10,750,LOW,250,1.20,false,22,18,33135,3971,3.27,true,""
phase1,10,750,MEDIUM,250,1.20,false,22,18,41381,3360,3.87,true,""
phase1,10,750,QUARTILE,250,1.20,false,22,18,56695,4208,3.09,true,""
phase1,10,750,HIGH,250,1.20,false,22,18,71481,3939,3.30,true,""
phase1,10,775,LOW,250,1.20,false,21,18,31225,4585,2.84,true,""
phase1,10,775,MEDIUM,250,1.20,false,21,18,41774,4169,3.12,true,""
phase1,10,775,QUARTILE,250,1.20,false,21,18,53337,4373,2.97,true,""
phase1,10,775,HIGH,250,1.20,false,21,18,67188,5626,2.31,true,""
phase1,10,800,LOW,250,1.20,false,21,17,34228,3893,3.34,true,""
phase1,10,800,MEDIUM,250,1.20,false,21,17,42252,4384,2.97,true,""
phase1,10,800,QUARTILE,250,1.20,false,21,17,57445,2967,4.38,true,""
phase1,10,800,HIGH,250,1.20,false,21,17,71903,3120,4.17,true,""
phase1,10,825,LOW,250,1.20,false,20,17,32082,3207,4.05,true,""
phase1,10,825,MEDIUM,250,1.20,false,20,17,39686,3629,3.58,true,""
phase1,10,825,QUARTILE,250,1.20,false,20,17,53992,3438,3.78,true,""
phase1,10,825,HIGH,250,1.20,false,20,17,67457,3506,3.71,true,""
phase1,10,850,LOW,250,1.20,false,19,16,30948,2930,4.44,true,""
phase1,10,850,MEDIUM,250,1.20,false,19,16,40824,20561,0.63,true,""
phase1,10,850,QUARTILE,250,1.20,false,19,16,52022,712,18.26,true,""
phase1,10,850,HIGH,250,1.20,false,19,16,68559,2200,5.91,true,""
phase1,10,875,LOW,250,1.20,false,19,16,33000,216,60.19,true,""
phase1,10,875,MEDIUM,250,1.20,false,19,16,40475,2706,4.80,true,""
phase1,10,875,QUARTILE,250,1.20,false,19,16,54643,1952,6.66,true,""
phase1,10,875,HIGH,250,1.20,false,19,16,67643,3904,3.33,true,""
phase1,10,900,LOW,250,1.20,false,18,15,31597,4010,3.24,true,""
phase1,10,900,MEDIUM,250,1.20,false,18,15,38748,3670,3.54,true,""
phase1,10,900,QUARTILE,250,1.20,false,18,15,52325,3675,3.54,true,""
phase1,10,900,HIGH,250,1.20,false,18,15,68304,4823,2.70,true,""
phase1,10,925,LOW,250,1.20,false,18,15,33785,3542,3.67,true,""
phase1,10,925,MEDIUM,250,1.20,false,18,15,41072,3717,3.50,true,""
phase1,10,925,QUARTILE,250,1.20,false,18,15,55168,2859,4.55,true,""
phase1,10,925,HIGH,250,1.20,false,18,15,67884,4800,2.71,true,""
phase1,10,950,LOW,250,1.20,false,17,15,31130,3679,3.53,true,""
phase1,10,950,MEDIUM,250,1.20,false,17,15,37720,3083,4.22,true,""
phase1,10,950,QUARTILE,250,1.20,false,17,15,50527,3106,4.19,true,""
phase1,10,950,HIGH,250,1.20,false,17,15,65317,7218,1.80,true,""
phase1,10,975,LOW,250,1.20,false,17,14,31982,3646,3.57,true,""
phase1,10,975,MEDIUM,250,1.20,false,17,14,38925,3524,3.69,true,""
phase1,10,975,QUARTILE,250,1.20,false,17,14,55189,3623,3.59,true,""
phase1,10,975,HIGH,250,1.20,false,17,14,70860,3736,3.48,true,""
phase1,10,1000,LOW,250,1.20,false,17,14,33910,2891,4.50,true,""
phase1,10,1000,MEDIUM,250,1.20,false,17,14,40992,3526,3.69,true,""
phase1,10,1000,QUARTILE,250,1.20,false,17,14,54603,3916,3.32,true,""
phase1,10,1000,HIGH,250,1.20,false,17,14,70097,6800,1.91,true,""
phase1,10,1025,LOW,250,1.20,false,16,14,31224,3665,3.55,true,""
phase1,10,1025,MEDIUM,250,1.20,false,16,14,37589,3605,3.61,true,""
phase1,10,1025,QUARTILE,250,1.20,false,16,14,53203,5063,2.57,true,""
phase1,10,1025,HIGH,250,1.20,false,16,14,64365,3508,3.71,true,""
phase1,10,1050,LOW,250,1.20,false,16,13,32167,3413,3.81,true,""
phase1,10,1050,MEDIUM,250,1.20,false,16,13,38905,2842,4.57,true,""
phase1,10,1050,QUARTILE,250,1.20,false,16,13,54823,2983,4.36,true,""
phase1,10,1050,HIGH,250,1.20,false,16,13,69784,3359,3.87,true,""
phase1,10,1075,LOW,250,1.20,false,15,13,29995,3491,3.72,true,""
phase1,10,1075,MEDIUM,250,1.20,false,15,13,38423,3669,3.54,true,""
phase1,10,1075,QUARTILE,250,1.20,false,15,13,51021,3575,3.64,true,""
phase1,10,1075,HIGH,250,1.20,false,15,13,64931,3140,4.14,true,""
phase1,10,1100,LOW,250,1.20,false,15,13,31654,3705,3.51,true,""
phase1,10,1100,MEDIUM,250,1.20,false,15,13,37799,2998,4.34,true,""
phase1,10,1100,QUARTILE,250,1.20,false,15,13,50183,3167,4.10,true,""
phase1,10,1100,HIGH,250,1.20,false,15,13,66822,3830,3.39,true,""
phase1,10,1125,LOW,250,1.20,false,15,12,32293,3251,4.00,true,""
phase1,10,1125,MEDIUM,250,1.20,false,15,12,41119,3033,4.29,true,""
phase1,10,1125,QUARTILE,250,1.20,false,15,12,54174,2434,5.34,true,""
phase1,10,1125,HIGH,250,1.20,false,15,12,68513,3006,4.32,true,""
phase1,10,1150,LOW,250,1.20,false,14,12,30015,3254,4.00,true,""
phase1,10,1150,MEDIUM,250,1.20,false,14,12,38249,2686,4.84,true,""
phase1,10,1150,QUARTILE,250,1.20,false,14,12,50350,4329,3.00,true,""
phase1,10,1150,HIGH,250,1.20,false,14,12,66384,2616,4.97,true,""
phase1,10,1175,LOW,250,1.20,false,14,12,31674,2697,4.82,true,""
phase1,10,1175,MEDIUM,250,1.20,false,14,12,37873,2736,4.75,true,""
phase1,10,1175,QUARTILE,250,1.20,false,14,12,52391,2940,4.42,true,""
phase1,10,1175,HIGH,250,1.20,false,14,12,65698,4026,3.23,true,""
phase1,10,1200,LOW,250,1.20,false,14,12,31226,2485,5.23,true,""
phase1,10,1200,MEDIUM,250,1.20,false,14,12,39608,3709,3.50,true,""
phase1,10,1200,QUARTILE,250,1.20,false,14,12,51405,3637,3.57,true,""
phase1,10,1200,HIGH,250,1.20,false,14,12,64533,3519,3.69,true,""
phase1,10,1225,LOW,250,1.20,false,14,11,32076,2289,5.68,true,""
phase1,10,1225,MEDIUM,250,1.20,false,14,11,40678,3118,4.17,true,""
phase1,10,1225,QUARTILE,250,1.20,false,14,11,55764,3445,3.77,true,""
phase1,10,1225,HIGH,250,1.20,false,14,11,69642,2358,5.51,true,""
phase1,10,1250,LOW,250,1.20,false,13,11,29697,3797,3.42,true,""
phase1,10,1250,MEDIUM,250,1.20,false,13,11,37723,2046,6.35,true,""
phase1,10,1250,QUARTILE,250,1.20,false,13,11,51697,3307,3.93,true,""
phase1,10,1250,HIGH,250,1.20,false,13,11,64466,3449,3.77,true,""
phase1,10,1275,LOW,250,1.20,false,13,11,31348,2834,4.59,true,""
phase1,10,1275,MEDIUM,250,1.20,false,13,11,39715,2357,5.52,true,""
phase1,10,1275,QUARTILE,250,1.20,false,13,11,51401,3593,3.62,true,""
phase1,10,1300,LOW,250,1.20,false,13,11,31019,2115,6.15,true,""
phase1,10,1300,MEDIUM,250,1.20,false,13,11,39316,3129,4.15,true,""
phase1,10,1300,QUARTILE,250,1.20,false,13,11,53295,2833,4.59,true,""
phase1,10,1325,LOW,250,1.20,false,13,11,30575,3102,4.19,true,""
phase1,10,1325,MEDIUM,250,1.20,false,13,11,38711,3125,4.16,true,""
phase1,10,1325,QUARTILE,250,1.20,false,13,11,52389,3046,4.27,true,""
phase1,10,1350,LOW,250,1.20,false,12,10,29222,2559,5.08,true,""
phase1,10,1350,MEDIUM,250,1.20,false,12,10,36922,3013,4.31,true,""
phase1,10,1350,QUARTILE,250,1.20,false,12,10,52401,2578,5.04,true,""
phase1,10,1375,LOW,250,1.20,false,12,10,30883,4071,3.19,true,""
phase1,10,1375,MEDIUM,250,1.20,false,12,10,38973,2094,6.21,true,""
phase1,10,1375,QUARTILE,250,1.20,false,12,10,52324,3016,4.31,true,""
phase1,10,1400,LOW,250,1.20,false,12,10,30728,2991,4.35,true,""
phase1,10,1400,MEDIUM,250,1.20,false,12,10,38781,7782,1.67,true,""
phase1,10,1400,QUARTILE,250,1.20,false,12,10,52124,3915,3.32,true,""
phase1,10,1425,LOW,250,1.20,false,12,10,30521,2040,6.37,true,""
phase1,10,1425,MEDIUM,250,1.20,false,12,10,38438,3012,4.32,true,""
phase1,10,1425,QUARTILE,250,1.20,false,12,10,54066,3510,3.70,true,""
phase1,10,1450,LOW,250,1.20,false,12,10,30133,3369,3.86,true,""
phase1,10,1450,MEDIUM,250,1.20,false,12,10,40091,3266,3.98,true,""
phase1,10,1450,QUARTILE,250,1.20,false,12,10,53336,3126,4.16,true,""
phase1,10,1475,LOW,250,1.20,false,11,10,28819,3005,4.33,true,""
phase1,10,1475,MEDIUM,250,1.20,false,11,10,36072,3006,4.32,true,""
phase1,10,1475,QUARTILE,250,1.20,false,11,10,47740,3150,4.13,true,""
phase1,10,1500,LOW,250,1.20,false,11,9,30135,3157,4.12,true,""
phase1,10,1500,MEDIUM,250,1.20,false,11,9,37724,6351,2.05,true,""
phase1,10,1500,QUARTILE,250,1.20,false,11,9,52474,2401,5.41,true,""
phase1,10,1525,LOW,250,1.20,false,11,9,31937,3203,4.06,true,""
phase1,10,1525,MEDIUM,250,1.20,false,11,9,37706,2909,4.47,true,""
phase1,10,1525,QUARTILE,250,1.20,false,11,9,52406,3179,4.09,true,""
phase1,10,1550,LOW,250,1.20,false,11,9,31872,2956,4.40,true,""
phase1,10,1550,MEDIUM,250,1.20,false,11,9,39482,2307,5.64,true,""
phase1,10,1550,QUARTILE,250,1.20,false,11,9,52240,3423,3.80,true,""
phase1,10,1575,LOW,250,1.20,false,11,9,31729,2913,4.46,true,""
phase1,10,1575,MEDIUM,250,1.20,false,11,9,39239,3442,3.78,true,""
phase1,10,1575,QUARTILE,250,1.20,false,11,9,54208,3201,4.06,true,""
phase1,10,1600,LOW,250,1.20,false,11,9,31463,2984,4.36,true,""
phase1,10,1600,MEDIUM,250,1.20,false,11,9,38877,3216,4.04,true,""
phase1,10,1600,QUARTILE,250,1.20,false,11,9,53773,2920,4.45,true,""
phase1,10,1625,LOW,250,1.20,false,10,9,29913,3296,3.94,true,""
phase1,10,1625,MEDIUM,250,1.20,false,10,9,36644,2498,5.20,true,""
phase1,10,1625,QUARTILE,250,1.20,false,10,9,48163,2878,4.52,true,""
phase1,10,1650,LOW,250,1.20,false,10,9,29459,2673,4.86,true,""
phase1,10,1650,MEDIUM,250,1.20,false,10,9,36115,2451,5.30,true,""
phase1,10,1650,QUARTILE,250,1.20,false,10,9,47261,3395,3.83,true,""
phase1,10,1675,LOW,250,1.20,false,10,8,30791,3088,4.21,true,""
phase1,10,1675,MEDIUM,250,1.20,false,10,8,37943,3186,4.08,true,""
phase1,10,1700,LOW,250,1.20,false,10,8,30797,2243,5.80,true,""
phase1,10,1700,MEDIUM,250,1.20,false,10,8,37942,3304,3.93,true,""
phase1,10,1725,LOW,250,1.20,false,10,8,30743,3205,4.06,true,""
phase1,10,1725,MEDIUM,250,1.20,false,10,8,39738,3083,4.22,true,""
phase1,10,1750,LOW,250,1.20,false,10,8,32370,3178,4.09,true,""
phase1,10,1750,MEDIUM,250,1.20,false,10,8,39579,3207,4.05,true,""
phase1,10,1775,LOW,250,1.20,false,10,8,32282,3063,4.24,true,""
phase1,10,1775,MEDIUM,250,1.20,false,10,8,39420,3191,4.07,true,""
phase1,10,1800,LOW,250,1.20,false,10,8,32082,3208,4.05,true,""
phase1,10,1800,MEDIUM,250,1.20,false,10,8,40918,3070,4.23,true,""
phase1,10,1825,LOW,250,1.20,false,10,8,31834,3290,3.95,true,""
phase1,10,1825,MEDIUM,250,1.20,false,10,8,40648,2161,6.02,true,""
phase1,10,1850,LOW,250,1.20,false,10,8,33266,3155,4.12,true,""
phase1,10,1850,MEDIUM,250,1.20,false,10,8,40335,2909,4.47,true,""
phase1,10,1875,LOW,250,1.20,false,10,8,32933,3301,3.94,true,""
phase1,10,1875,MEDIUM,250,1.20,false,10,8,39801,3157,4.12,true,""
phase1,10,1900,LOW,250,1.20,false,10,8,32386,3102,4.19,true,""
phase1,10,1900,MEDIUM,250,1.20,false,10,8,39159,3131,4.15,true,""
phase1,10,1925,LOW,250,1.20,false,10,7,34283,3116,4.17,true,""
phase1,10,1925,MEDIUM,250,1.20,false,10,7,43682,3116,4.17,true,""
phase1,10,1950,LOW,250,1.20,false,10,7,36087,2796,4.65,true,""
phase1,10,1950,MEDIUM,250,1.20,false,10,7,43699,2700,4.81,true,""
phase1,10,1975,LOW,250,1.20,false,10,7,36031,2706,4.80,true,""
phase1,10,1975,MEDIUM,250,1.20,false,10,7,43639,2814,4.62,true,""
phase1,10,2000,LOW,250,1.20,false,10,7,35977,2903,4.48,true,""
phase1,10,2000,MEDIUM,250,1.20,false,10,7,45547,2824,4.60,true,""
phase1,10,2025,LOW,250,1.20,false,10,7,35863,3114,4.17,true,""
phase1,10,2025,MEDIUM,250,1.20,false,10,7,45445,3082,4.22,true,""
phase1,10,2050,LOW,250,1.20,false,10,7,35741,3026,4.30,true,""
phase1,10,2050,MEDIUM,250,1.20,false,10,7,45274,2782,4.67,true,""
phase1,10,2075,LOW,250,1.20,false,10,7,37215,2725,4.77,true,""
phase1,10,2075,MEDIUM,250,1.20,false,10,7,45088,2896,4.49,true,""
phase1,10,2100,LOW,250,1.20,false,10,7,36999,2809,4.63,true,""
phase1,10,2100,MEDIUM,250,1.20,false,10,7,46919,2792,4.66,true,""
phase1,10,2125,LOW,250,1.20,false,10,7,36819,2695,4.82,true,""
phase1,10,2125,MEDIUM,250,1.20,false,10,7,46563,2711,4.80,true,""
phase1,10,2150,LOW,250,1.20,false,10,7,36399,2801,4.64,true,""
phase1,10,2150,MEDIUM,250,1.20,false,10,7,46101,2696,4.82,true,""
phase1,10,2175,LOW,250,1.20,false,10,7,36091,2717,4.78,true,""
phase1,10,2175,MEDIUM,250,1.20,false,10,7,45572,2840,4.58,true,""
phase1,10,2200,LOW,250,1.20,false,10,7,37837,3064,4.24,true,""
phase1,10,2200,MEDIUM,250,1.20,false,10,7,45029,2799,4.64,true,""
phase1,10,2225,LOW,250,1.20,false,10,6,39806,2836,4.58,true,""
phase1,10,2225,MEDIUM,250,1.20,false,10,6,49774,2764,4.70,true,""
phase1,10,2250,LOW,250,1.20,false,10,6,39812,2817,4.61,true,""
phase1,10,2250,MEDIUM,250,1.20,false,10,6,49757,2780,4.68,true,""
phase1,10,2275,LOW,250,1.20,false,10,6,39823,3022,4.30,true,""
phase1,10,2275,MEDIUM,250,1.20,false,10,6,49779,2770,4.69,true,""
phase1,10,2300,LOW,250,1.20,false,10,6,41657,2704,4.81,true,""
phase1,10,2300,MEDIUM,250,1.20,false,10,6,49740,2807,4.63,true,""
phase1,10,2325,LOW,250,1.20,false,10,6,41642,2918,4.46,true,""
phase1,10,2350,LOW,250,1.20,false,10,6,41532,2769,4.69,true,""
phase1,10,2375,LOW,250,1.20,false,10,6,41489,2735,4.75,true,""
phase1,10,2400,LOW,250,1.20,false,10,6,41413,2796,4.65,true,""
phase1,10,2425,LOW,250,1.20,false,10,6,43296,2776,4.68,true,""
phase1,10,2450,LOW,250,1.20,false,10,6,43114,2716,4.79,true,""
phase1,10,2475,LOW,250,1.20,false,10,6,42982,5161,2.52,true,""
phase1,10,2500,LOW,250,1.20,false,10,6,42786,2786,4.67,true,""
phase1,10,2525,LOW,250,1.20,false,10,6,42553,3213,4.05,true,""
phase1,10,2550,LOW,250,1.20,false,10,6,42275,2803,4.64,true,""
phase1,10,2575,LOW,250,1.20,false,10,6,44052,2784,4.67,true,""
phase1,10,2600,LOW,250,1.20,false,10,6,43737,2693,4.83,true,""
phase1,10,2625,LOW,250,1.20,false,10,6,43337,2921,4.45,true,""
phase1,10,2650,LOW,250,1.20,false,10,6,42894,3091,4.21,true,""
phase1,10,2675,LOW,250,1.20,false,10,5,45690,2890,4.50,true,""
phase1,10,2700,LOW,250,1.20,false,10,5,47693,2705,4.81,true,""
phase1,10,2725,LOW,250,1.20,false,10,5,47685,2706,4.80,true,""
phase1,10,2750,LOW,250,1.20,false,10,5,47683,2778,4.68,true,""
phase1,10,2775,LOW,250,1.20,false,10,5,47709,2706,4.80,true,""
phase1,10,2800,LOW,250,1.20,false,10,5,49704,2689,4.83,true,""
phase1,11,400,LOW,250,1.20,false,41,34,36126,5216,2.49,true,""
phase1,11,400,MEDIUM,250,1.20,false,41,34,43624,5078,2.56,true,""
phase1,11,400,QUARTILE,250,1.20,false,41,34,61534,5277,2.46,true,""
phase1,11,400,HIGH,250,1.20,false,41,34,76887,5080,2.56,true,""
phase1,11,425,LOW,250,1.20,false,38,32,36928,5168,2.52,true,""
phase1,11,425,MEDIUM,250,1.20,false,38,32,44194,4944,2.63,true,""
phase1,11,425,QUARTILE,250,1.20,false,38,32,57120,5150,2.52,true,""
phase1,11,425,HIGH,250,1.20,false,38,32,71338,5048,2.58,true,""
phase1,11,450,LOW,250,1.20,false,36,30,34997,4770,2.73,true,""
phase1,11,450,MEDIUM,250,1.20,false,36,30,45900,4994,2.60,true,""
phase1,11,450,QUARTILE,250,1.20,false,36,30,58660,4796,2.71,true,""
phase1,11,450,HIGH,250,1.20,false,36,30,72488,5005,2.60,true,""
phase1,11,475,LOW,250,1.20,false,34,29,36146,5046,2.58,true,""
phase1,11,475,MEDIUM,250,1.20,false,34,29,43083,4620,2.81,true,""
phase1,11,475,QUARTILE,250,1.20,false,34,29,55018,4638,2.80,true,""
phase1,11,475,HIGH,250,1.20,false,34,29,72708,5120,2.54,true,""
phase1,11,500,LOW,250,1.20,false,33,27,35219,4407,2.95,true,""
phase1,11,500,MEDIUM,250,1.20,false,33,27,45860,4765,2.73,true,""
phase1,11,500,QUARTILE,250,1.20,false,33,27,57866,4824,2.69,true,""
phase1,11,500,HIGH,250,1.20,false,33,27,70999,3883,3.35,true,""
phase1,11,525,LOW,250,1.20,false,31,26,36109,4572,2.84,true,""
phase1,11,525,MEDIUM,250,1.20,false,31,26,43043,4507,2.88,true,""
phase1,11,525,QUARTILE,250,1.20,false,31,26,58301,4366,2.98,true,""
phase1,11,525,HIGH,250,1.20,false,31,26,70902,4407,2.95,true,""
phase1,11,550,LOW,250,1.20,false,30,25,34702,4464,2.91,true,""
phase1,11,550,MEDIUM,250,1.20,false,30,25,44842,4472,2.91,true,""
phase1,11,550,QUARTILE,250,1.20,false,30,25,55929,4492,2.89,true,""
phase1,11,550,HIGH,250,1.20,false,30,25,72237,4333,3.00,true,""
phase1,11,575,LOW,250,1.20,false,28,24,32325,4530,2.87,true,""
phase1,11,575,MEDIUM,250,1.20,false,28,24,41764,4154,3.13,true,""
phase1,11,575,QUARTILE,250,1.20,false,28,24,55758,4326,3.01,true,""
phase1,11,575,HIGH,250,1.20,false,28,24,67318,4174,3.11,true,""
phase1,11,600,LOW,250,1.20,false,27,23,34157,4214,3.08,true,""
phase1,11,600,MEDIUM,250,1.20,false,27,23,40315,4327,3.00,true,""
phase1,11,600,QUARTILE,250,1.20,false,27,23,53853,3538,3.67,true,""
phase1,11,600,HIGH,250,1.20,false,27,23,68973,4146,3.14,true,""
phase1,11,625,LOW,250,1.20,false,26,22,32946,4042,3.22,true,""
phase1,11,625,MEDIUM,250,1.20,false,26,22,42077,4202,3.09,true,""
phase1,11,625,QUARTILE,250,1.20,false,26,22,55596,7593,1.71,true,""
phase1,11,625,HIGH,250,1.20,false,26,22,70811,6722,1.93,true,""
phase1,11,650,LOW,250,1.20,false,25,21,34726,4715,2.76,true,""
phase1,11,650,MEDIUM,250,1.20,false,25,21,40681,5068,2.57,true,""
phase1,11,650,QUARTILE,250,1.20,false,25,21,53668,6864,1.89,true,""
phase1,11,650,HIGH,250,1.20,false,25,21,68340,4495,2.89,true,""
phase1,11,675,LOW,250,1.20,false,24,20,33358,8103,1.60,true,""
phase1,11,675,MEDIUM,250,1.20,false,24,20,42064,5396,2.41,true,""
phase1,11,675,QUARTILE,250,1.20,false,24,20,54909,5301,2.45,true,""
phase1,11,675,HIGH,250,1.20,false,24,20,69763,6782,1.92,true,""
phase1,11,700,LOW,250,1.20,false,23,20,31563,6816,1.91,true,""
phase1,11,700,MEDIUM,250,1.20,false,23,20,39776,4346,2.99,true,""
phase1,11,700,QUARTILE,250,1.20,false,23,20,51868,7501,1.73,true,""
phase1,11,700,HIGH,250,1.20,false,23,20,69802,5225,2.49,true,""
phase1,11,725,LOW,250,1.20,false,23,19,34582,7374,1.76,true,""
phase1,11,725,MEDIUM,250,1.20,false,23,19,43230,8990,1.45,true,""
phase1,11,725,QUARTILE,250,1.20,false,23,19,55816,4226,3.08,true,""
phase1,11,725,HIGH,250,1.20,false,23,19,70473,4272,3.04,true,""
phase1,11,750,LOW,250,1.20,false,22,18,33135,4904,2.65,true,""
phase1,11,750,MEDIUM,250,1.20,false,22,18,41381,5011,2.59,true,""
phase1,11,750,QUARTILE,250,1.20,false,22,18,56695,4099,3.17,true,""
phase1,11,750,HIGH,250,1.20,false,22,18,71481,6176,2.10,true,""
phase1,11,775,LOW,250,1.20,false,21,18,31225,4058,3.20,true,""
phase1,11,775,MEDIUM,250,1.20,false,21,18,41774,3893,3.34,true,""
phase1,11,775,QUARTILE,250,1.20,false,21,18,53337,5083,2.56,true,""
phase1,11,775,HIGH,250,1.20,false,21,18,67188,7824,1.66,true,""
phase1,11,800,LOW,250,1.20,false,21,17,34228,8139,1.60,true,""
phase1,11,800,MEDIUM,250,1.20,false,21,17,42252,8101,1.60,true,""
phase1,11,800,QUARTILE,250,1.20,false,21,17,57445,5022,2.59,true,""
phase1,11,800,HIGH,250,1.20,false,21,17,71903,5270,2.47,true,""
phase1,11,825,LOW,250,1.20,false,20,17,32082,3838,3.39,true,""
phase1,11,825,MEDIUM,250,1.20,false,20,17,39686,3637,3.57,true,""
phase1,11,825,QUARTILE,250,1.20,false,20,17,53992,4185,3.11,true,""
phase1,11,825,HIGH,250,1.20,false,20,17,67457,4072,3.19,true,""
phase1,11,850,LOW,250,1.20,false,19,16,30948,3822,3.40,true,""
phase1,11,850,MEDIUM,250,1.20,false,19,16,40824,3639,3.57,true,""
phase1,11,850,QUARTILE,250,1.20,false,19,16,52022,3829,3.40,true,""
phase1,11,850,HIGH,250,1.20,false,19,16,68559,3578,3.63,true,""
phase1,11,875,LOW,250,1.20,false,19,16,33000,3850,3.38,true,""
phase1,11,875,MEDIUM,250,1.20,false,19,16,40475,3989,3.26,true,""
phase1,11,875,QUARTILE,250,1.20,false,19,16,54643,3822,3.40,true,""
phase1,11,875,HIGH,250,1.20,false,19,16,67643,5146,2.53,true,""
phase1,11,900,LOW,250,1.20,false,18,15,31597,3601,3.61,true,""
phase1,11,900,MEDIUM,250,1.20,false,18,15,38748,3560,3.65,true,""
phase1,11,900,QUARTILE,250,1.20,false,18,15,52325,3663,3.55,true,""
phase1,11,900,HIGH,250,1.20,false,18,15,68304,5032,2.58,true,""
phase1,11,925,LOW,250,1.20,false,18,15,33785,3565,3.65,true,""
phase1,11,925,MEDIUM,250,1.20,false,18,15,41072,3581,3.63,true,""
phase1,11,925,QUARTILE,250,1.20,false,18,15,55168,3656,3.56,true,""
phase1,11,925,HIGH,250,1.20,false,18,15,67884,5155,2.52,true,""
phase1,11,950,LOW,250,1.20,false,17,15,31130,3607,3.60,true,""
phase1,11,950,MEDIUM,250,1.20,false,17,15,37720,4183,3.11,true,""
phase1,11,950,QUARTILE,250,1.20,false,17,15,50527,3839,3.39,true,""
phase1,11,950,HIGH,250,1.20,false,17,15,65317,3524,3.69,true,""
phase1,11,975,LOW,250,1.20,false,17,14,31982,3757,3.46,true,""
phase1,11,975,MEDIUM,250,1.20,false,17,14,38925,3511,3.70,true,""
phase1,11,975,QUARTILE,250,1.20,false,17,14,55189,3496,3.72,true,""
phase1,11,975,HIGH,250,1.20,false,17,14,70860,3575,3.64,true,""
phase1,11,1000,LOW,250,1.20,false,17,14,33910,3523,3.69,true,""
phase1,11,1000,MEDIUM,250,1.20,false,17,14,40992,3541,3.67,true,""
phase1,11,1000,QUARTILE,250,1.20,false,17,14,54603,3511,3.70,true,""
phase1,11,1000,HIGH,250,1.20,false,17,14,70097,3280,3.96,true,""
phase1,11,1025,LOW,250,1.20,false,16,14,31224,3357,3.87,true,""
phase1,11,1025,MEDIUM,250,1.20,false,16,14,37589,3686,3.53,true,""
phase1,11,1025,QUARTILE,250,1.20,false,16,14,53203,3450,3.77,true,""
phase1,11,1025,HIGH,250,1.20,false,16,14,64365,3248,4.00,true,""
phase1,11,1050,LOW,250,1.20,false,16,13,32167,3212,4.05,true,""
phase1,11,1050,MEDIUM,250,1.20,false,16,13,38905,3360,3.87,true,""
phase1,11,1050,QUARTILE,250,1.20,false,16,13,54823,3185,4.08,true,""
phase1,11,1050,HIGH,250,1.20,false,16,13,69784,3183,4.08,true,""
phase1,11,1075,LOW,250,1.20,false,15,13,29995,3248,4.00,true,""
phase1,11,1075,MEDIUM,250,1.20,false,15,13,38423,3229,4.03,true,""
phase1,11,1075,QUARTILE,250,1.20,false,15,13,51021,3188,4.08,true,""
phase1,11,1075,HIGH,250,1.20,false,15,13,64931,3286,3.96,true,""
phase1,11,1100,LOW,250,1.20,false,15,13,31654,3213,4.05,true,""
phase1,11,1100,MEDIUM,250,1.20,false,15,13,37799,3230,4.02,true,""
phase1,11,1100,QUARTILE,250,1.20,false,15,13,50183,3521,3.69,true,""
phase1,11,1100,HIGH,250,1.20,false,15,13,66822,3138,4.14,true,""
phase1,11,1125,LOW,250,1.20,false,15,12,32293,3226,4.03,true,""
phase1,11,1125,MEDIUM,250,1.20,false,15,12,41119,3294,3.95,true,""
phase1,11,1125,QUARTILE,250,1.20,false,15,12,54174,3670,3.54,true,""
phase1,11,1125,HIGH,250,1.20,false,15,12,68513,3263,3.98,true,""
phase1,11,1150,LOW,250,1.20,false,14,12,30015,3365,3.86,true,""
phase1,11,1150,MEDIUM,250,1.20,false,14,12,38249,3088,4.21,true,""
phase1,11,1150,QUARTILE,250,1.20,false,14,12,50350,3187,4.08,true,""
phase1,11,1150,HIGH,250,1.20,false,14,12,66384,3144,4.13,true,""
phase1,11,1175,LOW,250,1.20,false,14,12,31674,4380,2.97,true,""
phase1,11,1175,MEDIUM,250,1.20,false,14,12,37873,3230,4.02,true,""
phase1,11,1175,QUARTILE,250,1.20,false,14,12,52391,3247,4.00,true,""
phase1,11,1175,HIGH,250,1.20,false,14,12,65698,3182,4.09,true,""
phase1,11,1200,LOW,250,1.20,false,14,12,31226,3329,3.91,true,""
phase1,11,1200,MEDIUM,250,1.20,false,14,12,39608,3177,4.09,true,""
phase1,11,1200,QUARTILE,250,1.20,false,14,12,51405,4499,2.89,true,""
phase1,11,1200,HIGH,250,1.20,false,14,12,64533,3183,4.08,true,""
phase1,11,1225,LOW,250,1.20,false,14,11,32076,3242,4.01,true,""
phase1,11,1225,MEDIUM,250,1.20,false,14,11,40678,3253,4.00,true,""
phase1,11,1225,QUARTILE,250,1.20,false,14,11,55764,3483,3.73,true,""
phase1,11,1225,HIGH,250,1.20,false,14,11,69642,3026,4.30,true,""
phase1,11,1250,LOW,250,1.20,false,13,11,29697,3309,3.93,true,""
phase1,11,1250,MEDIUM,250,1.20,false,13,11,37723,3142,4.14,true,""
phase1,11,1250,QUARTILE,250,1.20,false,13,11,51697,3206,4.05,true,""
phase1,11,1250,HIGH,250,1.20,false,13,11,64466,3294,3.95,true,""
phase1,11,1275,LOW,250,1.20,false,13,11,31348,3350,3.88,true,""
phase1,11,1275,MEDIUM,250,1.20,false,13,11,39715,3321,3.91,true,""
phase1,11,1275,QUARTILE,250,1.20,false,13,11,51401,3251,4.00,true,""
phase1,11,1300,LOW,250,1.20,false,13,11,31019,3353,3.88,true,""
phase1,11,1300,MEDIUM,250,1.20,false,13,11,39316,3221,4.04,true,""
phase1,11,1300,QUARTILE,250,1.20,false,13,11,53295,3302,3.94,true,""
phase1,11,1325,LOW,250,1.20,false,13,11,30575,8274,1.57,true,""
phase1,11,1325,MEDIUM,250,1.20,false,13,11,38711,3274,3.97,true,""
phase1,11,1325,QUARTILE,250,1.20,false,13,11,52389,4306,3.02,true,""
phase1,11,1350,LOW,250,1.20,false,12,10,29222,4234,3.07,true,""
phase1,11,1350,MEDIUM,250,1.20,false,12,10,36922,4137,3.14,true,""
phase1,11,1350,QUARTILE,250,1.20,false,12,10,52401,3248,4.00,true,""
phase1,11,1375,LOW,250,1.20,false,12,10,30883,3754,3.46,true,""
phase1,11,1375,MEDIUM,250,1.20,false,12,10,38973,3138,4.14,true,""
phase1,11,1375,QUARTILE,250,1.20,false,12,10,52324,3170,4.10,true,""
phase1,11,1400,LOW,250,1.20,false,12,10,30728,3254,4.00,true,""
phase1,11,1400,MEDIUM,250,1.20,false,12,10,38781,3252,4.00,true,""
phase1,11,1400,QUARTILE,250,1.20,false,12,10,52124,3301,3.94,true,""
phase1,11,1425,LOW,250,1.20,false,12,10,30521,3302,3.94,true,""
phase1,11,1425,MEDIUM,250,1.20,false,12,10,38438,3204,4.06,true,""
phase1,11,1425,QUARTILE,250,1.20,false,12,10,54066,3169,4.10,true,""
phase1,11,1450,LOW,250,1.20,false,12,10,30133,3175,4.09,true,""
phase1,11,1450,MEDIUM,250,1.20,false,12,10,40091,3270,3.98,true,""
phase1,11,1450,QUARTILE,250,1.20,false,12,10,53336,3149,4.13,true,""
phase1,11,1475,LOW,250,1.20,false,11,10,28819,3347,3.88,true,""
phase1,11,1475,MEDIUM,250,1.20,false,11,10,36072,3166,4.11,true,""
phase1,11,1475,QUARTILE,250,1.20,false,11,10,47740,3217,4.04,true,""
phase1,11,1500,LOW,250,1.20,false,11,9,30135,3030,4.29,true,""
phase1,11,1500,MEDIUM,250,1.20,false,11,9,37724,3045,4.27,true,""
phase1,11,1500,QUARTILE,250,1.20,false,11,9,52474,3167,4.10,true,""
phase1,11,1525,LOW,250,1.20,false,11,9,31937,3050,4.26,true,""
phase1,11,1525,MEDIUM,250,1.20,false,11,9,37706,3132,4.15,true,""
phase1,11,1525,QUARTILE,250,1.20,false,11,9,52406,3057,4.25,true,""
phase1,11,1550,LOW,250,1.20,false,11,9,31872,3144,4.13,true,""
phase1,11,1550,MEDIUM,250,1.20,false,11,9,39482,3064,4.24,true,""
phase1,11,1550,QUARTILE,250,1.20,false,11,9,52240,3230,4.02,true,""
phase1,11,1575,LOW,250,1.20,false,11,9,31729,3155,4.12,true,""
phase1,11,1575,MEDIUM,250,1.20,false,11,9,39239,3214,4.04,true,""
phase1,11,1575,QUARTILE,250,1.20,false,11,9,54208,3178,4.09,true,""
phase1,11,1600,LOW,250,1.20,false,11,9,31463,3235,4.02,true,""
phase1,11,1600,MEDIUM,250,1.20,false,11,9,38877,3051,4.26,true,""
phase1,11,1600,QUARTILE,250,1.20,false,11,9,53773,3111,4.18,true,""
phase1,11,1625,LOW,250,1.20,false,10,9,29913,3227,4.03,true,""
phase1,11,1625,MEDIUM,250,1.20,false,10,9,36644,3031,4.29,true,""
phase1,11,1625,QUARTILE,250,1.20,false,10,9,48163,3067,4.24,true,""
phase1,11,1650,LOW,250,1.20,false,10,9,29459,3037,4.28,true,""
phase1,11,1650,MEDIUM,250,1.20,false,10,9,36115,3195,4.07,true,""
phase1,11,1650,QUARTILE,250,1.20,false,10,9,47261,2125,6.12,true,""
phase1,11,1675,LOW,250,1.20,false,10,8,30791,3198,4.07,true,""
phase1,11,1675,MEDIUM,250,1.20,false,10,8,37943,2703,4.81,true,""
phase1,11,1700,LOW,250,1.20,false,10,8,30797,2695,4.82,true,""
phase1,11,1700,MEDIUM,250,1.20,false,10,8,37942,2737,4.75,true,""
phase1,11,1725,LOW,250,1.20,false,10,8,30743,2709,4.80,true,""
phase1,11,1725,MEDIUM,250,1.20,false,10,8,39738,2684,4.84,true,""
phase1,11,1750,LOW,250,1.20,false,10,8,32370,3190,4.08,true,""
phase1,11,1750,MEDIUM,250,1.20,false,10,8,39579,2760,4.71,true,""
phase1,11,1775,LOW,250,1.20,false,10,8,32282,3047,4.27,true,""
phase1,11,1775,MEDIUM,250,1.20,false,10,8,39420,1953,6.66,true,""
phase1,11,1800,LOW,250,1.20,false,10,8,32082,2714,4.79,true,""
phase1,11,1800,MEDIUM,250,1.20,false,10,8,40918,2710,4.80,true,""
phase1,11,1825,LOW,250,1.20,false,10,8,31834,3026,4.30,true,""
phase1,11,1825,MEDIUM,250,1.20,false,10,8,40648,2705,4.81,true,""
phase1,11,1850,LOW,250,1.20,false,10,8,33266,3170,4.10,true,""
phase1,11,1850,MEDIUM,250,1.20,false,10,8,40335,3037,4.28,true,""
phase1,11,1875,LOW,250,1.20,false,10,8,32933,2705,4.81,true,""
phase1,11,1875,MEDIUM,250,1.20,false,10,8,39801,2715,4.79,true,""
phase1,11,1900,LOW,250,1.20,false,10,8,32386,2686,4.84,true,""
phase1,11,1900,MEDIUM,250,1.20,false,10,8,39159,2697,4.82,true,""
phase1,11,1925,LOW,250,1.20,false,10,7,34283,2819,4.61,true,""
phase1,11,1925,MEDIUM,250,1.20,false,10,7,43682,2769,4.69,true,""
phase1,11,1950,LOW,250,1.20,false,10,7,36087,2748,4.73,true,""
phase1,11,1950,MEDIUM,250,1.20,false,10,7,43699,2690,4.83,true,""
phase1,11,1975,LOW,250,1.20,false,10,7,36031,2913,4.46,true,""
phase1,11,1975,MEDIUM,250,1.20,false,10,7,43639,2803,4.64,true,""
phase1,11,2000,LOW,250,1.20,false,10,7,35977,2700,4.81,true,""
phase1,11,2000,MEDIUM,250,1.20,false,10,7,45547,2739,4.75,true,""
phase1,11,2025,LOW,250,1.20,false,10,7,35863,2868,4.53,true,""
phase1,11,2025,MEDIUM,250,1.20,false,10,7,45445,2684,4.84,true,""
phase1,11,2050,LOW,250,1.20,false,10,7,35741,2813,4.62,true,""
phase1,11,2050,MEDIUM,250,1.20,false,10,7,45274,2944,4.42,true,""
phase1,11,2075,LOW,250,1.20,false,10,7,37215,2861,4.54,true,""
phase1,11,2075,MEDIUM,250,1.20,false,10,7,45088,2697,4.82,true,""
phase1,11,2100,LOW,250,1.20,false,10,7,36999,3157,4.12,true,""
phase1,11,2100,MEDIUM,250,1.20,false,10,7,46919,2749,4.73,true,""
phase1,11,2125,LOW,250,1.20,false,10,7,36819,2807,4.63,true,""
phase1,11,2125,MEDIUM,250,1.20,false,10,7,46563,5587,2.33,true,""
phase1,11,2150,LOW,250,1.20,false,10,7,36399,2789,4.66,true,""
phase1,11,2150,MEDIUM,250,1.20,false,10,7,46101,2800,4.64,true,""
phase1,11,2175,LOW,250,1.20,false,10,7,36091,2796,4.65,true,""
phase1,11,2175,MEDIUM,250,1.20,false,10,7,45572,2799,4.64,true,""
phase1,11,2200,LOW,250,1.20,false,10,7,37837,2795,4.65,true,""
phase1,11,2200,MEDIUM,250,1.20,false,10,7,45029,2700,4.81,true,""
phase1,11,2225,LOW,250,1.20,false,10,6,39806,2816,4.62,true,""
phase1,11,2225,MEDIUM,250,1.20,false,10,6,49774,2887,4.50,true,""
phase1,11,2250,LOW,250,1.20,false,10,6,39812,2834,4.59,true,""
phase1,11,2250,MEDIUM,250,1.20,false,10,6,49757,2760,4.71,true,""
phase1,11,2275,LOW,250,1.20,false,10,6,39823,2786,4.67,true,""
phase1,11,2275,MEDIUM,250,1.20,false,10,6,49779,2812,4.62,true,""
phase1,11,2300,LOW,250,1.20,false,10,6,41657,2795,4.65,true,""
phase1,11,2300,MEDIUM,250,1.20,false,10,6,49740,2791,4.66,true,""
phase1,11,2325,LOW,250,1.20,false,10,6,41642,2797,4.65,true,""
phase1,11,2350,LOW,250,1.20,false,10,6,41532,2919,4.45,true,""
phase1,11,2375,LOW,250,1.20,false,10,6,41489,2781,4.67,true,""
phase1,11,2400,LOW,250,1.20,false,10,6,41413,2853,4.56,true,""
phase1,11,2425,LOW,250,1.20,false,10,6,43296,2941,4.42,true,""
phase1,11,2450,LOW,250,1.20,false,10,6,43114,2703,4.81,true,""
phase1,11,2475,LOW,250,1.20,false,10,6,42982,2828,4.60,true,""
phase1,11,2500,LOW,250,1.20,false,10,6,42786,2788,4.66,true,""
phase1,11,2525,LOW,250,1.20,false,10,6,42553,2786,4.67,true,""
phase1,11,2550,LOW,250,1.20,false,10,6,42275,2803,4.64,true,""
phase1,11,2575,LOW,250,1.20,false,10,6,44052,2784,4.67,true,""
phase1,11,2600,LOW,250,1.20,false,10,6,43737,2816,4.62,true,""
phase1,11,2625,LOW,250,1.20,false,10,6,43337,2927,4.44,true,""
phase1,11,2650,LOW,250,1.20,false,10,6,42894,2993,4.34,true,""
phase1,11,2675,LOW,250,1.20,false,10,5,45690,2578,5.04,true,""
phase1,11,2700,LOW,250,1.20,false,10,5,47693,2709,4.80,true,""
phase1,11,2725,LOW,250,1.20,false,10,5,47685,2700,4.81,true,""
phase1,11,2750,LOW,250,1.20,false,10,5,47683,2743,4.74,true,""
phase1,11,2775,LOW,250,1.20,false,10,5,47709,2781,4.67,true,""
phase1,11,2800,LOW,250,1.20,false,10,5,49704,2699,4.82,true,""
phase1,12,400,LOW,250,1.20,false,41,34,36126,5170,2.51,true,""
phase1,12,400,MEDIUM,250,1.20,false,41,34,43624,4903,2.65,true,""
phase1,12,400,QUARTILE,250,1.20,false,41,34,61534,4893,2.66,true,""
phase1,12,400,HIGH,250,1.20,false,41,34,76887,4902,2.65,true,""
phase1,12,425,LOW,250,1.20,false,38,32,36928,4717,2.76,true,""
phase1,12,425,MEDIUM,250,1.20,false,38,32,44194,4853,2.68,true,""
phase1,12,425,QUARTILE,250,1.20,false,38,32,57120,4862,2.67,true,""
phase1,12,425,HIGH,250,1.20,false,38,32,71338,4926,2.64,true,""
phase1,12,450,LOW,250,1.20,false,36,30,34997,4909,2.65,true,""
phase1,12,450,MEDIUM,250,1.20,false,36,30,45900,4735,2.75,true,""
phase1,12,450,QUARTILE,250,1.20,false,36,30,58660,4821,2.70,true,""
phase1,12,450,HIGH,250,1.20,false,36,30,72488,4536,2.87,true,""
phase1,12,475,LOW,250,1.20,false,34,29,36146,4808,2.70,true,""
phase1,12,475,MEDIUM,250,1.20,false,34,29,43083,5683,2.29,true,""
phase1,12,475,QUARTILE,250,1.20,false,34,29,55018,3229,4.03,true,""
phase1,12,475,HIGH,250,1.20,false,34,29,72708,4385,2.96,true,""
phase1,12,500,LOW,250,1.20,false,33,27,35219,4209,3.09,true,""
phase1,12,500,MEDIUM,250,1.20,false,33,27,45860,4251,3.06,true,""
phase1,12,500,QUARTILE,250,1.20,false,33,27,57866,4678,2.78,true,""
phase1,12,500,HIGH,250,1.20,false,33,27,70999,4251,3.06,true,""
phase1,12,525,LOW,250,1.20,false,31,26,36109,4390,2.96,true,""
phase1,12,525,MEDIUM,250,1.20,false,31,26,43043,4400,2.95,true,""
phase1,12,525,QUARTILE,250,1.20,false,31,26,58301,4358,2.98,true,""
phase1,12,525,HIGH,250,1.20,false,31,26,70902,4476,2.90,true,""
phase1,12,550,LOW,250,1.20,false,30,25,34702,4217,3.08,true,""
phase1,12,550,MEDIUM,250,1.20,false,30,25,44842,4166,3.12,true,""
phase1,12,550,QUARTILE,250,1.20,false,30,25,55929,4200,3.10,true,""
phase1,12,550,HIGH,250,1.20,false,30,25,72237,4220,3.08,true,""
phase1,12,575,LOW,250,1.20,false,28,24,32325,5576,2.33,true,""
phase1,12,575,MEDIUM,250,1.20,false,28,24,41764,3132,4.15,true,""
phase1,12,575,QUARTILE,250,1.20,false,28,24,55758,2916,4.46,true,""
phase1,12,575,HIGH,250,1.20,false,28,24,67318,4283,3.04,true,""
phase1,12,600,LOW,250,1.20,false,27,23,34157,4030,3.23,true,""
phase1,12,600,MEDIUM,250,1.20,false,27,23,40315,4036,3.22,true,""
phase1,12,600,QUARTILE,250,1.20,false,27,23,53853,4205,3.09,true,""
phase1,12,600,HIGH,250,1.20,false,27,23,68973,4456,2.92,true,""
phase1,12,625,LOW,250,1.20,false,26,22,32946,4219,3.08,true,""
phase1,12,625,MEDIUM,250,1.20,false,26,22,42077,4053,3.21,true,""
phase1,12,625,QUARTILE,250,1.20,false,26,22,55596,4037,3.22,true,""
phase1,12,625,HIGH,250,1.20,false,26,22,70811,4177,3.11,true,""
phase1,12,650,LOW,250,1.20,false,25,21,34726,3968,3.28,true,""
phase1,12,650,MEDIUM,250,1.20,false,25,21,40681,4094,3.18,true,""
phase1,12,650,QUARTILE,250,1.20,false,25,21,53668,4161,3.12,true,""
phase1,12,650,HIGH,250,1.20,false,25,21,68340,4136,3.14,true,""
phase1,12,675,LOW,250,1.20,false,24,20,33358,5310,2.45,true,""
phase1,12,675,MEDIUM,250,1.20,false,24,20,42064,6076,2.14,true,""
phase1,12,675,QUARTILE,250,1.20,false,24,20,54909,4183,3.11,true,""
phase1,12,675,HIGH,250,1.20,false,24,20,69763,10597,1.23,true,""
phase1,12,700,LOW,250,1.20,false,23,20,31563,6379,2.04,true,""
phase1,12,700,MEDIUM,250,1.20,false,23,20,39776,6062,2.14,true,""
phase1,12,700,QUARTILE,250,1.20,false,23,20,51868,5395,2.41,true,""
phase1,12,700,HIGH,250,1.20,false,23,20,69802,8085,1.61,true,""
phase1,12,725,LOW,250,1.20,false,23,19,34582,5708,2.28,true,""
phase1,12,725,MEDIUM,250,1.20,false,23,19,43230,4194,3.10,true,""
phase1,12,725,QUARTILE,250,1.20,false,23,19,55816,5261,2.47,true,""
phase1,12,725,HIGH,250,1.20,false,23,19,70473,5642,2.30,true,""
phase1,12,750,LOW,250,1.20,false,22,18,33135,3674,3.54,true,""
phase1,12,750,MEDIUM,250,1.20,false,22,18,41381,3561,3.65,true,""
phase1,12,750,QUARTILE,250,1.20,false,22,18,56695,6192,2.10,true,""
phase1,12,750,HIGH,250,1.20,false,22,18,71481,9964,1.30,true,""
phase1,12,775,LOW,250,1.20,false,21,18,31225,4976,2.61,true,""
phase1,12,775,MEDIUM,250,1.20,false,21,18,41774,3541,3.67,true,""
phase1,12,775,QUARTILE,250,1.20,false,21,18,53337,5335,2.44,true,""
phase1,12,775,HIGH,250,1.20,false,21,18,67188,3607,3.60,true,""
phase1,12,800,LOW,250,1.20,false,21,17,34228,3933,3.31,true,""
phase1,12,800,MEDIUM,250,1.20,false,21,17,42252,4101,3.17,true,""
phase1,12,800,QUARTILE,250,1.20,false,21,17,57445,3939,3.30,true,""
phase1,12,800,HIGH,250,1.20,false,21,17,71903,3668,3.54,true,""
phase1,12,825,LOW,250,1.20,false,20,17,32082,4113,3.16,true,""
phase1,12,825,MEDIUM,250,1.20,false,20,17,39686,3670,3.54,true,""
phase1,12,825,QUARTILE,250,1.20,false,20,17,53992,3929,3.31,true,""
phase1,12,825,HIGH,250,1.20,false,20,17,67457,4918,2.64,true,""
phase1,12,850,LOW,250,1.20,false,19,16,30948,4021,3.23,true,""
phase1,12,850,MEDIUM,250,1.20,false,19,16,40824,3602,3.61,true,""
phase1,12,850,QUARTILE,250,1.20,false,19,16,52022,4869,2.67,true,""
phase1,12,850,HIGH,250,1.20,false,19,16,68559,3930,3.31,true,""
phase1,12,875,LOW,250,1.20,false,19,16,33000,3569,3.64,true,""
phase1,12,875,MEDIUM,250,1.20,false,19,16,40475,3649,3.56,true,""
phase1,12,875,QUARTILE,250,1.20,false,19,16,54643,3549,3.66,true,""
phase1,12,875,HIGH,250,1.20,false,19,16,67643,3610,3.60,true,""
phase1,12,900,LOW,250,1.20,false,18,15,31597,3601,3.61,true,""
phase1,12,900,MEDIUM,250,1.20,false,18,15,38748,3608,3.60,true,""
phase1,12,900,QUARTILE,250,1.20,false,18,15,52325,3610,3.60,true,""
phase1,12,900,HIGH,250,1.20,false,18,15,68304,3594,3.62,true,""
phase1,12,925,LOW,250,1.20,false,18,15,33785,3864,3.36,true,""
phase1,12,925,MEDIUM,250,1.20,false,18,15,41072,3566,3.65,true,""
phase1,12,925,QUARTILE,250,1.20,false,18,15,55168,3563,3.65,true,""
phase1,12,925,HIGH,250,1.20,false,18,15,67884,3844,3.38,true,""
phase1,12,950,LOW,250,1.20,false,17,15,31130,3641,3.57,true,""
phase1,12,950,MEDIUM,250,1.20,false,17,15,37720,3808,3.41,true,""
phase1,12,950,QUARTILE,250,1.20,false,17,15,50527,8813,1.48,true,""
phase1,12,950,HIGH,250,1.20,false,17,15,65317,4774,2.72,true,""
phase1,12,975,LOW,250,1.20,false,17,14,31982,3555,3.66,true,""
phase1,12,975,MEDIUM,250,1.20,false,17,14,38925,3173,4.10,true,""
phase1,12,975,QUARTILE,250,1.20,false,17,14,55189,3428,3.79,true,""
phase1,12,975,HIGH,250,1.20,false,17,14,70860,3181,4.09,true,""
phase1,12,1000,LOW,250,1.20,false,17,14,33910,3212,4.05,true,""
phase1,12,1000,MEDIUM,250,1.20,false,17,14,40992,3283,3.96,true,""
phase1,12,1000,QUARTILE,250,1.20,false,17,14,54603,3408,3.81,true,""
phase1,12,1000,HIGH,250,1.20,false,17,14,70097,3457,3.76,true,""
phase1,12,1025,LOW,250,1.20,false,16,14,31224,3527,3.69,true,""
phase1,12,1025,MEDIUM,250,1.20,false,16,14,37589,3532,3.68,true,""
phase1,12,1025,QUARTILE,250,1.20,false,16,14,53203,4591,2.83,true,""
phase1,12,1025,HIGH,250,1.20,false,16,14,64365,3400,3.82,true,""
phase1,12,1050,LOW,250,1.20,false,16,13,32167,3166,4.11,true,""
phase1,12,1050,MEDIUM,250,1.20,false,16,13,38905,3359,3.87,true,""
phase1,12,1050,QUARTILE,250,1.20,false,16,13,54823,3218,4.04,true,""
phase1,12,1050,HIGH,250,1.20,false,16,13,69784,3459,3.76,true,""
phase1,12,1075,LOW,250,1.20,false,15,13,29995,3323,3.91,true,""
phase1,12,1075,MEDIUM,250,1.20,false,15,13,38423,3603,3.61,true,""
phase1,12,1075,QUARTILE,250,1.20,false,15,13,51021,3274,3.97,true,""
phase1,12,1075,HIGH,250,1.20,false,15,13,64931,3182,4.09,true,""
phase1,12,1100,LOW,250,1.20,false,15,13,31654,3182,4.09,true,""
phase1,12,1100,MEDIUM,250,1.20,false,15,13,37799,3261,3.99,true,""
phase1,12,1100,QUARTILE,250,1.20,false,15,13,50183,4669,2.78,true,""
phase1,12,1100,HIGH,250,1.20,false,15,13,66822,3261,3.99,true,""
phase1,12,1125,LOW,250,1.20,false,15,12,32293,3252,4.00,true,""
phase1,12,1125,MEDIUM,250,1.20,false,15,12,41119,3508,3.71,true,""
phase1,12,1125,QUARTILE,250,1.20,false,15,12,54174,3294,3.95,true,""
phase1,12,1125,HIGH,250,1.20,false,15,12,68513,3178,4.09,true,""
phase1,12,1150,LOW,250,1.20,false,14,12,30015,3216,4.04,true,""
phase1,12,1150,MEDIUM,250,1.20,false,14,12,38249,3230,4.02,true,""
phase1,12,1150,QUARTILE,250,1.20,false,14,12,50350,3187,4.08,true,""
phase1,12,1150,HIGH,250,1.20,false,14,12,66384,3188,4.08,true,""
phase1,12,1175,LOW,250,1.20,false,14,12,31674,3228,4.03,true,""
phase1,12,1175,MEDIUM,250,1.20,false,14,12,37873,10919,1.19,true,""
phase1,12,1175,QUARTILE,250,1.20,false,14,12,52391,117,111.11,true,""
phase1,12,1175,HIGH,250,1.20,false,14,12,65698,13508,0.96,true,""
phase1,12,1200,LOW,250,1.20,false,14,12,31226,4100,3.17,true,""
phase1,12,1200,MEDIUM,250,1.20,false,14,12,39608,3276,3.97,true,""
phase1,12,1200,QUARTILE,250,1.20,false,14,12,51405,3272,3.97,true,""
phase1,12,1200,HIGH,250,1.20,false,14,12,64533,3447,3.77,true,""
phase1,12,1225,LOW,250,1.20,false,14,11,32076,3266,3.98,true,""
phase1,12,1225,MEDIUM,250,1.20,false,14,11,40678,3169,4.10,true,""
phase1,12,1225,QUARTILE,250,1.20,false,14,11,55764,3215,4.04,true,""
phase1,12,1225,HIGH,250,1.20,false,14,11,69642,3147,4.13,true,""
phase1,12,1250,LOW,250,1.20,false,13,11,29697,3151,4.13,true,""
phase1,12,1250,MEDIUM,250,1.20,false,13,11,37723,3159,4.12,true,""
phase1,12,1250,QUARTILE,250,1.20,false,13,11,51697,3187,4.08,true,""
phase1,12,1250,HIGH,250,1.20,false,13,11,64466,3099,4.19,true,""
phase1,12,1275,LOW,250,1.20,false,13,11,31348,3187,4.08,true,""
phase1,12,1275,MEDIUM,250,1.20,false,13,11,39715,3217,4.04,true,""
phase1,12,1275,QUARTILE,250,1.20,false,13,11,51401,3152,4.12,true,""
phase1,12,1300,LOW,250,1.20,false,13,11,31019,3171,4.10,true,""
phase1,12,1300,MEDIUM,250,1.20,false,13,11,39316,3151,4.13,true,""
phase1,12,1300,QUARTILE,250,1.20,false,13,11,53295,3278,3.97,true,""
phase1,12,1325,LOW,250,1.20,false,13,11,30575,3124,4.16,true,""
phase1,12,1325,MEDIUM,250,1.20,false,13,11,38711,3214,4.04,true,""
phase1,12,1325,QUARTILE,250,1.20,false,13,11,52389,3248,4.00,true,""
phase1,12,1350,LOW,250,1.20,false,12,10,29222,3225,4.03,true,""
phase1,12,1350,MEDIUM,250,1.20,false,12,10,36922,3124,4.16,true,""
phase1,12,1350,QUARTILE,250,1.20,false,12,10,52401,3067,4.24,true,""
phase1,12,1375,LOW,250,1.20,false,12,10,30883,3277,3.97,true,""
phase1,12,1375,MEDIUM,250,1.20,false,12,10,38973,3194,4.07,true,""
phase1,12,1375,QUARTILE,250,1.20,false,12,10,52324,2306,5.64,true,""
phase1,12,1400,LOW,250,1.20,false,12,10,30728,3274,3.97,true,""
phase1,12,1400,MEDIUM,250,1.20,false,12,10,38781,3080,4.22,true,""
phase1,12,1400,QUARTILE,250,1.20,false,12,10,52124,3151,4.13,true,""
phase1,12,1425,LOW,250,1.20,false,12,10,30521,3064,4.24,true,""
phase1,12,1425,MEDIUM,250,1.20,false,12,10,38438,3139,4.14,true,""
phase1,12,1425,QUARTILE,250,1.20,false,12,10,54066,3288,3.95,true,""
phase1,12,1450,LOW,250,1.20,false,12,10,30133,2233,5.82,true,""
phase1,12,1450,MEDIUM,250,1.20,false,12,10,40091,3123,4.16,true,""
phase1,12,1450,QUARTILE,250,1.20,false,12,10,53336,3071,4.23,true,""
phase1,12,1475,LOW,250,1.20,false,11,10,28819,3274,3.97,true,""
phase1,12,1475,MEDIUM,250,1.20,false,11,10,36072,3043,4.27,true,""
phase1,12,1475,QUARTILE,250,1.20,false,11,10,47740,3127,4.16,true,""
phase1,12,1500,LOW,250,1.20,false,11,9,30135,2685,4.84,true,""
phase1,12,1500,MEDIUM,250,1.20,false,11,9,37724,3211,4.05,true,""
phase1,12,1500,QUARTILE,250,1.20,false,11,9,52474,3075,4.23,true,""
phase1,12,1525,LOW,250,1.20,false,11,9,31937,3009,4.32,true,""
phase1,12,1525,MEDIUM,250,1.20,false,11,9,37706,2684,4.84,true,""
phase1,12,1525,QUARTILE,250,1.20,false,11,9,52406,3148,4.13,true,""
phase1,12,1550,LOW,250,1.20,false,11,9,31872,3131,4.15,true,""
phase1,12,1550,MEDIUM,250,1.20,false,11,9,39482,3061,4.25,true,""
phase1,12,1550,QUARTILE,250,1.20,false,11,9,52240,3059,4.25,true,""
phase1,12,1575,LOW,250,1.20,false,11,9,31729,2383,5.46,true,""
phase1,12,1575,MEDIUM,250,1.20,false,11,9,39239,3076,4.23,true,""
phase1,12,1575,QUARTILE,250,1.20,false,11,9,54208,2970,4.38,true,""
phase1,12,1600,LOW,250,1.20,false,11,9,31463,3067,4.24,true,""
phase1,12,1600,MEDIUM,250,1.20,false,11,9,38877,2764,4.70,true,""
phase1,12,1600,QUARTILE,250,1.20,false,11,9,53773,2972,4.37,true,""
phase1,12,1625,LOW,250,1.20,false,10,9,29913,2755,4.72,true,""
phase1,12,1625,MEDIUM,250,1.20,false,10,9,36644,3084,4.22,true,""
phase1,12,1625,QUARTILE,250,1.20,false,10,9,48212,1610,8.07,true,""
phase1,12,1650,LOW,250,1.20,false,10,9,29501,3227,4.03,true,""
phase1,12,1650,MEDIUM,250,1.20,false,10,9,36150,3705,3.51,true,""
phase1,12,1650,QUARTILE,250,1.20,false,10,9,47281,2105,6.18,true,""
phase1,12,1675,LOW,250,1.20,false,10,8,30792,2674,4.86,true,""
phase1,12,1675,MEDIUM,250,1.20,false,10,8,37974,4218,3.08,true,""
phase1,12,1700,LOW,250,1.20,false,10,8,30785,2704,4.81,true,""
phase1,12,1700,MEDIUM,250,1.20,false,10,8,37926,2701,4.81,true,""
phase1,12,1725,LOW,250,1.20,false,10,8,30772,2693,4.83,true,""
phase1,12,1725,MEDIUM,250,1.20,false,10,8,39773,3157,4.12,true,""
phase1,12,1750,LOW,250,1.20,false,10,8,32379,2113,6.15,true,""
phase1,12,1750,MEDIUM,250,1.20,false,10,8,39587,2712,4.79,true,""
phase1,12,1775,LOW,250,1.20,false,10,8,32276,2725,4.77,true,""
phase1,12,1775,MEDIUM,250,1.20,false,10,8,39423,2080,6.25,true,""
phase1,12,1800,LOW,250,1.20,false,10,8,32112,2903,4.48,true,""
phase1,12,1800,MEDIUM,250,1.20,false,10,8,40904,2888,4.50,true,""
phase1,12,1825,LOW,250,1.20,false,10,8,31854,2694,4.83,true,""
phase1,12,1825,MEDIUM,250,1.20,false,10,8,40682,2941,4.42,true,""
phase1,12,1850,LOW,250,1.20,false,10,8,33277,2717,4.78,true,""
phase1,12,1850,MEDIUM,250,1.20,false,10,8,40355,3058,4.25,true,""
phase1,12,1875,LOW,250,1.20,false,10,8,32948,2691,4.83,true,""
phase1,12,1875,MEDIUM,250,1.20,false,10,8,39843,3339,3.89,true,""
phase1,12,1900,LOW,250,1.20,false,10,8,32373,4019,3.23,true,""
phase1,12,1900,MEDIUM,250,1.20,false,10,8,39178,1489,8.73,true,""
phase1,12,1925,LOW,250,1.20,false,10,7,34332,3591,3.62,true,""
phase1,12,1925,MEDIUM,250,1.20,false,10,7,43719,1754,7.41,true,""
phase1,12,1950,LOW,250,1.20,false,10,7,36120,1591,8.17,true,""
phase1,12,1950,MEDIUM,250,1.20,false,10,7,43689,7557,1.72,true,""
phase1,12,1975,LOW,250,1.20,false,10,7,36067,2850,4.56,true,""
phase1,12,1975,MEDIUM,250,1.20,false,10,7,43610,2761,4.71,true,""
phase1,12,2000,LOW,250,1.20,false,10,7,35977,2811,4.62,true,""
phase1,12,2000,MEDIUM,250,1.20,false,10,7,45569,2864,4.54,true,""
phase1,12,2025,LOW,250,1.20,false,10,7,35840,2720,4.78,true,""
phase1,12,2025,MEDIUM,250,1.20,false,10,7,45456,2779,4.68,true,""
phase1,12,2050,LOW,250,1.20,false,10,7,35760,3094,4.20,true,""
phase1,12,2050,MEDIUM,250,1.20,false,10,7,45272,2818,4.61,true,""
phase1,12,2075,LOW,250,1.20,false,10,7,37199,2800,4.64,true,""
phase1,12,2075,MEDIUM,250,1.20,false,10,7,45083,2784,4.67,true,""
phase1,12,2100,LOW,250,1.20,false,10,7,37009,3022,4.30,true,""
phase1,12,2100,MEDIUM,250,1.20,false,10,7,46890,1834,7.09,true,""
phase1,12,2125,LOW,250,1.20,false,10,7,36778,3044,4.27,true,""
phase1,12,2125,MEDIUM,250,1.20,false,10,7,46598,2764,4.70,true,""
phase1,12,2150,LOW,250,1.20,false,10,7,36434,2896,4.49,true,""
phase1,12,2150,MEDIUM,250,1.20,false,10,7,46160,2887,4.50,true,""
phase1,12,2175,LOW,250,1.20,false,10,7,36139,3213,4.05,true,""
phase1,12,2175,MEDIUM,250,1.20,false,10,7,45596,3115,4.17,true,""
phase1,12,2200,LOW,250,1.20,false,10,7,37847,3178,4.09,true,""
phase1,12,2200,MEDIUM,250,1.20,false,10,7,44970,2877,4.52,true,""
phase1,12,2225,LOW,250,1.20,false,10,6,39837,2793,4.65,true,""
phase1,12,2225,MEDIUM,250,1.20,false,10,6,49735,2677,4.86,true,""
phase1,12,2250,LOW,250,1.20,false,10,6,39826,2792,4.66,true,""
phase1,12,2250,MEDIUM,250,1.20,false,10,6,49785,2663,4.88,true,""
phase1,12,2275,LOW,250,1.20,false,10,6,39828,2752,4.72,true,""
phase1,12,2275,MEDIUM,250,1.20,false,10,6,49748,2867,4.53,true,""
phase1,12,2300,LOW,250,1.20,false,10,6,41631,2763,4.71,true,""
phase1,12,2325,LOW,250,1.20,false,10,6,41647,1270,10.24,true,""
phase1,12,2350,LOW,250,1.20,false,10,6,41584,2795,4.65,true,""
phase1,12,2375,LOW,250,1.20,false,10,6,41512,2778,4.68,true,""
phase1,12,2400,LOW,250,1.20,false,10,6,41406,2808,4.63,true,""
phase1,12,2425,LOW,250,1.20,false,10,6,43314,2670,4.87,true,""
phase1,12,2450,LOW,250,1.20,false,10,6,43119,2698,4.82,true,""
phase1,12,2475,LOW,250,1.20,false,10,6,42985,2797,4.65,true,""
phase1,12,2500,LOW,250,1.20,false,10,6,42823,2763,4.71,true,""
phase1,12,2525,LOW,250,1.20,false,10,6,42613,2782,4.67,true,""
phase1,12,2550,LOW,250,1.20,false,10,6,42254,2702,4.81,true,""
phase1,12,2575,LOW,250,1.20,false,10,6,44054,2794,4.65,true,""
phase1,12,2600,LOW,250,1.20,false,10,6,43774,2795,4.65,true,""
phase1,12,2625,LOW,250,1.20,false,10,6,43367,2931,4.44,true,""
phase1,12,2650,LOW,250,1.20,false,10,6,42941,2832,4.59,true,""
phase1,12,2675,LOW,250,1.20,false,10,5,45683,2833,4.59,true,""
phase1,12,2700,LOW,250,1.20,false,10,5,47706,2735,4.75,true,""
phase1,12,2725,LOW,250,1.20,false,10,5,47701,2681,4.85,true,""
phase1,12,2750,LOW,250,1.20,false,10,5,47696,2682,4.85,true,""
phase1,12,2775,LOW,250,1.20,false,10,5,47688,2511,5.18,true,""
phase1,12,2800,LOW,250,1.20,false,10,5,49731,29024,0.45,true,""
phase1,13,400,LOW,250,1.20,false,41,34,36082,4971,2.62,true,""
phase1,13,400,MEDIUM,250,1.20,false,41,34,43642,9287,1.40,true,""
phase1,13,400,QUARTILE,250,1.20,false,41,34,61583,4986,2.61,true,""
phase1,13,400,HIGH,250,1.20,false,41,34,76955,5289,2.46,true,""
phase1,13,425,LOW,250,1.20,false,38,32,36939,4739,2.74,true,""
phase1,13,425,MEDIUM,250,1.20,false,38,32,44199,4945,2.63,true,""
phase1,13,425,QUARTILE,250,1.20,false,38,32,57080,4597,2.83,true,""
phase1,13,425,HIGH,250,1.20,false,38,32,71350,4805,2.71,true,""
phase1,13,450,LOW,250,1.20,false,36,30,35056,4449,2.92,true,""
phase1,13,450,MEDIUM,250,1.20,false,36,30,45865,4315,3.01,true,""
phase1,13,450,QUARTILE,250,1.20,false,36,30,58668,4258,3.05,true,""
phase1,13,450,HIGH,250,1.20,false,36,30,72524,4878,2.67,true,""
phase1,13,475,LOW,250,1.20,false,34,29,36149,4553,2.86,true,""
phase1,13,475,MEDIUM,250,1.20,false,34,29,43132,4155,3.13,true,""
phase1,13,475,QUARTILE,250,1.20,false,34,29,55036,4172,3.12,true,""
phase1,13,475,HIGH,250,1.20,false,34,29,72748,4578,2.84,true,""
phase1,13,500,LOW,250,1.20,false,33,27,35237,4287,3.03,true,""
phase1,13,500,MEDIUM,250,1.20,false,33,27,45887,4154,3.13,true,""
phase1,13,500,QUARTILE,250,1.20,false,33,27,57848,4004,3.25,true,""
phase1,13,500,HIGH,250,1.20,false,33,27,70965,4355,2.99,true,""
phase1,13,525,LOW,250,1.20,false,31,26,36090,4381,2.97,true,""
phase1,13,525,MEDIUM,250,1.20,false,31,26,43046,4072,3.19,true,""
phase1,13,525,QUARTILE,250,1.20,false,31,26,58341,4055,3.21,true,""
phase1,13,525,HIGH,250,1.20,false,31,26,70921,3994,3.25,true,""
phase1,13,550,LOW,250,1.20,false,30,25,34673,4411,2.95,true,""
phase1,13,550,MEDIUM,250,1.20,false,30,25,44840,4348,2.99,true,""
phase1,13,550,QUARTILE,250,1.20,false,30,25,55950,4041,3.22,true,""
phase1,13,550,HIGH,250,1.20,false,30,25,72211,4520,2.88,true,""
phase1,13,575,LOW,250,1.20,false,28,24,32296,4486,2.90,true,""
phase1,13,575,MEDIUM,250,1.20,false,28,24,41743,3958,3.28,true,""
phase1,13,575,QUARTILE,250,1.20,false,28,24,55749,4004,3.25,true,""
phase1,13,575,HIGH,250,1.20,false,28,24,67343,3891,3.34,true,""
phase1,13,600,LOW,250,1.20,false,27,23,34165,4038,3.22,true,""
phase1,13,600,MEDIUM,250,1.20,false,27,23,40371,4200,3.10,true,""
phase1,13,600,QUARTILE,250,1.20,false,27,23,53861,3946,3.29,true,""
phase1,13,600,HIGH,250,1.20,false,27,23,68971,4101,3.17,true,""
phase1,13,625,LOW,250,1.20,false,26,22,32960,3875,3.35,true,""
phase1,13,625,MEDIUM,250,1.20,false,26,22,42113,3945,3.30,true,""
phase1,13,625,QUARTILE,250,1.20,false,26,22,55638,3987,3.26,true,""
phase1,13,625,HIGH,250,1.20,false,26,22,70842,4189,3.10,true,""
phase1,13,650,LOW,250,1.20,false,25,21,34694,3852,3.37,true,""
phase1,13,650,MEDIUM,250,1.20,false,25,21,40669,3623,3.59,true,""
phase1,13,650,QUARTILE,250,1.20,false,25,21,53670,3583,3.63,true,""
phase1,13,650,HIGH,250,1.20,false,25,21,68324,3896,3.34,true,""
phase1,13,675,LOW,250,1.20,false,24,20,33330,3977,3.27,true,""
phase1,13,675,MEDIUM,250,1.20,false,24,20,42098,4102,3.17,true,""
phase1,13,675,QUARTILE,250,1.20,false,24,20,54919,3886,3.35,true,""
phase1,13,675,HIGH,250,1.20,false,24,20,69748,3529,3.68,true,""
phase1,13,700,LOW,250,1.20,false,23,20,31573,3874,3.36,true,""
phase1,13,700,MEDIUM,250,1.20,false,23,20,39812,3492,3.72,true,""
phase1,13,700,QUARTILE,250,1.20,false,23,20,51881,3503,3.71,true,""
phase1,13,700,HIGH,250,1.20,false,23,20,69779,3491,3.72,true,""
phase1,13,725,LOW,250,1.20,false,23,19,34595,3583,3.63,true,""
phase1,13,725,MEDIUM,250,1.20,false,23,19,43217,3434,3.79,true,""
phase1,13,725,QUARTILE,250,1.20,false,23,19,55811,3698,3.52,true,""
phase1,13,725,HIGH,250,1.20,false,23,19,70504,3909,3.33,true,""
phase1,13,750,LOW,250,1.20,false,22,18,33109,3878,3.35,true,""
phase1,13,750,MEDIUM,250,1.20,false,22,18,41363,4200,3.10,true,""
phase1,13,750,QUARTILE,250,1.20,false,22,18,56711,2404,5.41,true,""
phase1,13,750,HIGH,250,1.20,false,22,18,71451,3773,3.45,true,""
phase1,13,775,LOW,250,1.20,false,21,18,31254,3861,3.37,true,""
phase1,13,775,MEDIUM,250,1.20,false,21,18,41774,2618,4.97,true,""
phase1,13,775,QUARTILE,250,1.20,false,21,18,53350,3774,3.44,true,""
phase1,13,775,HIGH,250,1.20,false,21,18,67212,2525,5.15,true,""
phase1,13,800,LOW,250,1.20,false,21,17,34224,3537,3.68,true,""
phase1,13,800,MEDIUM,250,1.20,false,21,17,42271,3763,3.45,true,""
phase1,13,800,QUARTILE,250,1.20,false,21,17,57474,3484,3.73,true,""
phase1,13,800,HIGH,250,1.20,false,21,17,71890,3413,3.81,true,""
phase1,13,825,LOW,250,1.20,false,20,17,32039,3446,3.77,true,""
phase1,13,825,MEDIUM,250,1.20,false,20,17,39681,3713,3.50,true,""
phase1,13,825,QUARTILE,250,1.20,false,20,17,54006,3433,3.79,true,""
phase1,13,825,HIGH,250,1.20,false,20,17,67434,3192,4.07,true,""
phase1,13,850,LOW,250,1.20,false,19,16,30956,3672,3.54,true,""
phase1,13,850,MEDIUM,250,1.20,false,19,16,40874,3205,4.06,true,""
phase1,13,850,QUARTILE,250,1.20,false,19,16,52005,4540,2.86,true,""
phase1,13,850,HIGH,250,1.20,false,19,16,68533,3397,3.83,true,""
phase1,13,875,LOW,250,1.20,false,19,16,33059,3226,4.03,true,""
phase1,13,875,MEDIUM,250,1.20,false,19,16,40491,3808,3.41,true,""
phase1,13,875,QUARTILE,250,1.20,false,19,16,54701,6347,2.05,true,""
phase1,13,875,HIGH,250,1.20,false,19,16,67740,2670,4.87,true,""
phase1,13,900,LOW,250,1.20,false,18,15,31594,3347,3.88,true,""
phase1,13,900,MEDIUM,250,1.20,false,18,15,38728,3479,3.74,true,""
phase1,13,900,QUARTILE,250,1.20,false,18,15,52262,3040,4.28,true,""
phase1,13,900,HIGH,250,1.20,false,18,15,68256,3358,3.87,true,""
phase1,13,925,LOW,250,1.20,false,18,15,33805,2977,4.37,true,""
phase1,13,925,MEDIUM,250,1.20,false,18,15,41098,2777,4.68,true,""
phase1,13,925,QUARTILE,250,1.20,false,18,15,55186,2371,5.48,true,""
phase1,13,925,HIGH,250,1.20,false,18,15,67892,3282,3.96,true,""
phase1,13,950,LOW,250,1.20,false,17,15,31101,4588,2.83,true,""
phase1,13,950,MEDIUM,250,1.20,false,17,15,37705,1928,6.74,true,""
phase1,13,950,QUARTILE,250,1.20,false,17,15,50527,5159,2.52,true,""
phase1,13,950,HIGH,250,1.20,false,17,15,65287,1794,7.25,true,""
phase1,13,975,LOW,250,1.20,false,17,14,31975,2675,4.86,true,""
phase1,13,975,MEDIUM,250,1.20,false,17,14,38898,2567,5.06,true,""
phase1,13,975,QUARTILE,250,1.20,false,17,14,55194,3048,4.27,true,""
phase1,13,975,HIGH,250,1.20,false,17,14,70840,3046,4.27,true,""
phase1,13,1000,LOW,250,1.20,false,17,14,33889,2575,5.05,true,""
phase1,13,1000,MEDIUM,250,1.20,false,17,14,41010,2577,5.04,true,""
phase1,13,1000,QUARTILE,250,1.20,false,17,14,54655,3081,4.22,true,""
phase1,13,1000,HIGH,250,1.20,false,17,14,70097,2980,4.36,true,""
phase1,13,1025,LOW,250,1.20,false,16,14,31215,2412,5.39,true,""
phase1,13,1025,MEDIUM,250,1.20,false,16,14,37616,3182,4.09,true,""
phase1,13,1025,QUARTILE,250,1.20,false,16,14,53200,3291,3.95,true,""
phase1,13,1025,HIGH,250,1.20,false,16,14,64340,3190,4.08,true,""
phase1,13,1050,LOW,250,1.20,false,16,13,32195,2937,4.43,true,""
phase1,13,1050,MEDIUM,250,1.20,false,16,13,38917,2295,5.66,true,""
phase1,13,1050,QUARTILE,250,1.20,false,16,13,54826,3246,4.00,true,""
phase1,13,1050,HIGH,250,1.20,false,16,13,69819,2476,5.25,true,""
phase1,13,1075,LOW,250,1.20,false,15,13,29998,2957,4.40,true,""
phase1,13,1075,MEDIUM,250,1.20,false,15,13,38402,2413,5.39,true,""
phase1,13,1075,QUARTILE,250,1.20,false,15,13,50985,2411,5.39,true,""
phase1,13,1075,HIGH,250,1.20,false,15,13,64969,2424,5.36,true,""
phase1,13,1100,LOW,250,1.20,false,15,13,31689,2961,4.39,true,""
phase1,13,1100,MEDIUM,250,1.20,false,15,13,37830,2885,4.51,true,""
phase1,13,1100,QUARTILE,250,1.20,false,15,13,50240,2561,5.08,true,""
phase1,13,1100,HIGH,250,1.20,false,15,13,66805,4053,3.21,true,""
phase1,13,1125,LOW,250,1.20,false,15,12,32239,1505,8.64,true,""
phase1,13,1125,MEDIUM,250,1.20,false,15,12,41104,2496,5.21,true,""
phase1,13,1125,QUARTILE,250,1.20,false,15,12,54140,2442,5.32,true,""
phase1,13,1125,HIGH,250,1.20,false,15,12,68491,2828,4.60,true,""
phase1,13,1150,LOW,250,1.20,false,14,12,30034,2330,5.58,true,""
phase1,13,1150,MEDIUM,250,1.20,false,14,12,38214,4025,3.23,true,""
phase1,13,1150,QUARTILE,250,1.20,false,14,12,50332,2232,5.82,true,""
phase1,13,1150,HIGH,250,1.20,false,14,12,66376,3127,4.16,true,""
phase1,13,1175,LOW,250,1.20,false,14,12,31719,2119,6.13,true,""
phase1,13,1175,MEDIUM,250,1.20,false,14,12,37887,2417,5.38,true,""
phase1,13,1175,QUARTILE,250,1.20,false,14,12,52366,2463,5.28,true,""
phase1,13,1175,HIGH,250,1.20,false,14,12,65691,3337,3.90,true,""
phase1,13,1200,LOW,250,1.20,false,14,12,31224,2822,4.61,true,""
phase1,13,1200,MEDIUM,250,1.20,false,14,12,39591,2415,5.38,true,""
phase1,13,1200,QUARTILE,250,1.20,false,14,12,51430,2963,4.39,true,""
phase1,13,1200,HIGH,250,1.20,false,14,12,64549,3751,3.47,true,""
phase1,13,1225,LOW,250,1.20,false,14,11,32079,2788,4.66,true,""
phase1,13,1225,MEDIUM,250,1.20,false,14,11,40702,3171,4.10,true,""
phase1,13,1225,QUARTILE,250,1.20,false,14,11,55751,3907,3.33,true,""
phase1,13,1225,HIGH,250,1.20,false,14,11,69660,2152,6.04,true,""
phase1,13,1250,LOW,250,1.20,false,13,11,29751,2977,4.37,true,""
phase1,13,1250,MEDIUM,250,1.20,false,13,11,37735,3342,3.89,true,""
phase1,13,1250,QUARTILE,250,1.20,false,13,11,51703,1642,7.92,true,""
phase1,13,1250,HIGH,250,1.20,false,13,11,64468,2235,5.82,true,""
phase1,13,1275,LOW,250,1.20,false,13,11,31376,2123,6.12,true,""
phase1,13,1275,MEDIUM,250,1.20,false,13,11,39748,3257,3.99,true,""
phase1,13,1275,QUARTILE,250,1.20,false,13,11,51388,3505,3.71,true,""
phase1,13,1300,LOW,250,1.20,false,13,11,31024,2953,4.40,true,""
phase1,13,1300,MEDIUM,250,1.20,false,13,11,39345,2849,4.56,true,""
phase1,13,1300,QUARTILE,250,1.20,false,13,11,53298,2353,5.52,true,""
phase1,13,1325,LOW,250,1.20,false,13,11,30572,3035,4.28,true,""
phase1,13,1325,MEDIUM,250,1.20,false,13,11,38725,2629,4.94,true,""
phase1,13,1325,QUARTILE,250,1.20,false,13,11,52380,2042,6.37,true,""
phase1,13,1350,LOW,250,1.20,false,12,10,29204,3210,4.05,true,""
phase1,13,1350,MEDIUM,250,1.20,false,12,10,36935,2711,4.80,true,""
phase1,13,1350,QUARTILE,250,1.20,false,12,10,52434,2823,4.61,true,""
phase1,13,1375,LOW,250,1.20,false,12,10,30905,4034,3.22,true,""
phase1,13,1375,MEDIUM,250,1.20,false,12,10,38960,1567,8.30,true,""
phase1,13,1375,QUARTILE,250,1.20,false,12,10,52327,4933,2.64,true,""
phase1,13,1400,LOW,250,1.20,false,12,10,30788,2247,5.79,true,""
phase1,13,1400,MEDIUM,250,1.20,false,12,10,38777,3251,4.00,true,""
phase1,13,1400,QUARTILE,250,1.20,false,12,10,52086,2062,6.30,true,""
phase1,13,1425,LOW,250,1.20,false,12,10,30518,3113,4.18,true,""
phase1,13,1425,MEDIUM,250,1.20,false,12,10,38453,3198,4.07,true,""
phase1,13,1425,QUARTILE,250,1.20,false,12,10,54052,2335,5.57,true,""
phase1,13,1450,LOW,250,1.20,false,12,10,30183,2902,4.48,true,""
phase1,13,1450,MEDIUM,250,1.20,false,12,10,40115,2110,6.16,true,""
phase1,13,1450,QUARTILE,250,1.20,false,12,10,53405,2828,4.60,true,""
phase1,13,1475,LOW,250,1.20,false,11,10,28827,2930,4.44,true,""
phase1,13,1475,MEDIUM,250,1.20,false,11,10,36047,2254,5.77,true,""
phase1,13,1475,QUARTILE,250,1.20,false,11,10,47713,2722,4.78,true,""
phase1,13,1500,LOW,250,1.20,false,11,9,30146,2112,6.16,true,""
phase1,13,1500,MEDIUM,250,1.20,false,11,9,37747,2139,6.08,true,""
phase1,13,1500,QUARTILE,250,1.20,false,11,9,52466,4280,3.04,true,""
phase1,13,1525,LOW,250,1.20,false,11,9,31978,1471,8.84,true,""
phase1,13,1525,MEDIUM,250,1.20,false,11,9,37696,2737,4.75,true,""
phase1,13,1525,QUARTILE,250,1.20,false,11,9,52447,2758,4.71,true,""
phase1,13,1550,LOW,250,1.20,false,11,9,31894,3405,3.82,true,""
phase1,13,1550,MEDIUM,250,1.20,false,11,9,39511,1473,8.83,true,""
phase1,13,1550,QUARTILE,250,1.20,false,11,9,52229,2020,6.44,true,""
phase1,13,1575,LOW,250,1.20,false,11,9,31716,2097,6.20,true,""
phase1,13,1575,MEDIUM,250,1.20,false,11,9,39234,2517,5.16,true,""
phase1,13,1575,QUARTILE,250,1.20,false,11,9,54202,1945,6.68,true,""
phase1,13,1600,LOW,250,1.20,false,11,9,31445,3721,3.49,true,""
phase1,13,1600,MEDIUM,250,1.20,false,11,9,38917,1291,10.07,true,""
phase1,13,1600,QUARTILE,250,1.20,false,11,9,53725,2481,5.24,true,""
phase1,13,1625,LOW,250,1.20,false,10,9,29967,1893,6.87,true,""
phase1,13,1625,MEDIUM,250,1.20,false,10,9,36689,2713,4.79,true,""
phase1,13,1625,QUARTILE,250,1.20,false,10,9,48212,3694,3.52,true,""
phase1,13,1650,LOW,250,1.20,false,10,9,29501,2628,4.95,true,""
phase1,13,1650,MEDIUM,250,1.20,false,10,9,36150,2608,4.98,true,""
phase1,13,1650,QUARTILE,250,1.20,false,10,9,47281,2103,6.18,true,""
phase1,13,1675,LOW,250,1.20,false,10,8,30792,2225,5.84,true,""
phase1,13,1675,MEDIUM,250,1.20,false,10,8,37974,3318,3.92,true,""
phase1,13,1700,LOW,250,1.20,false,10,8,30785,2713,4.79,true,""
phase1,13,1700,MEDIUM,250,1.20,false,10,8,37926,1834,7.09,true,""
phase1,13,1725,LOW,250,1.20,false,10,8,30772,2658,4.89,true,""
phase1,13,1725,MEDIUM,250,1.20,false,10,8,39773,2491,5.22,true,""
phase1,13,1750,LOW,250,1.20,false,10,8,32379,2129,6.11,true,""
phase1,13,1750,MEDIUM,250,1.20,false,10,8,39587,2457,5.29,true,""
phase1,13,1775,LOW,250,1.20,false,10,8,32276,2846,4.57,true,""
phase1,13,1775,MEDIUM,250,1.20,false,10,8,39423,3831,3.39,true,""
phase1,13,1800,LOW,250,1.20,false,10,8,32112,2711,4.80,true,""
phase1,13,1800,MEDIUM,250,1.20,false,10,8,40904,2895,4.49,true,""
phase1,13,1825,LOW,250,1.20,false,10,8,31854,2056,6.32,true,""
phase1,13,1825,MEDIUM,250,1.20,false,10,8,40682,2823,4.61,true,""
phase1,13,1850,LOW,250,1.20,false,10,8,33277,2574,5.05,true,""
phase1,13,1850,MEDIUM,250,1.20,false,10,8,40355,2084,6.24,true,""
phase1,13,1875,LOW,250,1.20,false,10,8,32948,3189,4.08,true,""
phase1,13,1875,MEDIUM,250,1.20,false,10,8,39843,1789,7.27,true,""
phase1,13,1900,LOW,250,1.20,false,10,8,32373,2904,4.48,true,""
phase1,13,1900,MEDIUM,250,1.20,false,10,8,39178,2169,5.99,true,""
phase1,13,1925,LOW,250,1.20,false,10,7,34332,2204,5.90,true,""
phase1,13,1925,MEDIUM,250,1.20,false,10,7,43719,2581,5.04,true,""
phase1,13,1950,LOW,250,1.20,false,10,7,36120,2041,6.37,true,""
phase1,13,1950,MEDIUM,250,1.20,false,10,7,43689,1965,6.62,true,""
phase1,13,1975,LOW,250,1.20,false,10,7,36067,2802,4.64,true,""
phase1,13,1975,MEDIUM,250,1.20,false,10,7,43610,3111,4.18,true,""
phase1,13,2000,LOW,250,1.20,false,10,7,35977,2086,6.23,true,""
phase1,13,2000,MEDIUM,250,1.20,false,10,7,45569,3681,3.53,true,""
phase1,13,2025,LOW,250,1.20,false,10,7,35840,1120,11.61,true,""
phase1,13,2025,MEDIUM,250,1.20,false,10,7,45456,1943,6.69,true,""
phase1,13,2050,LOW,250,1.20,false,10,7,35760,3701,3.51,true,""
phase1,13,2050,MEDIUM,250,1.20,false,10,7,45272,1474,8.82,true,""
phase1,13,2075,LOW,250,1.20,false,10,7,37199,2257,5.76,true,""
phase1,13,2075,MEDIUM,250,1.20,false,10,7,45083,2673,4.86,true,""
phase1,13,2100,LOW,250,1.20,false,10,7,37009,2561,5.08,true,""
phase1,13,2100,MEDIUM,250,1.20,false,10,7,46890,2513,5.17,true,""
phase1,13,2125,LOW,250,1.20,false,10,7,36778,2664,4.88,true,""
phase1,13,2125,MEDIUM,250,1.20,false,10,7,46598,1962,6.63,true,""
phase1,13,2150,LOW,250,1.20,false,10,7,36434,2514,5.17,true,""
phase1,13,2150,MEDIUM,250,1.20,false,10,7,46160,2496,5.21,true,""
phase1,13,2175,LOW,250,1.20,false,10,7,36139,2521,5.16,true,""
phase1,13,2175,MEDIUM,250,1.20,false,10,7,45596,2586,5.03,true,""
phase1,13,2200,LOW,250,1.20,false,10,7,37847,2437,5.33,true,""
phase1,13,2200,MEDIUM,250,1.20,false,10,7,44970,1958,6.64,true,""
phase1,13,2225,LOW,250,1.20,false,10,6,39837,2450,5.31,true,""
phase1,13,2225,MEDIUM,250,1.20,false,10,6,49735,2721,4.78,true,""
phase1,13,2250,LOW,250,1.20,false,10,6,39826,4764,2.73,true,""
phase1,13,2250,MEDIUM,250,1.20,false,10,6,49785,2887,4.50,true,""
phase1,13,2275,LOW,250,1.20,false,10,6,39828,1640,7.93,true,""
phase1,13,2275,MEDIUM,250,1.20,false,10,6,49748,1951,6.66,true,""
phase1,13,2300,LOW,250,1.20,false,10,6,41631,2417,5.38,true,""
phase1,13,2300,MEDIUM,250,1.20,false,10,6,49746,2614,4.97,true,""
phase1,13,2325,LOW,250,1.20,false,10,6,41647,2040,6.37,true,""
phase1,13,2350,LOW,250,1.20,false,10,6,41584,1916,6.78,true,""
phase1,13,2375,LOW,250,1.20,false,10,6,41512,2179,5.97,true,""
phase1,13,2400,LOW,250,1.20,false,10,6,41406,2703,4.81,true,""
phase1,13,2425,LOW,250,1.20,false,10,6,43314,2591,5.02,true,""
phase1,13,2450,LOW,250,1.20,false,10,6,43119,2005,6.48,true,""
phase1,13,2475,LOW,250,1.20,false,10,6,42985,2693,4.83,true,""
phase1,13,2500,LOW,250,1.20,false,10,6,42823,1944,6.69,true,""
phase1,13,2525,LOW,250,1.20,false,10,6,42613,1877,6.93,true,""
phase1,13,2550,LOW,250,1.20,false,10,6,42254,2197,5.92,true,""
phase1,13,2575,LOW,250,1.20,false,10,6,44054,2506,5.19,true,""
phase1,13,2600,LOW,250,1.20,false,10,6,43774,2115,6.15,true,""
phase1,13,2625,LOW,250,1.20,false,10,6,43367,2590,5.02,true,""
phase1,13,2650,LOW,250,1.20,false,10,6,42941,3560,3.65,true,""
phase1,13,2675,LOW,250,1.20,false,10,5,45683,1391,9.35,true,""
phase1,13,2700,LOW,250,1.20,false,10,5,47706,1858,7.00,true,""
phase1,13,2725,LOW,250,1.20,false,10,5,47701,1901,6.84,true,""
phase1,13,2750,LOW,250,1.20,false,10,5,47696,2399,5.42,true,""
phase1,13,2775,LOW,250,1.20,false,10,5,47688,2016,6.45,true,""
phase1,13,2800,LOW,250,1.20,false,10,5,49731,1765,7.37,true,""
phase1,14,400,LOW,250,1.20,false,41,34,36082,4318,3.01,true,""
phase1,14,400,MEDIUM,250,1.20,false,41,34,43642,5103,2.55,true,""
phase1,14,400,QUARTILE,250,1.20,false,41,34,61583,4863,2.67,true,""
phase1,14,400,HIGH,250,1.20,false,41,34,76955,4466,2.91,true,""
phase1,14,425,LOW,250,1.20,false,38,32,36939,4845,2.68,true,""
phase1,14,425,MEDIUM,250,1.20,false,38,32,44199,4623,2.81,true,""
phase1,14,425,QUARTILE,250,1.20,false,38,32,57080,4605,2.82,true,""
phase1,14,425,HIGH,250,1.20,false,38,32,71350,4668,2.78,true,""
phase1,14,450,LOW,250,1.20,false,36,30,35056,5409,2.40,true,""
phase1,14,450,MEDIUM,250,1.20,false,36,30,45865,4544,2.86,true,""
phase1,14,450,QUARTILE,250,1.20,false,36,30,58668,3441,3.78,true,""
phase1,14,450,HIGH,250,1.20,false,36,30,72524,4198,3.10,true,""
phase1,14,475,LOW,250,1.20,false,34,29,36149,4320,3.01,true,""
phase1,14,475,MEDIUM,250,1.20,false,34,29,43132,5025,2.59,true,""
phase1,14,475,QUARTILE,250,1.20,false,34,29,55036,4203,3.09,true,""
phase1,14,475,HIGH,250,1.20,false,34,29,72748,4121,3.15,true,""
phase1,14,500,LOW,250,1.20,false,33,27,35237,4664,2.79,true,""
phase1,14,500,MEDIUM,250,1.20,false,33,27,45887,5654,2.30,true,""
phase1,14,500,QUARTILE,250,1.20,false,33,27,57848,4193,3.10,true,""
phase1,14,500,HIGH,250,1.20,false,33,27,70965,4605,2.82,true,""
phase1,14,525,LOW,250,1.20,false,31,26,36090,4320,3.01,true,""
phase1,14,525,MEDIUM,250,1.20,false,31,26,43046,4576,2.84,true,""
phase1,14,525,QUARTILE,250,1.20,false,31,26,58341,4189,3.10,true,""
phase1,14,525,HIGH,250,1.20,false,31,26,70921,4924,2.64,true,""
phase1,14,550,LOW,250,1.20,false,30,25,34673,4585,2.84,true,""
phase1,14,550,MEDIUM,250,1.20,false,30,25,44840,4108,3.16,true,""
phase1,14,550,QUARTILE,250,1.20,false,30,25,55950,4270,3.04,true,""
phase1,14,550,HIGH,250,1.20,false,30,25,72211,3998,3.25,true,""
phase1,14,575,LOW,250,1.20,false,28,24,32296,4437,2.93,true,""
phase1,14,575,MEDIUM,250,1.20,false,28,24,41743,3999,3.25,true,""
phase1,14,575,QUARTILE,250,1.20,false,28,24,55749,4213,3.09,true,""
phase1,14,575,HIGH,250,1.20,false,28,24,67343,4101,3.17,true,""
phase1,14,600,LOW,250,1.20,false,27,23,34165,3958,3.28,true,""
phase1,14,600,MEDIUM,250,1.20,false,27,23,40371,10511,1.24,true,""
phase1,14,600,QUARTILE,250,1.20,false,27,23,53861,4166,3.12,true,""
phase1,14,600,HIGH,250,1.20,false,27,23,68971,4096,3.17,true,""
phase1,14,625,LOW,250,1.20,false,26,22,32960,4320,3.01,true,""
phase1,14,625,MEDIUM,250,1.20,false,26,22,42113,3843,3.38,true,""
phase1,14,625,QUARTILE,250,1.20,false,26,22,55638,4013,3.24,true,""
phase1,14,625,HIGH,250,1.20,false,26,22,70842,5890,2.21,true,""
phase1,14,650,LOW,250,1.20,false,25,21,34694,5082,2.56,true,""
phase1,14,650,MEDIUM,250,1.20,false,25,21,40669,5101,2.55,true,""
phase1,14,650,QUARTILE,250,1.20,false,25,21,53670,5537,2.35,true,""
phase1,14,650,HIGH,250,1.20,false,25,21,68324,6534,1.99,true,""
phase1,14,675,LOW,250,1.20,false,24,20,33330,3184,4.08,true,""
phase1,14,675,MEDIUM,250,1.20,false,24,20,42098,3617,3.59,true,""
phase1,14,675,QUARTILE,250,1.20,false,24,20,54919,3765,3.45,true,""
phase1,14,675,HIGH,250,1.20,false,24,20,69748,5820,2.23,true,""
phase1,14,700,LOW,250,1.20,false,23,20,31573,4120,3.16,true,""
phase1,14,700,MEDIUM,250,1.20,false,23,20,39812,4944,2.63,true,""
phase1,14,700,QUARTILE,250,1.20,false,23,20,51881,3748,3.47,true,""
phase1,14,700,HIGH,250,1.20,false,23,20,69779,3553,3.66,true,""
phase1,14,725,LOW,250,1.20,false,23,19,34595,8682,1.50,true,""
phase1,14,725,MEDIUM,250,1.20,false,23,19,43217,3722,3.49,true,""
phase1,14,725,QUARTILE,250,1.20,false,23,19,55811,3417,3.80,true,""
phase1,14,725,HIGH,250,1.20,false,23,19,70504,3528,3.68,true,""
phase1,14,750,LOW,250,1.20,false,22,18,33109,5103,2.55,true,""
phase1,14,750,MEDIUM,250,1.20,false,22,18,41363,3214,4.04,true,""
phase1,14,750,QUARTILE,250,1.20,false,22,18,56711,3841,3.38,true,""
phase1,14,750,HIGH,250,1.20,false,22,18,71451,2888,4.50,true,""
phase1,14,775,LOW,250,1.20,false,21,18,31254,3497,3.72,true,""
phase1,14,775,MEDIUM,250,1.20,false,21,18,41774,4054,3.21,true,""
phase1,14,775,QUARTILE,250,1.20,false,21,18,53350,4203,3.09,true,""
phase1,14,775,HIGH,250,1.20,false,21,18,67212,3608,3.60,true,""
phase1,14,800,LOW,250,1.20,false,21,17,34224,2823,4.61,true,""
phase1,14,800,MEDIUM,250,1.20,false,21,17,42271,3165,4.11,true,""
phase1,14,800,QUARTILE,250,1.20,false,21,17,57474,3058,4.25,true,""
phase1,14,800,HIGH,250,1.20,false,21,17,71890,2712,4.79,true,""
phase1,14,825,LOW,250,1.20,false,20,17,32039,3355,3.87,true,""
phase1,14,825,MEDIUM,250,1.20,false,20,17,39681,4565,2.85,true,""
phase1,14,825,QUARTILE,250,1.20,false,20,17,54006,3453,3.76,true,""
phase1,14,825,HIGH,250,1.20,false,20,17,67434,3807,3.41,true,""
phase1,14,850,LOW,250,1.20,false,19,16,30956,2732,4.76,true,""
phase1,14,850,MEDIUM,250,1.20,false,19,16,40874,2728,4.77,true,""
phase1,14,850,QUARTILE,250,1.20,false,19,16,52005,2766,4.70,true,""
phase1,14,850,HIGH,250,1.20,false,19,16,68533,2751,4.73,true,""
phase1,14,875,LOW,250,1.20,false,19,16,33059,3528,3.68,true,""
phase1,14,875,MEDIUM,250,1.20,false,19,16,40491,3523,3.69,true,""
phase1,14,875,QUARTILE,250,1.20,false,19,16,54701,3946,3.29,true,""
phase1,14,875,HIGH,250,1.20,false,19,16,67740,3821,3.40,true,""
phase1,14,900,LOW,250,1.20,false,18,15,31594,3365,3.86,true,""
phase1,14,900,MEDIUM,250,1.20,false,18,15,38728,3168,4.10,true,""
phase1,14,900,QUARTILE,250,1.20,false,18,15,52262,3944,3.30,true,""
phase1,14,900,HIGH,250,1.20,false,18,15,68256,3078,4.22,true,""
phase1,14,925,LOW,250,1.20,false,18,15,33805,2716,4.79,true,""
phase1,14,925,MEDIUM,250,1.20,false,18,15,41098,3043,4.27,true,""
phase1,14,925,QUARTILE,250,1.20,false,18,15,55186,3375,3.85,true,""
phase1,14,925,HIGH,250,1.20,false,18,15,67892,2746,4.73,true,""
phase1,14,950,LOW,250,1.20,false,17,15,31101,5380,2.42,true,""
phase1,14,950,MEDIUM,250,1.20,false,17,15,37705,1346,9.66,true,""
phase1,14,950,QUARTILE,250,1.20,false,17,15,50527,4855,2.68,true,""
phase1,14,950,HIGH,250,1.20,false,17,15,65287,2976,4.37,true,""
phase1,14,975,LOW,250,1.20,false,17,14,31975,4087,3.18,true,""
phase1,14,975,MEDIUM,250,1.20,false,17,14,38898,1228,10.59,true,""
phase1,14,975,QUARTILE,250,1.20,false,17,14,55194,3206,4.05,true,""
phase1,14,975,HIGH,250,1.20,false,17,14,70840,6476,2.01,true,""
phase1,14,1000,LOW,250,1.20,false,17,14,33889,3563,3.65,true,""
phase1,14,1000,MEDIUM,250,1.20,false,17,14,41010,3052,4.26,true,""
phase1,14,1000,QUARTILE,250,1.20,false,17,14,54655,2494,5.21,true,""
phase1,14,1000,HIGH,250,1.20,false,17,14,70097,3777,3.44,true,""
phase1,14,1025,LOW,250,1.20,false,16,14,31215,3360,3.87,true,""
phase1,14,1025,MEDIUM,250,1.20,false,16,14,37616,2115,6.15,true,""
phase1,14,1025,QUARTILE,250,1.20,false,16,14,53200,2458,5.29,true,""
phase1,14,1025,HIGH,250,1.20,false,16,14,64340,3598,3.61,true,""
phase1,14,1050,LOW,250,1.20,false,16,13,32195,3381,3.85,true,""
phase1,14,1050,MEDIUM,250,1.20,false,16,13,38917,3605,3.61,true,""
phase1,14,1050,QUARTILE,250,1.20,false,16,13,54826,3118,4.17,true,""
phase1,14,1050,HIGH,250,1.20,false,16,13,69819,2938,4.42,true,""
phase1,14,1075,LOW,250,1.20,false,15,13,29998,2947,4.41,true,""
phase1,14,1075,MEDIUM,250,1.20,false,15,13,38402,2663,4.88,true,""
phase1,14,1075,QUARTILE,250,1.20,false,15,13,50985,2137,6.08,true,""
phase1,14,1075,HIGH,250,1.20,false,15,13,64969,3853,3.37,true,""
phase1,14,1100,LOW,250,1.20,false,15,13,31689,3147,4.13,true,""
phase1,14,1100,MEDIUM,250,1.20,false,15,13,37830,3181,4.09,true,""
phase1,14,1100,QUARTILE,250,1.20,false,15,13,50240,2642,4.92,true,""
phase1,14,1100,HIGH,250,1.20,false,15,13,66805,3092,4.20,true,""
phase1,14,1125,LOW,250,1.20,false,15,12,32239,2467,5.27,true,""
phase1,14,1125,MEDIUM,250,1.20,false,15,12,41104,2383,5.46,true,""
phase1,14,1125,QUARTILE,250,1.20,false,15,12,54140,2583,5.03,true,""
phase1,14,1125,HIGH,250,1.20,false,15,12,68491,3063,4.24,true,""
phase1,14,1150,LOW,250,1.20,false,14,12,30034,2350,5.53,true,""
phase1,14,1150,MEDIUM,250,1.20,false,14,12,38214,2559,5.08,true,""
phase1,14,1150,QUARTILE,250,1.20,false,14,12,50332,3081,4.22,true,""
phase1,14,1150,HIGH,250,1.20,false,14,12,66376,3240,4.01,true,""
phase1,14,1175,LOW,250,1.20,false,14,12,31719,3031,4.29,true,""
phase1,14,1175,MEDIUM,250,1.20,false,14,12,37887,3865,3.36,true,""
phase1,14,1175,QUARTILE,250,1.20,false,14,12,52366,2062,6.30,true,""
phase1,14,1175,HIGH,250,1.20,false,14,12,65691,3241,4.01,true,""
phase1,14,1200,LOW,250,1.20,false,14,12,31224,2921,4.45,true,""
phase1,14,1200,MEDIUM,250,1.20,false,14,12,39591,3229,4.03,true,""
phase1,14,1200,QUARTILE,250,1.20,false,14,12,51430,7067,1.84,true,""
phase1,14,1200,HIGH,250,1.20,false,14,12,64549,3910,3.32,true,""
phase1,14,1225,LOW,250,1.20,false,14,11,32079,3052,4.26,true,""
phase1,14,1225,MEDIUM,250,1.20,false,14,11,40702,2986,4.35,true,""
phase1,14,1225,QUARTILE,250,1.20,false,14,11,55751,3963,3.28,true,""
phase1,14,1225,HIGH,250,1.20,false,14,11,69660,6485,2.00,true,""
phase1,14,1250,LOW,250,1.20,false,13,11,29751,3494,3.72,true,""
phase1,14,1250,MEDIUM,250,1.20,false,13,11,37735,1576,8.25,true,""
phase1,14,1250,QUARTILE,250,1.20,false,13,11,51703,3238,4.01,true,""
phase1,14,1250,HIGH,250,1.20,false,13,11,64468,6363,2.04,true,""
phase1,14,1275,LOW,250,1.20,false,13,11,31376,2937,4.43,true,""
phase1,14,1275,MEDIUM,250,1.20,false,13,11,39748,2444,5.32,true,""
phase1,14,1275,QUARTILE,250,1.20,false,13,11,51388,3250,4.00,true,""
phase1,14,1300,LOW,250,1.20,false,13,11,31024,2286,5.69,true,""
phase1,14,1300,MEDIUM,250,1.20,false,13,11,39345,2347,5.54,true,""
phase1,14,1300,QUARTILE,250,1.20,false,13,11,53298,4281,3.04,true,""
phase1,14,1325,LOW,250,1.20,false,13,11,30572,2820,4.61,true,""
phase1,14,1325,MEDIUM,250,1.20,false,13,11,38725,4434,2.93,true,""
phase1,14,1325,QUARTILE,250,1.20,false,13,11,52380,1483,8.77,true,""
phase1,14,1350,LOW,250,1.20,false,12,10,29204,2764,4.70,true,""
phase1,14,1350,MEDIUM,250,1.20,false,12,10,36935,4997,2.60,true,""
phase1,14,1350,QUARTILE,250,1.20,false,12,10,52434,1256,10.35,true,""
phase1,14,1375,LOW,250,1.20,false,12,10,30905,2745,4.74,true,""
phase1,14,1375,MEDIUM,250,1.20,false,12,10,38960,2592,5.02,true,""
phase1,14,1375,QUARTILE,250,1.20,false,12,10,52327,4219,3.08,true,""
phase1,14,1400,LOW,250,1.20,false,12,10,30788,1390,9.35,true,""
phase1,14,1400,MEDIUM,250,1.20,false,12,10,38777,3046,4.27,true,""
phase1,14,1400,QUARTILE,250,1.20,false,12,10,52086,2380,5.46,true,""
phase1,14,1425,LOW,250,1.20,false,12,10,30518,3261,3.99,true,""
phase1,14,1425,MEDIUM,250,1.20,false,12,10,38453,3740,3.48,true,""
phase1,14,1425,QUARTILE,250,1.20,false,12,10,54052,2405,5.41,true,""
phase1,14,1450,LOW,250,1.20,false,12,10,30183,2220,5.86,true,""
phase1,14,1450,MEDIUM,250,1.20,false,12,10,40115,2346,5.54,true,""
phase1,14,1450,QUARTILE,250,1.20,false,12,10,53405,2232,5.82,true,""
phase1,14,1475,LOW,250,1.20,false,11,10,28827,2186,5.95,true,""
phase1,14,1475,MEDIUM,250,1.20,false,11,10,36047,3308,3.93,true,""
phase1,14,1475,QUARTILE,250,1.20,false,11,10,47713,3263,3.98,true,""
phase1,14,1500,LOW,250,1.20,false,11,9,30146,1748,7.44,true,""
phase1,14,1500,MEDIUM,250,1.20,false,11,9,37747,3082,4.22,true,""
phase1,14,1500,QUARTILE,250,1.20,false,11,9,52466,2209,5.89,true,""
phase1,14,1525,LOW,250,1.20,false,11,9,31978,3495,3.72,true,""
phase1,14,1525,MEDIUM,250,1.20,false,11,9,37696,3055,4.26,true,""
phase1,14,1525,QUARTILE,250,1.20,false,11,9,52447,2384,5.45,true,""
phase1,14,1550,LOW,250,1.20,false,11,9,31894,2101,6.19,true,""
phase1,14,1550,MEDIUM,250,1.20,false,11,9,39511,2073,6.27,true,""
phase1,14,1550,QUARTILE,250,1.20,false,11,9,52229,2330,5.58,true,""
phase1,14,1575,LOW,250,1.20,false,11,9,31716,2926,4.44,true,""
phase1,14,1575,MEDIUM,250,1.20,false,11,9,39234,2926,4.44,true,""
phase1,14,1575,QUARTILE,250,1.20,false,11,9,54202,2434,5.34,true,""
phase1,14,1600,LOW,250,1.20,false,11,9,31445,2954,4.40,true,""
phase1,14,1600,MEDIUM,250,1.20,false,11,9,38917,2943,4.42,true,""
phase1,14,1600,QUARTILE,250,1.20,false,11,9,53725,3010,4.32,true,""
phase1,14,1625,LOW,250,1.20,false,10,9,29967,2533,5.13,true,""
phase1,14,1625,MEDIUM,250,1.20,false,10,9,36689,3006,4.32,true,""
phase1,14,1625,QUARTILE,250,1.20,false,10,9,48212,7855,1.65,true,""
phase1,14,1650,LOW,250,1.20,false,10,9,29501,3242,4.01,true,""
phase1,14,1650,MEDIUM,250,1.20,false,10,9,36150,1751,7.42,true,""
phase1,14,1650,QUARTILE,250,1.20,false,10,9,47281,4602,2.82,true,""
phase1,14,1675,LOW,250,1.20,false,10,8,30792,2078,6.26,true,""
phase1,14,1675,MEDIUM,250,1.20,false,10,8,37974,2105,6.18,true,""
phase1,14,1700,LOW,250,1.20,false,10,8,30785,2065,6.30,true,""
phase1,14,1700,MEDIUM,250,1.20,false,10,8,37926,2149,6.05,true,""
phase1,14,1725,LOW,250,1.20,false,10,8,30772,2137,6.08,true,""
phase1,14,1725,MEDIUM,250,1.20,false,10,8,39773,2235,5.82,true,""
phase1,14,1750,LOW,250,1.20,false,10,8,32379,1916,6.78,true,""
phase1,14,1750,MEDIUM,250,1.20,false,10,8,39587,3001,4.33,true,""
phase1,14,1775,LOW,250,1.20,false,10,8,32276,2559,5.08,true,""
phase1,14,1775,MEDIUM,250,1.20,false,10,8,39423,3726,3.49,true,""
phase1,14,1800,LOW,250,1.20,false,10,8,32112,1365,9.52,true,""
phase1,14,1800,MEDIUM,250,1.20,false,10,8,40904,2283,5.69,true,""
phase1,14,1825,LOW,250,1.20,false,10,8,31854,2026,6.42,true,""
phase1,14,1825,MEDIUM,250,1.20,false,10,8,40682,2062,6.30,true,""
phase1,14,1850,LOW,250,1.20,false,10,8,33277,2594,5.01,true,""
phase1,14,1850,MEDIUM,250,1.20,false,10,8,40355,2156,6.03,true,""
phase1,14,1875,LOW,250,1.20,false,10,8,32948,3062,4.25,true,""
phase1,14,1875,MEDIUM,250,1.20,false,10,8,39843,2908,4.47,true,""
phase1,14,1900,LOW,250,1.20,false,10,8,32373,2964,4.39,true,""
phase1,14,1900,MEDIUM,250,1.20,false,10,8,39178,2790,4.66,true,""
phase1,14,1925,LOW,250,1.20,false,10,7,34332,2232,5.82,true,""
phase1,14,1925,MEDIUM,250,1.20,false,10,7,43719,1918,6.78,true,""
phase1,14,1950,LOW,250,1.20,false,10,7,36120,2319,5.61,true,""
phase1,14,1950,MEDIUM,250,1.20,false,10,7,43689,1762,7.38,true,""
phase1,14,1975,LOW,250,1.20,false,10,7,36067,2193,5.93,true,""
phase1,14,1975,MEDIUM,250,1.20,false,10,7,43610,2040,6.37,true,""
phase1,14,2000,LOW,250,1.20,false,10,7,35977,2619,4.96,true,""
phase1,14,2000,MEDIUM,250,1.20,false,10,7,45569,2170,5.99,true,""
phase1,14,2025,LOW,250,1.20,false,10,7,35840,2949,4.41,true,""
phase1,14,2025,MEDIUM,250,1.20,false,10,7,45456,2045,6.36,true,""
phase1,14,2050,LOW,250,1.20,false,10,7,35760,4968,2.62,true,""
phase1,14,2050,MEDIUM,250,1.20,false,10,7,45272,3033,4.29,true,""
phase1,14,2075,LOW,250,1.20,false,10,7,37199,1948,6.67,true,""
phase1,14,2075,MEDIUM,250,1.20,false,10,7,45083,2406,5.40,true,""
phase1,14,2100,LOW,250,1.20,false,10,7,37009,2625,4.95,true,""
phase1,14,2100,MEDIUM,250,1.20,false,10,7,46890,2850,4.56,true,""
phase1,14,2125,LOW,250,1.20,false,10,7,36778,2159,6.02,true,""
phase1,14,2125,MEDIUM,250,1.20,false,10,7,46598,2607,4.99,true,""
phase1,14,2150,LOW,250,1.20,false,10,7,36434,2518,5.16,true,""
phase1,14,2150,MEDIUM,250,1.20,false,10,7,46160,2019,6.44,true,""
phase1,14,2175,LOW,250,1.20,false,10,7,36139,2032,6.40,true,""
phase1,14,2175,MEDIUM,250,1.20,false,10,7,45596,2032,6.40,true,""
phase1,14,2200,LOW,250,1.20,false,10,7,37847,2070,6.28,true,""
phase1,14,2200,MEDIUM,250,1.20,false,10,7,44970,2661,4.89,true,""
phase1,14,2225,LOW,250,1.20,false,10,6,39837,2472,5.26,true,""
phase1,14,2225,MEDIUM,250,1.20,false,10,6,49735,3816,3.41,true,""
phase1,14,2250,LOW,250,1.20,false,10,6,39826,1714,7.58,true,""
phase1,14,2250,MEDIUM,250,1.20,false,10,6,49785,4210,3.09,true,""
phase1,14,2275,LOW,250,1.20,false,10,6,39828,2057,6.32,true,""
phase1,14,2275,MEDIUM,250,1.20,false,10,6,49748,2753,4.72,true,""
phase1,14,2300,LOW,250,1.20,false,10,6,41631,2160,6.02,true,""
phase1,14,2300,MEDIUM,250,1.20,false,10,6,49746,4004,3.25,true,""
phase1,14,2325,LOW,250,1.20,false,10,6,41647,2500,5.20,true,""
phase1,14,2350,LOW,250,1.20,false,10,6,41584,2017,6.45,true,""
phase1,14,2375,LOW,250,1.20,false,10,6,41512,3216,4.04,true,""
phase1,14,2400,LOW,250,1.20,false,10,6,41406,1485,8.75,true,""
phase1,14,2425,LOW,250,1.20,false,10,6,43314,2554,5.09,true,""
phase1,14,2450,LOW,250,1.20,false,10,6,43119,2978,4.37,true,""
phase1,14,2475,LOW,250,1.20,false,10,6,42985,2923,4.45,true,""
phase1,14,2500,LOW,250,1.20,false,10,6,42823,2917,4.46,true,""
phase1,14,2525,LOW,250,1.20,false,10,6,42613,2839,4.58,true,""
phase1,14,2550,LOW,250,1.20,false,10,6,42254,1887,6.89,true,""
phase1,14,2575,LOW,250,1.20,false,10,6,44054,1998,6.51,true,""
phase1,14,2600,LOW,250,1.20,false,10,6,43774,1897,6.85,true,""
phase1,14,2625,LOW,250,1.20,false,10,6,43367,2688,4.84,true,""
phase1,14,2650,LOW,250,1.20,false,10,6,42941,2073,6.27,true,""
phase1,14,2675,LOW,250,1.20,false,10,5,45683,2763,4.71,true,""
phase1,14,2700,LOW,250,1.20,false,10,5,47706,2867,4.53,true,""
phase1,14,2725,LOW,250,1.20,false,10,5,47701,2086,6.23,true,""
phase1,14,2750,LOW,250,1.20,false,10,5,47696,2567,5.06,true,""
phase1,14,2775,LOW,250,1.20,false,10,5,47688,2480,5.24,true,""
phase1,14,2800,LOW,250,1.20,false,10,5,49731,3416,3.81,true,""
phase1,15,400,LOW,250,1.20,false,41,34,36082,6081,2.14,true,""
phase1,15,400,MEDIUM,250,1.20,false,41,34,43642,4282,3.04,true,""
phase1,15,400,QUARTILE,250,1.20,false,41,34,61583,4517,2.88,true,""
phase1,15,400,HIGH,250,1.20,false,41,34,76955,3411,3.81,true,""
phase1,15,425,LOW,250,1.20,false,38,32,36939,3588,3.62,true,""
phase1,15,425,MEDIUM,250,1.20,false,38,32,44199,6461,2.01,true,""
phase1,15,425,QUARTILE,250,1.20,false,38,32,57080,4047,3.21,true,""
phase1,15,425,HIGH,250,1.20,false,38,32,71350,4931,2.64,true,""
phase1,15,450,LOW,250,1.20,false,36,30,35056,3442,3.78,true,""
phase1,15,450,MEDIUM,250,1.20,false,36,30,45865,4995,2.60,true,""
phase1,15,450,QUARTILE,250,1.20,false,36,30,58668,5932,2.19,true,""
phase1,15,450,HIGH,250,1.20,false,36,30,72524,3972,3.27,true,""
phase1,15,475,LOW,250,1.20,false,34,29,36149,6043,2.15,true,""
phase1,15,475,MEDIUM,250,1.20,false,34,29,43132,7998,1.63,true,""
phase1,15,475,QUARTILE,250,1.20,false,34,29,55036,7283,1.78,true,""
phase1,15,475,HIGH,250,1.20,false,34,29,72748,4228,3.07,true,""
phase1,15,500,LOW,250,1.20,false,33,27,35237,3827,3.40,true,""
phase1,15,500,MEDIUM,250,1.20,false,33,27,45887,3248,4.00,true,""
phase1,15,500,QUARTILE,250,1.20,false,33,27,57848,7518,1.73,true,""
phase1,15,500,HIGH,250,1.20,false,33,27,70965,7356,1.77,true,""
phase1,15,525,LOW,250,1.20,false,31,26,36090,7334,1.77,true,""
phase1,15,525,MEDIUM,250,1.20,false,31,26,43046,6664,1.95,true,""
phase1,15,525,QUARTILE,250,1.20,false,31,26,58341,6576,1.98,true,""
phase1,15,525,HIGH,250,1.20,false,31,26,70921,10257,1.27,true,""
phase1,15,550,LOW,250,1.20,false,30,25,34673,10100,1.29,true,""
phase1,15,550,MEDIUM,250,1.20,false,30,25,44840,13710,0.95,true,""
phase1,15,550,QUARTILE,250,1.20,false,30,25,55950,13203,0.98,true,""
phase1,15,550,HIGH,250,1.20,false,30,25,72211,15833,0.82,true,""
phase1,15,575,LOW,250,1.20,false,28,24,32296,14537,0.89,true,""
phase1,15,575,MEDIUM,250,1.20,false,28,24,41743,3751,3.47,true,""
phase1,15,575,QUARTILE,250,1.20,false,28,24,55749,10795,1.20,true,""
phase1,15,575,HIGH,250,1.20,false,28,24,67343,3886,3.35,true,""
phase1,15,600,LOW,250,1.20,false,27,23,34165,5311,2.45,true,""
phase1,15,600,MEDIUM,250,1.20,false,27,23,40371,7397,1.76,true,""
phase1,15,600,QUARTILE,250,1.20,false,27,23,53861,3676,3.54,true,""
phase1,15,600,HIGH,250,1.20,false,27,23,68971,4161,3.12,true,""
phase1,15,625,LOW,250,1.20,false,26,22,32960,3650,3.56,true,""
phase1,15,625,MEDIUM,250,1.20,false,26,22,42113,4950,2.63,true,""
phase1,15,625,QUARTILE,250,1.20,false,26,22,55638,3719,3.50,true,""
phase1,15,625,HIGH,250,1.20,false,26,22,70842,3405,3.82,true,""
phase1,15,650,LOW,250,1.20,false,25,21,34694,6534,1.99,true,""
phase1,15,650,MEDIUM,250,1.20,false,25,21,40669,12205,1.07,true,""
phase1,15,650,QUARTILE,250,1.20,false,25,21,53670,10770,1.21,true,""
phase1,15,650,HIGH,250,1.20,false,25,21,68324,6493,2.00,true,""
phase1,15,675,LOW,250,1.20,false,24,20,33330,4902,2.65,true,""
phase1,15,675,MEDIUM,250,1.20,false,24,20,42098,13845,0.94,true,""
phase1,15,675,QUARTILE,250,1.20,false,24,20,54919,7247,1.79,true,""
phase1,15,675,HIGH,250,1.20,false,24,20,69748,5607,2.32,true,""
phase1,15,700,LOW,250,1.20,false,23,20,31573,5499,2.36,true,""
phase1,15,700,MEDIUM,250,1.20,false,23,20,39812,6639,1.96,true,""
phase1,15,700,QUARTILE,250,1.20,false,23,20,51881,5799,2.24,true,""
phase1,15,700,HIGH,250,1.20,false,23,20,69779,3678,3.53,true,""
phase1,15,725,LOW,250,1.20,false,23,19,34595,5376,2.42,true,""
phase1,15,725,MEDIUM,250,1.20,false,23,19,43217,3475,3.74,true,""
phase1,15,725,QUARTILE,250,1.20,false,23,19,55811,3246,4.00,true,""
phase1,15,725,HIGH,250,1.20,false,23,19,70504,3806,3.42,true,""
phase1,15,750,LOW,250,1.20,false,22,18,33109,3166,4.11,true,""
phase1,15,750,MEDIUM,250,1.20,false,22,18,41363,6014,2.16,true,""
phase1,15,750,QUARTILE,250,1.20,false,22,18,56711,4486,2.90,true,""
phase1,15,750,HIGH,250,1.20,false,22,18,71451,4396,2.96,true,""
phase1,15,775,LOW,250,1.20,false,21,18,31254,3159,4.12,true,""
phase1,15,775,MEDIUM,250,1.20,false,21,18,41774,5188,2.51,true,""
phase1,15,775,QUARTILE,250,1.20,false,21,18,53350,6300,2.06,true,""
phase1,15,775,HIGH,250,1.20,false,21,18,67212,3976,3.27,true,""
phase1,15,800,LOW,250,1.20,false,21,17,34224,3409,3.81,true,""
phase1,15,800,MEDIUM,250,1.20,false,21,17,42271,5669,2.29,true,""
phase1,15,800,QUARTILE,250,1.20,false,21,17,57474,3110,4.18,true,""
phase1,15,800,HIGH,250,1.20,false,21,17,71890,3176,4.09,true,""
phase1,15,825,LOW,250,1.20,false,20,17,32039,2603,4.99,true,""
phase1,15,825,MEDIUM,250,1.20,false,20,17,39681,6270,2.07,true,""
phase1,15,825,QUARTILE,250,1.20,false,20,17,54006,4423,2.94,true,""
phase1,15,825,HIGH,250,1.20,false,20,17,67434,4505,2.89,true,""
phase1,15,850,LOW,250,1.20,false,19,16,30956,3105,4.19,true,""
phase1,15,850,MEDIUM,250,1.20,false,19,16,40874,3641,3.57,true,""
phase1,15,850,QUARTILE,250,1.20,false,19,16,52005,4081,3.19,true,""
phase1,15,850,HIGH,250,1.20,false,19,16,68533,2578,5.04,true,""
phase1,15,875,LOW,250,1.20,false,19,16,33059,4084,3.18,true,""
phase1,15,875,MEDIUM,250,1.20,false,19,16,40491,3015,4.31,true,""
phase1,15,875,QUARTILE,250,1.20,false,19,16,54701,2511,5.18,true,""
phase1,15,875,HIGH,250,1.20,false,19,16,67740,2537,5.12,true,""
phase1,15,900,LOW,250,1.20,false,18,15,31594,3552,3.66,true,""
phase1,15,900,MEDIUM,250,1.20,false,18,15,38728,2429,5.35,true,""
phase1,15,900,QUARTILE,250,1.20,false,18,15,52262,2411,5.39,true,""
phase1,15,900,HIGH,250,1.20,false,18,15,68256,3096,4.20,true,""
phase1,15,925,LOW,250,1.20,false,18,15,33805,2505,5.19,true,""
phase1,15,925,MEDIUM,250,1.20,false,18,15,41098,3456,3.76,true,""
phase1,15,925,QUARTILE,250,1.20,false,18,15,55186,2374,5.48,true,""
phase1,15,925,HIGH,250,1.20,false,18,15,67892,2611,4.98,true,""
phase1,15,950,LOW,250,1.20,false,17,15,31101,2986,4.35,true,""
phase1,15,950,MEDIUM,250,1.20,false,17,15,37705,5210,2.50,true,""
phase1,15,950,QUARTILE,250,1.20,false,17,15,50527,2941,4.42,true,""
phase1,15,950,HIGH,250,1.20,false,17,15,65287,3270,3.98,true,""
phase1,15,975,LOW,250,1.20,false,17,14,31975,2967,4.38,true,""
phase1,15,975,MEDIUM,250,1.20,false,17,14,38898,3410,3.81,true,""
phase1,15,975,QUARTILE,250,1.20,false,17,14,55194,2285,5.69,true,""
phase1,15,975,HIGH,250,1.20,false,17,14,70840,2854,4.56,true,""
phase1,15,1000,LOW,250,1.20,false,17,14,33889,4621,2.81,true,""
phase1,15,1000,MEDIUM,250,1.20,false,17,14,41010,3261,3.99,true,""
phase1,15,1000,QUARTILE,250,1.20,false,17,14,54655,3770,3.45,true,""
phase1,15,1000,HIGH,250,1.20,false,17,14,70097,3773,3.45,true,""
phase1,15,1025,LOW,250,1.20,false,16,14,31215,4886,2.66,true,""
phase1,15,1025,MEDIUM,250,1.20,false,16,14,37616,1769,7.35,true,""
phase1,15,1025,QUARTILE,250,1.20,false,16,14,53200,2944,4.42,true,""
phase1,15,1025,HIGH,250,1.20,false,16,14,64340,2582,5.03,true,""
phase1,15,1050,LOW,250,1.20,false,16,13,32195,4172,3.12,true,""
phase1,15,1050,MEDIUM,250,1.20,false,16,13,38917,3924,3.31,true,""
phase1,15,1050,QUARTILE,250,1.20,false,16,13,54826,2289,5.68,true,""
phase1,15,1050,HIGH,250,1.20,false,16,13,69819,3512,3.70,true,""
phase1,15,1075,LOW,250,1.20,false,15,13,29998,3427,3.79,true,""
phase1,15,1075,MEDIUM,250,1.20,false,15,13,38402,2782,4.67,true,""
phase1,15,1075,QUARTILE,250,1.20,false,15,13,50985,3037,4.28,true,""
phase1,15,1075,HIGH,250,1.20,false,15,13,64969,3258,3.99,true,""
phase1,15,1100,LOW,250,1.20,false,15,13,31689,3986,3.26,true,""
phase1,15,1100,MEDIUM,250,1.20,false,15,13,37830,2897,4.49,true,""
phase1,15,1100,QUARTILE,250,1.20,false,15,13,50240,2621,4.96,true,""
phase1,15,1100,HIGH,250,1.20,false,15,13,66805,3097,4.20,true,""
phase1,15,1125,LOW,250,1.20,false,15,12,32239,5368,2.42,true,""
phase1,15,1125,MEDIUM,250,1.20,false,15,12,41104,1452,8.95,true,""
phase1,15,1125,QUARTILE,250,1.20,false,15,12,54140,6250,2.08,true,""
phase1,15,1125,HIGH,250,1.20,false,15,12,68491,3602,3.61,true,""
phase1,15,1150,LOW,250,1.20,false,14,12,30034,4484,2.90,true,""
phase1,15,1150,MEDIUM,250,1.20,false,14,12,38214,3288,3.95,true,""
phase1,15,1150,QUARTILE,250,1.20,false,14,12,50332,4123,3.15,true,""
phase1,15,1150,HIGH,250,1.20,false,14,12,66376,3454,3.76,true,""
phase1,15,1175,LOW,250,1.20,false,14,12,31719,3130,4.15,true,""
phase1,15,1175,MEDIUM,250,1.20,false,14,12,37887,3765,3.45,true,""
phase1,15,1175,QUARTILE,250,1.20,false,14,12,52366,2709,4.80,true,""
phase1,15,1175,HIGH,250,1.20,false,14,12,65691,3347,3.88,true,""
phase1,15,1200,LOW,250,1.20,false,14,12,31224,4661,2.79,true,""
phase1,15,1200,MEDIUM,250,1.20,false,14,12,39591,3670,3.54,true,""
phase1,15,1200,QUARTILE,250,1.20,false,14,12,51430,2949,4.41,true,""
phase1,15,1200,HIGH,250,1.20,false,14,12,64549,4805,2.71,true,""
phase1,15,1225,LOW,250,1.20,false,14,11,32079,2434,5.34,true,""
phase1,15,1225,MEDIUM,250,1.20,false,14,11,40702,3393,3.83,true,""
phase1,15,1225,QUARTILE,250,1.20,false,14,11,55751,2712,4.79,true,""
phase1,15,1225,HIGH,250,1.20,false,14,11,69660,3429,3.79,true,""
phase1,15,1250,LOW,250,1.20,false,13,11,29751,2110,6.16,true,""
phase1,15,1250,MEDIUM,250,1.20,false,13,11,37735,3851,3.38,true,""
phase1,15,1250,QUARTILE,250,1.20,false,13,11,51703,2682,4.85,true,""
phase1,15,1250,HIGH,250,1.20,false,13,11,64468,2291,5.67,true,""
phase1,15,1275,LOW,250,1.20,false,13,11,31376,3848,3.38,true,""
phase1,15,1275,MEDIUM,250,1.20,false,13,11,39748,2225,5.84,true,""
phase1,15,1275,QUARTILE,250,1.20,false,13,11,51388,3501,3.71,true,""
phase1,15,1300,LOW,250,1.20,false,13,11,31024,3762,3.46,true,""
phase1,15,1300,MEDIUM,250,1.20,false,13,11,39345,2334,5.57,true,""
phase1,15,1300,QUARTILE,250,1.20,false,13,11,53298,2919,4.45,true,""
phase1,15,1325,LOW,250,1.20,false,13,11,30572,2969,4.38,true,""
phase1,15,1325,MEDIUM,250,1.20,false,13,11,38725,3520,3.69,true,""
phase1,15,1325,QUARTILE,250,1.20,false,13,11,52380,1433,9.07,true,""
phase1,15,1350,LOW,250,1.20,false,12,10,29204,2116,6.14,true,""
phase1,15,1350,MEDIUM,250,1.20,false,12,10,36935,2713,4.79,true,""
phase1,15,1350,QUARTILE,250,1.20,false,12,10,52434,3090,4.21,true,""
phase1,15,1375,LOW,250,1.20,false,12,10,30905,3638,3.57,true,""
phase1,15,1375,MEDIUM,250,1.20,false,12,10,38960,1807,7.19,true,""
phase1,15,1375,QUARTILE,250,1.20,false,12,10,52327,1456,8.93,true,""
phase1,15,1400,LOW,250,1.20,false,12,10,30788,2747,4.73,true,""
phase1,15,1400,MEDIUM,250,1.20,false,12,10,38777,3589,3.62,true,""
phase1,15,1400,QUARTILE,250,1.20,false,12,10,52086,3155,4.12,true,""
phase1,15,1425,LOW,250,1.20,false,12,10,30518,3319,3.92,true,""
phase1,15,1425,MEDIUM,250,1.20,false,12,10,38453,2007,6.48,true,""
phase1,15,1425,QUARTILE,250,1.20,false,12,10,54052,3375,3.85,true,""
phase1,15,1450,LOW,250,1.20,false,12,10,30183,1506,8.63,true,""
phase1,15,1450,MEDIUM,250,1.20,false,12,10,40115,4417,2.94,true,""
phase1,15,1450,QUARTILE,250,1.20,false,12,10,53405,1505,8.64,true,""
phase1,15,1475,LOW,250,1.20,false,11,10,28827,2914,4.46,true,""
phase1,15,1475,MEDIUM,250,1.20,false,11,10,36047,2604,4.99,true,""
phase1,15,1475,QUARTILE,250,1.20,false,11,10,47713,2562,5.07,true,""
phase1,15,1500,LOW,250,1.20,false,11,9,30146,2829,4.60,true,""
phase1,15,1500,MEDIUM,250,1.20,false,11,9,37747,3713,3.50,true,""
phase1,15,1500,QUARTILE,250,1.20,false,11,9,52466,2543,5.11,true,""
phase1,15,1525,LOW,250,1.20,false,11,9,31978,3565,3.65,true,""
phase1,15,1525,MEDIUM,250,1.20,false,11,9,37696,1388,9.37,true,""
phase1,15,1525,QUARTILE,250,1.20,false,11,9,52447,2359,5.51,true,""
phase1,15,1550,LOW,250,1.20,false,11,9,31894,3333,3.90,true,""
phase1,15,1550,MEDIUM,250,1.20,false,11,9,39511,2777,4.68,true,""
phase1,15,1550,QUARTILE,250,1.20,false,11,9,52229,2608,4.98,true,""
phase1,15,1575,LOW,250,1.20,false,11,9,31716,2741,4.74,true,""
phase1,15,1575,MEDIUM,250,1.20,false,11,9,39234,2866,4.54,true,""
phase1,15,1575,QUARTILE,250,1.20,false,11,9,54202,2066,6.29,true,""
phase1,15,1600,LOW,250,1.20,false,11,9,31445,2885,4.51,true,""
phase1,15,1600,MEDIUM,250,1.20,false,11,9,38917,2565,5.07,true,""
phase1,15,1600,QUARTILE,250,1.20,false,11,9,53725,2376,5.47,true,""
phase1,15,1625,LOW,250,1.20,false,10,9,29967,4752,2.74,true,""
phase1,15,1625,MEDIUM,250,1.20,false,10,9,36689,1360,9.56,true,""
phase1,15,1625,QUARTILE,250,1.20,false,10,9,48212,2044,6.36,true,""
phase1,15,1650,LOW,250,1.20,false,10,9,29501,2998,4.34,true,""
phase1,15,1650,MEDIUM,250,1.20,false,10,9,36150,3055,4.26,true,""
phase1,15,1650,QUARTILE,250,1.20,false,10,9,47281,2068,6.29,true,""
phase1,15,1675,LOW,250,1.20,false,10,8,30792,2350,5.53,true,""
phase1,15,1675,MEDIUM,250,1.20,false,10,8,37974,3376,3.85,true,""
phase1,15,1700,LOW,250,1.20,false,10,8,30785,3637,3.57,true,""
phase1,15,1700,MEDIUM,250,1.20,false,10,8,37926,2658,4.89,true,""
phase1,15,1725,LOW,250,1.20,false,10,8,30772,5002,2.60,true,""
phase1,15,1725,MEDIUM,250,1.20,false,10,8,39773,863,15.06,true,""
phase1,15,1750,LOW,250,1.20,false,10,8,32379,2294,5.67,true,""
phase1,15,1750,MEDIUM,250,1.20,false,10,8,39587,3023,4.30,true,""
phase1,15,1775,LOW,250,1.20,false,10,8,32276,4678,2.78,true,""
phase1,15,1775,MEDIUM,250,1.20,false,10,8,39423,2492,5.22,true,""
phase1,15,1800,LOW,250,1.20,false,10,8,32112,2933,4.43,true,""
phase1,15,1800,MEDIUM,250,1.20,false,10,8,40904,2866,4.54,true,""
phase1,15,1825,LOW,250,1.20,false,10,8,31854,2649,4.91,true,""
phase1,15,1825,MEDIUM,250,1.20,false,10,8,40682,3091,4.21,true,""
phase1,15,1850,LOW,250,1.20,false,10,8,33277,2063,6.30,true,""
phase1,15,1850,MEDIUM,250,1.20,false,10,8,40355,2505,5.19,true,""
phase1,15,1875,LOW,250,1.20,false,10,8,32948,2174,5.98,true,""
phase1,15,1875,MEDIUM,250,1.20,false,10,8,39843,2641,4.92,true,""
phase1,15,1900,LOW,250,1.20,false,10,8,32373,4240,3.07,true,""
phase1,15,1900,MEDIUM,250,1.20,false,10,8,39178,3006,4.32,true,""
phase1,15,1925,LOW,250,1.20,false,10,7,34332,3141,4.14,true,""
phase1,15,1925,MEDIUM,250,1.20,false,10,7,43719,790,16.46,true,""
phase1,15,1950,LOW,250,1.20,false,10,7,36120,3657,3.55,true,""
phase1,15,1950,MEDIUM,250,1.20,false,10,7,43689,2456,5.29,true,""
phase1,15,1975,LOW,250,1.20,false,10,7,36067,2880,4.51,true,""
phase1,15,1975,MEDIUM,250,1.20,false,10,7,43610,2794,4.65,true,""
phase1,15,2000,LOW,250,1.20,false,10,7,35977,2578,5.04,true,""
phase1,15,2000,MEDIUM,250,1.20,false,10,7,45569,1894,6.86,true,""
phase1,15,2025,LOW,250,1.20,false,10,7,35840,1964,6.62,true,""
phase1,15,2025,MEDIUM,250,1.20,false,10,7,45456,2061,6.31,true,""
phase1,15,2050,LOW,250,1.20,false,10,7,35760,1899,6.85,true,""
phase1,15,2050,MEDIUM,250,1.20,false,10,7,45272,1992,6.53,true,""
phase1,15,2075,LOW,250,1.20,false,10,7,37199,2015,6.45,true,""
phase1,15,2075,MEDIUM,250,1.20,false,10,7,45083,2199,5.91,true,""
phase1,15,2100,LOW,250,1.20,false,10,7,37009,2068,6.29,true,""
phase1,15,2100,MEDIUM,250,1.20,false,10,7,46890,2327,5.59,true,""
phase1,15,2125,LOW,250,1.20,false,10,7,36778,2176,5.97,true,""
phase1,15,2125,MEDIUM,250,1.20,false,10,7,46598,2909,4.47,true,""
phase1,15,2150,LOW,250,1.20,false,10,7,36434,2085,6.24,true,""
phase1,15,2150,MEDIUM,250,1.20,false,10,7,46160,2589,5.02,true,""
phase1,15,2175,LOW,250,1.20,false,10,7,36139,2874,4.52,true,""
phase1,15,2175,MEDIUM,250,1.20,false,10,7,45596,1908,6.81,true,""
phase1,15,2200,LOW,250,1.20,false,10,7,37847,2871,4.53,true,""
phase1,15,2200,MEDIUM,250,1.20,false,10,7,44970,2960,4.39,true,""
phase1,15,2225,LOW,250,1.20,false,10,6,39837,1532,8.49,true,""
phase1,15,2225,MEDIUM,250,1.20,false,10,6,49735,2322,5.60,true,""
phase1,15,2250,LOW,250,1.20,false,10,6,39826,1775,7.32,true,""
phase1,15,2250,MEDIUM,250,1.20,false,10,6,49785,2798,4.65,true,""
phase1,15,2275,LOW,250,1.20,false,10,6,39828,1841,7.06,true,""
phase1,15,2275,MEDIUM,250,1.20,false,10,6,49748,1889,6.88,true,""
phase1,15,2300,LOW,250,1.20,false,10,6,41631,2016,6.45,true,""
phase1,15,2300,MEDIUM,250,1.20,false,10,6,49746,2061,6.31,true,""
phase1,15,2325,LOW,250,1.20,false,10,6,41647,2865,4.54,true,""
phase1,15,2350,LOW,250,1.20,false,10,6,41584,1777,7.32,true,""
phase1,15,2375,LOW,250,1.20,false,10,6,41512,3329,3.91,true,""
phase1,15,2400,LOW,250,1.20,false,10,6,41406,978,13.29,true,""
phase1,15,2425,LOW,250,1.20,false,10,6,43314,1840,7.07,true,""
phase1,15,2450,LOW,250,1.20,false,10,6,43119,2560,5.08,true,""
phase1,15,2475,LOW,250,1.20,false,10,6,42985,2101,6.19,true,""
phase1,15,2500,LOW,250,1.20,false,10,6,42823,1962,6.63,true,""
phase1,15,2525,LOW,250,1.20,false,10,6,42613,2909,4.47,true,""
phase1,15,2550,LOW,250,1.20,false,10,6,42254,1858,7.00,true,""
phase1,15,2575,LOW,250,1.20,false,10,6,44054,2437,5.33,true,""
phase1,15,2600,LOW,250,1.20,false,10,6,43774,2405,5.41,true,""
phase1,15,2625,LOW,250,1.20,false,10,6,43367,2050,6.34,true,""
phase1,15,2650,LOW,250,1.20,false,10,6,42941,2957,4.40,true,""
phase1,15,2675,LOW,250,1.20,false,10,5,45683,3380,3.85,true,""
phase1,15,2700,LOW,250,1.20,false,10,5,47706,1474,8.82,true,""
phase1,15,2725,LOW,250,1.20,false,10,5,47701,1021,12.73,true,""
phase1,15,2750,LOW,250,1.20,false,10,5,47696,2396,5.43,true,""
phase1,15,2775,LOW,250,1.20,false,10,5,47688,2562,5.07,true,""
phase1,15,2800,LOW,250,1.20,false,10,5,49731,2604,4.99,true,""
phase1,16,400,LOW,250,1.20,false,41,34,36082,4462,2.91,true,""
phase1,16,400,MEDIUM,250,1.20,false,41,34,43642,6984,1.86,true,""
phase1,16,400,QUARTILE,250,1.20,false,41,34,61583,4349,2.99,true,""
phase1,16,400,HIGH,250,1.20,false,41,34,76955,8391,1.55,true,""
phase1,16,425,LOW,250,1.20,false,38,32,36939,7719,1.68,true,""
phase1,16,425,MEDIUM,250,1.20,false,38,32,44199,6404,2.03,true,""
phase1,16,425,QUARTILE,250,1.20,false,38,32,57080,4360,2.98,true,""
phase1,16,425,HIGH,250,1.20,false,38,32,71350,5896,2.20,true,""
phase1,16,450,LOW,250,1.20,false,36,30,35056,4442,2.93,true,""
phase1,16,450,MEDIUM,250,1.20,false,36,30,45865,5711,2.28,true,""
phase1,16,450,QUARTILE,250,1.20,false,36,30,58668,4898,2.65,true,""
phase1,16,450,HIGH,250,1.20,false,36,30,72524,6432,2.02,true,""
phase1,16,475,LOW,250,1.20,false,34,29,36149,21962,0.59,true,""
phase1,16,475,MEDIUM,250,1.20,false,34,29,43132,9651,1.35,true,""
phase1,16,475,QUARTILE,250,1.20,false,34,29,55036,6503,2.00,true,""
phase1,16,475,HIGH,250,1.20,false,34,29,72748,10553,1.23,true,""
phase1,16,500,LOW,250,1.20,false,33,27,35237,9633,1.35,true,""
phase1,16,500,MEDIUM,250,1.20,false,33,27,45887,10797,1.20,true,""
phase1,16,500,QUARTILE,250,1.20,false,33,27,57848,5910,2.20,true,""
phase1,16,500,HIGH,250,1.20,false,33,27,70965,4708,2.76,true,""
phase1,16,525,LOW,250,1.20,false,31,26,36090,8169,1.59,true,""
phase1,16,525,MEDIUM,250,1.20,false,31,26,43046,8783,1.48,true,""
phase1,16,525,QUARTILE,250,1.20,false,31,26,58341,6293,2.07,true,""
phase1,16,525,HIGH,250,1.20,false,31,26,70921,5179,2.51,true,""
phase1,16,550,LOW,250,1.20,false,30,25,34673,4537,2.87,true,""
phase1,16,550,MEDIUM,250,1.20,false,30,25,44840,6690,1.94,true,""
phase1,16,550,QUARTILE,250,1.20,false,30,25,55950,3681,3.53,true,""
phase1,16,550,HIGH,250,1.20,false,30,25,72211,5354,2.43,true,""
phase1,16,575,LOW,250,1.20,false,28,24,32296,5753,2.26,true,""
phase1,16,575,MEDIUM,250,1.20,false,28,24,41743,5824,2.23,true,""
phase1,16,575,QUARTILE,250,1.20,false,28,24,55749,4434,2.93,true,""
phase1,16,575,HIGH,250,1.20,false,28,24,67343,4482,2.90,true,""
phase1,16,600,LOW,250,1.20,false,27,23,34165,4099,3.17,true,""
phase1,16,600,MEDIUM,250,1.20,false,27,23,40371,5358,2.43,true,""
phase1,16,600,QUARTILE,250,1.20,false,27,23,53861,4401,2.95,true,""
phase1,16,600,HIGH,250,1.20,false,27,23,68971,5197,2.50,true,""
phase1,16,625,LOW,250,1.20,false,26,22,32960,2994,4.34,true,""
phase1,16,625,MEDIUM,250,1.20,false,26,22,42113,4618,2.82,true,""
phase1,16,625,QUARTILE,250,1.20,false,26,22,55638,2215,5.87,true,""
phase1,16,625,HIGH,250,1.20,false,26,22,70842,3448,3.77,true,""
phase1,16,650,LOW,250,1.20,false,25,21,34694,2890,4.50,true,""
phase1,16,650,MEDIUM,250,1.20,false,25,21,40669,4331,3.00,true,""
phase1,16,650,QUARTILE,250,1.20,false,25,21,53670,4478,2.90,true,""
phase1,16,650,HIGH,250,1.20,false,25,21,68324,8696,1.49,true,""
phase1,16,675,LOW,250,1.20,false,24,20,33330,2040,6.37,true,""
phase1,16,675,MEDIUM,250,1.20,false,24,20,42098,2701,4.81,true,""
phase1,16,675,QUARTILE,250,1.20,false,24,20,54919,3420,3.80,true,""
phase1,16,675,HIGH,250,1.20,false,24,20,69748,7989,1.63,true,""
phase1,16,700,LOW,250,1.20,false,23,20,31573,5051,2.57,true,""
phase1,16,700,MEDIUM,250,1.20,false,23,20,39812,2898,4.49,true,""
phase1,16,700,QUARTILE,250,1.20,false,23,20,51881,3549,3.66,true,""
phase1,16,700,HIGH,250,1.20,false,23,20,69779,3961,3.28,true,""
phase1,16,725,LOW,250,1.20,false,23,19,34595,4327,3.00,true,""
phase1,16,725,MEDIUM,250,1.20,false,23,19,43217,2783,4.67,true,""
phase1,16,725,QUARTILE,250,1.20,false,23,19,55811,4202,3.09,true,""
phase1,16,725,HIGH,250,1.20,false,23,19,70504,2446,5.31,true,""
phase1,16,750,LOW,250,1.20,false,22,18,33109,4834,2.69,true,""
phase1,16,750,MEDIUM,250,1.20,false,22,18,41363,3941,3.30,true,""
phase1,16,750,QUARTILE,250,1.20,false,22,18,56711,3175,4.09,true,""
phase1,16,750,HIGH,250,1.20,false,22,18,71451,2709,4.80,true,""
phase1,16,775,LOW,250,1.20,false,21,18,31254,2653,4.90,true,""
phase1,16,775,MEDIUM,250,1.20,false,21,18,41774,4142,3.14,true,""
phase1,16,775,QUARTILE,250,1.20,false,21,18,53350,3637,3.57,true,""
phase1,16,775,HIGH,250,1.20,false,21,18,67212,2593,5.01,true,""
phase1,16,800,LOW,250,1.20,false,21,17,34224,3234,4.02,true,""
phase1,16,800,MEDIUM,250,1.20,false,21,17,42271,2690,4.83,true,""
phase1,16,800,QUARTILE,250,1.20,false,21,17,57474,4486,2.90,true,""
phase1,16,800,HIGH,250,1.20,false,21,17,71890,3979,3.27,true,""
phase1,16,825,LOW,250,1.20,false,20,17,32039,3961,3.28,true,""
phase1,16,825,MEDIUM,250,1.20,false,20,17,39681,3994,3.25,true,""
phase1,16,825,QUARTILE,250,1.20,false,20,17,54006,6337,2.05,true,""
phase1,16,825,HIGH,250,1.20,false,20,17,67434,3032,4.29,true,""
phase1,16,850,LOW,250,1.20,false,19,16,30956,4025,3.23,true,""
phase1,16,850,MEDIUM,250,1.20,false,19,16,40874,4242,3.06,true,""
phase1,16,850,QUARTILE,250,1.20,false,19,16,52005,3072,4.23,true,""
phase1,16,850,HIGH,250,1.20,false,19,16,68533,3030,4.29,true,""
phase1,16,875,LOW,250,1.20,false,19,16,33059,4409,2.95,true,""
phase1,16,875,MEDIUM,250,1.20,false,19,16,40491,2997,4.34,true,""
phase1,16,875,QUARTILE,250,1.20,false,19,16,54701,3438,3.78,true,""
phase1,16,875,HIGH,250,1.20,false,19,16,67740,2535,5.13,true,""
phase1,16,900,LOW,250,1.20,false,18,15,31594,3144,4.13,true,""
phase1,16,900,MEDIUM,250,1.20,false,18,15,38728,3038,4.28,true,""
phase1,16,900,QUARTILE,250,1.20,false,18,15,52262,3636,3.58,true,""
phase1,16,900,HIGH,250,1.20,false,18,15,68256,4065,3.20,true,""
phase1,16,925,LOW,250,1.20,false,18,15,33805,4380,2.97,true,""
phase1,16,925,MEDIUM,250,1.20,false,18,15,41098,3149,4.13,true,""
phase1,16,925,QUARTILE,250,1.20,false,18,15,55186,3022,4.30,true,""
phase1,16,925,HIGH,250,1.20,false,18,15,67892,2998,4.34,true,""
phase1,16,950,LOW,250,1.20,false,17,15,31101,2698,4.82,true,""
phase1,16,950,MEDIUM,250,1.20,false,17,15,37705,8149,1.60,true,""
phase1,16,950,QUARTILE,250,1.20,false,17,15,50527,6564,1.98,true,""
phase1,16,950,HIGH,250,1.20,false,17,15,65287,10271,1.27,true,""
phase1,16,975,LOW,250,1.20,false,17,14,31975,4288,3.03,true,""
phase1,16,975,MEDIUM,250,1.20,false,17,14,38898,3040,4.28,true,""
phase1,16,975,QUARTILE,250,1.20,false,17,14,55194,5020,2.59,true,""
phase1,16,975,HIGH,250,1.20,false,17,14,70840,2445,5.32,true,""
phase1,16,1000,LOW,250,1.20,false,17,14,33889,4114,3.16,true,""
phase1,16,1000,MEDIUM,250,1.20,false,17,14,41010,3343,3.89,true,""
phase1,16,1000,QUARTILE,250,1.20,false,17,14,54655,4146,3.14,true,""
phase1,16,1000,HIGH,250,1.20,false,17,14,70097,3899,3.33,true,""
phase1,16,1025,LOW,250,1.20,false,16,14,31215,6548,1.99,true,""
phase1,16,1025,MEDIUM,250,1.20,false,16,14,37616,5572,2.33,true,""
phase1,16,1025,QUARTILE,250,1.20,false,16,14,53200,6837,1.90,true,""
phase1,16,1025,HIGH,250,1.20,false,16,14,64340,3755,3.46,true,""
phase1,16,1050,LOW,250,1.20,false,16,13,32195,3547,3.67,true,""
phase1,16,1050,MEDIUM,250,1.20,false,16,13,38917,3987,3.26,true,""
phase1,16,1050,QUARTILE,250,1.20,false,16,13,54826,2985,4.36,true,""
phase1,16,1050,HIGH,250,1.20,false,16,13,69819,3233,4.02,true,""
phase1,16,1075,LOW,250,1.20,false,15,13,29998,3657,3.55,true,""
phase1,16,1075,MEDIUM,250,1.20,false,15,13,38402,4009,3.24,true,""
phase1,16,1075,QUARTILE,250,1.20,false,15,13,50985,3618,3.59,true,""
phase1,16,1075,HIGH,250,1.20,false,15,13,64969,6074,2.14,true,""
phase1,16,1100,LOW,250,1.20,false,15,13,31689,5083,2.56,true,""
phase1,16,1100,MEDIUM,250,1.20,false,15,13,37830,2935,4.43,true,""
phase1,16,1100,QUARTILE,250,1.20,false,15,13,50240,2586,5.03,true,""
phase1,16,1100,HIGH,250,1.20,false,15,13,66805,2741,4.74,true,""
phase1,16,1125,LOW,250,1.20,false,15,12,32239,4224,3.08,true,""
phase1,16,1125,MEDIUM,250,1.20,false,15,12,41104,3620,3.59,true,""
phase1,16,1125,QUARTILE,250,1.20,false,15,12,54140,2486,5.23,true,""
phase1,16,1125,HIGH,250,1.20,false,15,12,68491,2728,4.77,true,""
phase1,16,1150,LOW,250,1.20,false,14,12,30034,3037,4.28,true,""
phase1,16,1150,MEDIUM,250,1.20,false,14,12,38214,3138,4.14,true,""
phase1,16,1150,QUARTILE,250,1.20,false,14,12,50332,3681,3.53,true,""
phase1,16,1150,HIGH,250,1.20,false,14,12,66376,3808,3.41,true,""
phase1,16,1175,LOW,250,1.20,false,14,12,31719,3448,3.77,true,""
phase1,16,1175,MEDIUM,250,1.20,false,14,12,37887,2736,4.75,true,""
phase1,16,1175,QUARTILE,250,1.20,false,14,12,52366,2276,5.71,true,""
phase1,16,1175,HIGH,250,1.20,false,14,12,65691,4609,2.82,true,""
phase1,16,1200,LOW,250,1.20,false,14,12,31224,3092,4.20,true,""
phase1,16,1200,MEDIUM,250,1.20,false,14,12,39591,2830,4.59,true,""
phase1,16,1200,QUARTILE,250,1.20,false,14,12,51430,2841,4.58,true,""
phase1,16,1200,HIGH,250,1.20,false,14,12,64549,3432,3.79,true,""
phase1,16,1225,LOW,250,1.20,false,14,11,32079,4341,2.99,true,""
phase1,16,1225,MEDIUM,250,1.20,false,14,11,40702,3199,4.06,true,""
phase1,16,1225,QUARTILE,250,1.20,false,14,11,55751,3595,3.62,true,""
phase1,16,1225,HIGH,250,1.20,false,14,11,69660,1474,8.82,true,""
phase1,16,1250,LOW,250,1.20,false,13,11,29751,2691,4.83,true,""
phase1,16,1250,MEDIUM,250,1.20,false,13,11,37735,4303,3.02,true,""
phase1,16,1250,QUARTILE,250,1.20,false,13,11,51703,6551,1.98,true,""
phase1,16,1250,HIGH,250,1.20,false,13,11,64468,2335,5.57,true,""
phase1,16,1275,LOW,250,1.20,false,13,11,31376,3172,4.10,true,""
phase1,16,1275,MEDIUM,250,1.20,false,13,11,39748,2240,5.80,true,""
phase1,16,1275,QUARTILE,250,1.20,false,13,11,51388,4011,3.24,true,""
phase1,16,1300,LOW,250,1.20,false,13,11,31024,2976,4.37,true,""
phase1,16,1300,MEDIUM,250,1.20,false,13,11,39345,4278,3.04,true,""
phase1,16,1300,QUARTILE,250,1.20,false,13,11,53298,2997,4.34,true,""
phase1,16,1325,LOW,250,1.20,false,13,11,30572,4537,2.87,true,""
phase1,16,1325,MEDIUM,250,1.20,false,13,11,38725,4306,3.02,true,""
phase1,16,1325,QUARTILE,250,1.20,false,13,11,52380,2711,4.80,true,""
phase1,16,1350,LOW,250,1.20,false,12,10,29204,3285,3.96,true,""
phase1,16,1350,MEDIUM,250,1.20,false,12,10,36935,3735,3.48,true,""
phase1,16,1350,QUARTILE,250,1.20,false,12,10,52434,2582,5.03,true,""
phase1,16,1375,LOW,250,1.20,false,12,10,30905,2883,4.51,true,""
phase1,16,1375,MEDIUM,250,1.20,false,12,10,38960,4893,2.66,true,""
phase1,12,2300,MEDIUM,250,1.20,false,10,6,49753,1620,8.02,true,""
phase1,16,1375,QUARTILE,250,1.20,false,12,10,52352,2464,5.28,true,""
phase1,16,1400,LOW,250,1.20,false,12,10,30757,3184,4.08,true,""
phase1,16,1400,MEDIUM,250,1.20,false,12,10,38761,2775,4.68,true,""
phase1,16,1400,QUARTILE,250,1.20,false,12,10,52070,3428,3.79,true,""
phase1,16,1425,LOW,250,1.20,false,12,10,30502,2837,4.58,true,""
phase1,16,1425,MEDIUM,250,1.20,false,12,10,38456,3476,3.74,true,""
phase1,16,1425,QUARTILE,250,1.20,false,12,10,54027,3278,3.97,true,""
phase1,16,1450,LOW,250,1.20,false,12,10,30151,3374,3.85,true,""
phase1,16,1450,MEDIUM,250,1.20,false,12,10,40105,3258,3.99,true,""
phase1,16,1450,QUARTILE,250,1.20,false,12,10,53357,3396,3.83,true,""
phase1,16,1475,LOW,250,1.20,false,11,10,28839,3270,3.98,true,""
phase1,16,1475,MEDIUM,250,1.20,false,11,10,36074,3382,3.84,true,""
phase1,16,1475,QUARTILE,250,1.20,false,11,10,47731,3905,3.33,true,""
phase1,16,1500,LOW,250,1.20,false,11,9,30157,3297,3.94,true,""
phase1,16,1500,MEDIUM,250,1.20,false,11,9,37708,3298,3.94,true,""
phase1,16,1500,QUARTILE,250,1.20,false,11,9,52466,3480,3.74,true,""
phase1,16,1525,LOW,250,1.20,false,11,9,31996,3626,3.59,true,""
phase1,16,1525,MEDIUM,250,1.20,false,11,9,37680,1681,7.73,true,""
phase1,16,1525,QUARTILE,250,1.20,false,11,9,52412,2780,4.68,true,""
phase1,16,1550,LOW,250,1.20,false,11,9,31873,3190,4.08,true,""
phase1,16,1550,MEDIUM,250,1.20,false,11,9,39486,3497,3.72,true,""
phase1,16,1550,QUARTILE,250,1.20,false,11,9,52229,2786,4.67,true,""
phase1,16,1575,LOW,250,1.20,false,11,9,31730,3354,3.88,true,""
phase1,16,1575,MEDIUM,250,1.20,false,11,9,39200,3500,3.71,true,""
phase1,16,1575,QUARTILE,250,1.20,false,11,9,54264,3665,3.55,true,""
phase1,16,1600,LOW,250,1.20,false,11,9,31453,2806,4.63,true,""
phase1,16,1600,MEDIUM,250,1.20,false,11,9,38898,3338,3.89,true,""
phase1,16,1600,QUARTILE,250,1.20,false,11,9,53735,2875,4.52,true,""
phase1,16,1625,LOW,250,1.20,false,10,9,29921,2815,4.62,true,""
phase1,16,1625,MEDIUM,250,1.20,false,10,9,36646,3319,3.92,true,""
phase1,16,1625,QUARTILE,250,1.20,false,10,9,48169,3755,3.46,true,""
phase1,16,1650,LOW,250,1.20,false,10,9,29476,2889,4.50,true,""
phase1,16,1650,MEDIUM,250,1.20,false,10,9,36142,2933,4.43,true,""
phase1,16,1650,QUARTILE,250,1.20,false,10,9,47286,3421,3.80,true,""
phase1,16,1675,LOW,250,1.20,false,10,8,30761,2833,4.59,true,""
phase1,16,1675,MEDIUM,250,1.20,false,10,8,37971,2867,4.53,true,""
phase1,16,1700,LOW,250,1.20,false,10,8,30772,2919,4.45,true,""
phase1,16,1700,MEDIUM,250,1.20,false,10,8,37938,3394,3.83,true,""
phase1,16,1725,LOW,250,1.20,false,10,8,30756,2860,4.55,true,""
phase1,16,1725,MEDIUM,250,1.20,false,10,8,39777,2884,4.51,true,""
phase1,16,1750,LOW,250,1.20,false,10,8,32412,2913,4.46,true,""
phase1,16,1750,MEDIUM,250,1.20,false,10,8,39615,3311,3.93,true,""
phase1,16,1775,LOW,250,1.20,false,10,8,32311,2949,4.41,true,""
phase1,16,1775,MEDIUM,250,1.20,false,10,8,39405,3285,3.96,true,""
phase1,16,1800,LOW,250,1.20,false,10,8,32112,2795,4.65,true,""
phase1,16,1800,MEDIUM,250,1.20,false,10,8,40932,5436,2.39,true,""
phase1,16,1825,LOW,250,1.20,false,10,8,31851,3502,3.71,true,""
phase1,16,1825,MEDIUM,250,1.20,false,10,8,40662,3473,3.74,true,""
phase1,16,1850,LOW,250,1.20,false,10,8,33238,2882,4.51,true,""
phase1,16,1850,MEDIUM,250,1.20,false,10,8,40313,3613,3.60,true,""
phase1,16,1875,LOW,250,1.20,false,10,8,32957,3352,3.88,true,""
phase1,16,1875,MEDIUM,250,1.20,false,10,8,39795,3473,3.74,true,""
phase1,16,1900,LOW,250,1.20,false,10,8,32360,3244,4.01,true,""
phase1,16,1900,MEDIUM,250,1.20,false,10,8,39155,15517,0.84,true,""
phase1,16,1925,LOW,250,1.20,false,10,7,34281,2463,5.28,true,""
phase1,16,1925,MEDIUM,250,1.20,false,10,7,43704,2865,4.54,true,""
phase1,16,1950,LOW,250,1.20,false,10,7,36083,2868,4.53,true,""
phase1,16,1950,MEDIUM,250,1.20,false,10,7,43675,2977,4.37,true,""
phase1,16,1975,LOW,250,1.20,false,10,7,36043,2911,4.47,true,""
phase1,16,1975,MEDIUM,250,1.20,false,10,7,43647,2823,4.61,true,""
phase1,16,2000,LOW,250,1.20,false,10,7,35959,2853,4.56,true,""
phase1,16,2000,MEDIUM,250,1.20,false,10,7,45571,3713,3.50,true,""
phase1,16,2025,LOW,250,1.20,false,10,7,35900,1172,11.09,true,""
phase1,16,2025,MEDIUM,250,1.20,false,10,7,45431,1954,6.65,true,""
phase1,16,2050,LOW,250,1.20,false,10,7,35732,2517,5.16,true,""
phase1,16,2050,MEDIUM,250,1.20,false,10,7,45232,2945,4.41,true,""
phase1,16,2075,LOW,250,1.20,false,10,7,37199,2147,6.05,true,""
phase1,16,2075,MEDIUM,250,1.20,false,10,7,45058,1945,6.68,true,""
phase1,16,2100,LOW,250,1.20,false,10,7,36961,2003,6.49,true,""
phase1,16,2100,MEDIUM,250,1.20,false,10,7,46914,2579,5.04,true,""
phase1,16,2125,LOW,250,1.20,false,10,7,36781,2286,5.69,true,""
phase1,16,2125,MEDIUM,250,1.20,false,10,7,46591,2473,5.26,true,""
phase1,16,2150,LOW,250,1.20,false,10,7,36432,2091,6.22,true,""
phase1,16,2150,MEDIUM,250,1.20,false,10,7,46093,2709,4.80,true,""
phase1,16,2175,LOW,250,1.20,false,10,7,36104,3558,3.65,true,""
phase1,16,2175,MEDIUM,250,1.20,false,10,7,45574,2995,4.34,true,""
phase1,16,2200,LOW,250,1.20,false,10,7,37809,3769,3.45,true,""
phase1,16,2200,MEDIUM,250,1.20,false,10,7,45039,1816,7.16,true,""
phase1,16,2225,LOW,250,1.20,false,10,6,39829,5523,2.35,true,""
phase1,16,2225,MEDIUM,250,1.20,false,10,6,49767,2452,5.30,true,""
phase1,16,2250,LOW,250,1.20,false,10,6,39826,4081,3.19,true,""
phase1,16,2250,MEDIUM,250,1.20,false,10,6,49779,1596,8.15,true,""
phase1,16,2275,LOW,250,1.20,false,10,6,39848,3284,3.96,true,""
phase1,16,2275,MEDIUM,250,1.20,false,10,6,49743,2499,5.20,true,""
phase1,16,2300,LOW,250,1.20,false,10,6,41655,2044,6.36,true,""
phase1,16,2300,MEDIUM,250,1.20,false,10,6,49753,2869,4.53,true,""
phase1,16,2325,LOW,250,1.20,false,10,6,41595,2665,4.88,true,""
phase1,16,2350,LOW,250,1.20,false,10,6,41514,3645,3.57,true,""
phase1,16,2375,LOW,250,1.20,false,10,6,41445,6060,2.15,true,""
phase1,16,2400,LOW,250,1.20,false,10,6,41433,1922,6.76,true,""
phase1,16,2425,LOW,250,1.20,false,10,6,43251,2528,5.14,true,""
phase1,16,2450,LOW,250,1.20,false,10,6,43104,2526,5.15,true,""
phase1,16,2475,LOW,250,1.20,false,10,6,42996,2535,5.13,true,""
phase1,16,2500,LOW,250,1.20,false,10,6,42800,3379,3.85,true,""
phase1,16,2525,LOW,250,1.20,false,10,6,42581,1360,9.56,true,""
phase1,16,2550,LOW,250,1.20,false,10,6,42283,2038,6.38,true,""
phase1,16,2575,LOW,250,1.20,false,10,6,44048,6545,1.99,true,""
phase1,16,2600,LOW,250,1.20,false,10,6,43739,6545,1.99,true,""
phase1,16,2625,LOW,250,1.20,false,10,6,43392,2696,4.82,true,""
phase1,16,2650,LOW,250,1.20,false,10,6,42905,2029,6.41,true,""
phase1,16,2675,LOW,250,1.20,false,10,5,45692,3421,3.80,true,""
phase1,16,2700,LOW,250,1.20,false,10,5,47721,1853,7.02,true,""
phase1,16,2725,LOW,250,1.20,false,10,5,47697,1753,7.42,true,""
phase1,16,2750,LOW,250,1.20,false,10,5,47713,1651,7.87,true,""
phase1,17,400,LOW,250,1.20,false,41,34,36120,5162,2.52,true,""
phase1,17,400,MEDIUM,250,1.20,false,41,34,43627,6472,2.01,true,""
phase1,17,400,QUARTILE,250,1.20,false,41,34,61536,2914,4.46,true,""
phase1,17,400,HIGH,250,1.20,false,41,34,76908,5119,2.54,true,""
phase1,17,425,LOW,250,1.20,false,38,32,36912,4270,3.04,true,""
phase1,17,425,MEDIUM,250,1.20,false,38,32,44184,4885,2.66,true,""
phase1,17,425,QUARTILE,250,1.20,false,38,32,57096,6050,2.15,true,""
phase1,17,425,HIGH,250,1.20,false,38,32,71400,6934,1.87,true,""
phase1,17,450,LOW,250,1.20,false,36,30,34996,3798,3.42,true,""
phase1,17,450,MEDIUM,250,1.20,false,36,30,45888,4268,3.05,true,""
phase1,17,450,QUARTILE,250,1.20,false,36,30,58670,4121,3.15,true,""
phase1,17,450,HIGH,250,1.20,false,36,30,72487,5853,2.22,true,""
phase1,17,475,LOW,250,1.20,false,34,29,36157,7349,1.77,true,""
phase1,17,475,MEDIUM,250,1.20,false,34,29,43112,4894,2.66,true,""
phase1,17,475,QUARTILE,250,1.20,false,34,29,55021,3849,3.38,true,""
phase1,17,475,HIGH,250,1.20,false,34,29,72686,6575,1.98,true,""
phase1,17,500,LOW,250,1.20,false,33,27,35244,2546,5.11,true,""
phase1,17,500,MEDIUM,250,1.20,false,33,27,45854,5035,2.58,true,""
phase1,17,500,QUARTILE,250,1.20,false,33,27,57883,3952,3.29,true,""
phase1,17,500,HIGH,250,1.20,false,33,27,70974,3329,3.91,true,""
phase1,17,525,LOW,250,1.20,false,31,26,36115,6565,1.98,true,""
phase1,17,525,MEDIUM,250,1.20,false,31,26,43046,5552,2.34,true,""
phase1,17,525,QUARTILE,250,1.20,false,31,26,58350,3661,3.55,true,""
phase1,17,525,HIGH,250,1.20,false,31,26,70922,3426,3.79,true,""
phase1,17,550,LOW,250,1.20,false,30,25,34679,4702,2.76,true,""
phase1,17,550,MEDIUM,250,1.20,false,30,25,44859,3874,3.36,true,""
phase1,17,550,QUARTILE,250,1.20,false,30,25,55891,2884,4.51,true,""
phase1,17,550,HIGH,250,1.20,false,30,25,72248,3839,3.39,true,""
phase1,17,575,LOW,250,1.20,false,28,24,32295,4098,3.17,true,""
phase1,17,575,MEDIUM,250,1.20,false,28,24,41775,3672,3.54,true,""
phase1,17,575,QUARTILE,250,1.20,false,28,24,55754,4740,2.74,true,""
phase1,17,575,HIGH,250,1.20,false,28,24,67333,3941,3.30,true,""
phase1,17,600,LOW,250,1.20,false,27,23,34188,3856,3.37,true,""
phase1,17,600,MEDIUM,250,1.20,false,27,23,40297,2849,4.56,true,""
phase1,17,600,QUARTILE,250,1.20,false,27,23,53882,2664,4.88,true,""
phase1,17,600,HIGH,250,1.20,false,27,23,68992,3463,3.75,true,""
phase1,17,625,LOW,250,1.20,false,26,22,32991,4189,3.10,true,""
phase1,17,625,MEDIUM,250,1.20,false,26,22,42092,3321,3.91,true,""
phase1,17,625,QUARTILE,250,1.20,false,26,22,55633,5494,2.37,true,""
phase1,17,625,HIGH,250,1.20,false,26,22,70818,8093,1.61,true,""
phase1,17,650,LOW,250,1.20,false,25,21,34672,951,13.67,true,""
phase1,17,650,MEDIUM,250,1.20,false,25,21,40633,6246,2.08,true,""
phase1,17,650,QUARTILE,250,1.20,false,25,21,53656,2980,4.36,true,""
phase1,17,650,HIGH,250,1.20,false,25,21,68315,4171,3.12,true,""
phase1,17,675,LOW,250,1.20,false,24,20,33348,4210,3.09,true,""
phase1,17,675,MEDIUM,250,1.20,false,24,20,42118,2455,5.30,true,""
phase1,17,675,QUARTILE,250,1.20,false,24,20,54933,3346,3.89,true,""
phase1,17,675,HIGH,250,1.20,false,24,20,69736,3372,3.86,true,""
phase1,17,700,LOW,250,1.20,false,23,20,31600,4491,2.89,true,""
phase1,17,700,MEDIUM,250,1.20,false,23,20,39769,2184,5.95,true,""
phase1,17,700,QUARTILE,250,1.20,false,23,20,51859,4257,3.05,true,""
phase1,17,700,HIGH,250,1.20,false,23,20,69843,5140,2.53,true,""
phase1,17,725,LOW,250,1.20,false,23,19,34605,4217,3.08,true,""
phase1,17,725,MEDIUM,250,1.20,false,23,19,43179,3180,4.09,true,""
phase1,17,725,QUARTILE,250,1.20,false,23,19,55792,4404,2.95,true,""
phase1,17,725,HIGH,250,1.20,false,23,19,70570,4294,3.03,true,""
phase1,17,750,LOW,250,1.20,false,22,18,33135,2303,5.64,true,""
phase1,17,750,MEDIUM,250,1.20,false,22,18,41428,2443,5.32,true,""
phase1,17,750,QUARTILE,250,1.20,false,22,18,56681,3090,4.21,true,""
phase1,17,750,HIGH,250,1.20,false,22,18,71422,2582,5.03,true,""
phase1,17,775,LOW,250,1.20,false,21,18,31211,3521,3.69,true,""
phase1,17,775,MEDIUM,250,1.20,false,21,18,41796,7885,1.65,true,""
phase1,17,775,QUARTILE,250,1.20,false,21,18,53329,4232,3.07,true,""
phase1,17,775,HIGH,250,1.20,false,21,18,67153,3126,4.16,true,""
phase1,17,800,LOW,250,1.20,false,21,17,34170,3226,4.03,true,""
phase1,17,800,MEDIUM,250,1.20,false,21,17,42224,4074,3.19,true,""
phase1,17,800,QUARTILE,250,1.20,false,21,17,57477,4630,2.81,true,""
phase1,17,800,HIGH,250,1.20,false,21,17,71901,3062,4.25,true,""
phase1,17,825,LOW,250,1.20,false,20,17,32059,4729,2.75,true,""
phase1,17,825,MEDIUM,250,1.20,false,20,17,39701,4670,2.78,true,""
phase1,17,825,QUARTILE,250,1.20,false,20,17,53975,2535,5.13,true,""
phase1,17,825,HIGH,250,1.20,false,20,17,67432,2510,5.18,true,""
phase1,17,850,LOW,250,1.20,false,19,16,30958,4597,2.83,true,""
phase1,17,850,MEDIUM,250,1.20,false,19,16,40831,2932,4.43,true,""
phase1,17,850,QUARTILE,250,1.20,false,19,16,51996,2387,5.45,true,""
phase1,17,850,HIGH,250,1.20,false,19,16,68481,2409,5.40,true,""
phase1,17,875,LOW,250,1.20,false,19,16,33038,3498,3.72,true,""
phase1,17,875,MEDIUM,250,1.20,false,19,16,40473,4501,2.89,true,""
phase1,17,875,QUARTILE,250,1.20,false,19,16,54643,8918,1.46,true,""
phase1,17,875,HIGH,250,1.20,false,19,16,67703,3866,3.36,true,""
phase1,17,900,LOW,250,1.20,false,18,15,31555,6403,2.03,true,""
phase1,17,900,MEDIUM,250,1.20,false,18,15,38717,4925,2.64,true,""
phase1,17,900,QUARTILE,250,1.20,false,18,15,52293,7812,1.66,true,""
phase1,17,900,HIGH,250,1.20,false,18,15,68273,2207,5.89,true,""
phase1,17,925,LOW,250,1.20,false,18,15,33752,3519,3.69,true,""
phase1,17,925,MEDIUM,250,1.20,false,18,15,41086,2988,4.35,true,""
phase1,17,925,QUARTILE,250,1.20,false,18,15,55195,3488,3.73,true,""
phase1,17,925,HIGH,250,1.20,false,18,15,67873,3453,3.76,true,""
phase1,17,950,LOW,250,1.20,false,17,15,31076,3353,3.88,true,""
phase1,17,950,MEDIUM,250,1.20,false,17,15,37687,3840,3.39,true,""
phase1,17,950,QUARTILE,250,1.20,false,17,15,50493,2888,4.50,true,""
phase1,17,950,HIGH,250,1.20,false,17,15,65301,3296,3.94,true,""
phase1,17,975,LOW,250,1.20,false,17,14,31981,5067,2.57,true,""
phase1,17,975,MEDIUM,250,1.20,false,17,14,38897,2881,4.51,true,""
phase1,17,975,QUARTILE,250,1.20,false,17,14,55193,4919,2.64,true,""
phase1,17,975,HIGH,250,1.20,false,17,14,70832,1729,7.52,true,""
phase1,17,1000,LOW,250,1.20,false,17,14,33893,3204,4.06,true,""
phase1,17,1000,MEDIUM,250,1.20,false,17,14,40989,3771,3.45,true,""
phase1,17,1000,QUARTILE,250,1.20,false,17,14,54653,5367,2.42,true,""
phase1,17,1000,HIGH,250,1.20,false,17,14,70153,1413,9.20,true,""
phase1,17,1025,LOW,250,1.20,false,16,14,31213,2855,4.55,true,""
phase1,17,1025,MEDIUM,250,1.20,false,16,14,37559,2945,4.41,true,""
phase1,17,1025,QUARTILE,250,1.20,false,16,14,53229,3810,3.41,true,""
phase1,17,1025,HIGH,250,1.20,false,16,14,64342,2773,4.69,true,""
phase1,17,1050,LOW,250,1.20,false,16,13,32204,3233,4.02,true,""
phase1,17,1050,MEDIUM,250,1.20,false,16,13,38899,4383,2.97,true,""
phase1,17,1050,QUARTILE,250,1.20,false,16,13,54816,3817,3.41,true,""
phase1,17,1050,HIGH,250,1.20,false,16,13,69828,3779,3.44,true,""
phase1,17,1075,LOW,250,1.20,false,15,13,29951,3721,3.49,true,""
phase1,17,1075,MEDIUM,250,1.20,false,15,13,38405,2697,4.82,true,""
phase1,17,1075,QUARTILE,250,1.20,false,15,13,51039,2623,4.96,true,""
phase1,17,1075,HIGH,250,1.20,false,15,13,64891,3268,3.98,true,""
phase1,17,1100,LOW,250,1.20,false,15,13,31647,3172,4.10,true,""
phase1,17,1100,MEDIUM,250,1.20,false,15,13,37811,2069,6.28,true,""
phase1,17,1100,QUARTILE,250,1.20,false,15,13,50224,2688,4.84,true,""
phase1,17,1100,HIGH,250,1.20,false,15,13,66838,2848,4.56,true,""
phase1,17,1125,LOW,250,1.20,false,15,12,32285,2772,4.69,true,""
phase1,17,1125,MEDIUM,250,1.20,false,15,12,41101,3295,3.95,true,""
phase1,17,1125,QUARTILE,250,1.20,false,15,12,54129,3497,3.72,true,""
phase1,17,1125,HIGH,250,1.20,false,15,12,68500,2559,5.08,true,""
phase1,17,1150,LOW,250,1.20,false,14,12,30051,1959,6.64,true,""
phase1,17,1150,MEDIUM,250,1.20,false,14,12,38186,2595,5.01,true,""
phase1,17,1150,QUARTILE,250,1.20,false,14,12,50345,2634,4.94,true,""
phase1,17,1150,HIGH,250,1.20,false,14,12,66420,2862,4.54,true,""
phase1,17,1175,LOW,250,1.20,false,14,12,31673,2719,4.78,true,""
phase1,17,1175,MEDIUM,250,1.20,false,14,12,37863,3059,4.25,true,""
phase1,17,1175,QUARTILE,250,1.20,false,14,12,52389,4127,3.15,true,""
phase1,17,1175,HIGH,250,1.20,false,14,12,65669,1369,9.50,true,""
phase1,17,1200,LOW,250,1.20,false,14,12,31229,2764,4.70,true,""
phase1,17,1200,MEDIUM,250,1.20,false,14,12,39621,1767,7.36,true,""
phase1,17,1200,QUARTILE,250,1.20,false,14,12,51407,2378,5.47,true,""
phase1,17,1200,HIGH,250,1.20,false,14,12,64556,2129,6.11,true,""
phase1,17,1225,LOW,250,1.20,false,14,11,32075,3366,3.86,true,""
phase1,17,1225,MEDIUM,250,1.20,false,14,11,40712,2708,4.80,true,""
phase1,17,1225,QUARTILE,250,1.20,false,14,11,55761,2087,6.23,true,""
phase1,17,1225,HIGH,250,1.20,false,14,11,69657,2886,4.50,true,""
phase1,17,1250,LOW,250,1.20,false,13,11,29753,3434,3.79,true,""
phase1,17,1250,MEDIUM,250,1.20,false,13,11,37742,3159,4.12,true,""
phase1,17,1250,QUARTILE,250,1.20,false,13,11,51672,2849,4.56,true,""
phase1,17,1250,HIGH,250,1.20,false,13,11,64446,2504,5.19,true,""
phase1,17,1275,LOW,250,1.20,false,13,11,31342,2654,4.90,true,""
phase1,17,1275,MEDIUM,250,1.20,false,13,11,39758,2567,5.06,true,""
phase1,17,1275,QUARTILE,250,1.20,false,13,11,51345,2541,5.12,true,""
phase1,17,1300,LOW,250,1.20,false,13,11,31054,2185,5.95,true,""
phase1,17,1300,MEDIUM,250,1.20,false,13,11,39346,2728,4.77,true,""
phase1,17,1300,QUARTILE,250,1.20,false,13,11,53277,2784,4.67,true,""
phase1,17,1325,LOW,250,1.20,false,13,11,30560,3415,3.81,true,""
phase1,17,1325,MEDIUM,250,1.20,false,13,11,38701,4902,2.65,true,""
phase1,17,1325,QUARTILE,250,1.20,false,13,11,52334,2998,4.34,true,""
phase1,17,1350,LOW,250,1.20,false,12,10,29226,3511,3.70,true,""
phase1,17,1350,MEDIUM,250,1.20,false,12,10,36924,3299,3.94,true,""
phase1,17,1350,QUARTILE,250,1.20,false,12,10,52394,2051,6.34,true,""
phase1,17,1375,LOW,250,1.20,false,12,10,30905,2929,4.44,true,""
phase1,17,1375,MEDIUM,250,1.20,false,12,10,38964,3624,3.59,true,""
phase1,17,1375,QUARTILE,250,1.20,false,12,10,52352,5477,2.37,true,""
phase1,17,1400,LOW,250,1.20,false,12,10,30757,2557,5.08,true,""
phase1,17,1400,MEDIUM,250,1.20,false,12,10,38761,4787,2.72,true,""
phase1,17,1400,QUARTILE,250,1.20,false,12,10,52070,2388,5.44,true,""
phase1,17,1425,LOW,250,1.20,false,12,10,30502,4361,2.98,true,""
phase1,17,1425,MEDIUM,250,1.20,false,12,10,38456,2605,4.99,true,""
phase1,17,1425,QUARTILE,250,1.20,false,12,10,54027,4128,3.15,true,""
phase1,17,1450,LOW,250,1.20,false,12,10,30151,2923,4.45,true,""
phase1,17,1450,MEDIUM,250,1.20,false,12,10,40105,3841,3.38,true,""
phase1,17,1450,QUARTILE,250,1.20,false,12,10,53357,2679,4.85,true,""
phase1,17,1475,LOW,250,1.20,false,11,10,28839,1337,9.72,true,""
phase1,17,1475,MEDIUM,250,1.20,false,11,10,36074,3976,3.27,true,""
phase1,17,1475,QUARTILE,250,1.20,false,11,10,47731,2793,4.65,true,""
phase1,17,1500,LOW,250,1.20,false,11,9,30157,2120,6.13,true,""
phase1,17,1500,MEDIUM,250,1.20,false,11,9,37708,2894,4.49,true,""
phase1,17,1500,QUARTILE,250,1.20,false,11,9,52466,1824,7.13,true,""
phase1,17,1525,LOW,250,1.20,false,11,9,31996,2813,4.62,true,""
phase1,17,1525,MEDIUM,250,1.20,false,11,9,37680,2280,5.70,true,""
phase1,17,1525,QUARTILE,250,1.20,false,11,9,52412,2420,5.37,true,""
phase1,17,1550,LOW,250,1.20,false,11,9,31873,2491,5.22,true,""
phase1,17,1550,MEDIUM,250,1.20,false,11,9,39486,2346,5.54,true,""
phase1,17,1550,QUARTILE,250,1.20,false,11,9,52229,3215,4.04,true,""
phase1,17,1575,LOW,250,1.20,false,11,9,31730,3098,4.20,true,""
phase1,17,1575,MEDIUM,250,1.20,false,11,9,39200,2854,4.56,true,""
phase1,17,1575,QUARTILE,250,1.20,false,11,9,54264,1935,6.72,true,""
phase1,17,1600,LOW,250,1.20,false,11,9,31453,2951,4.41,true,""
phase1,17,1600,MEDIUM,250,1.20,false,11,9,38898,2529,5.14,true,""
phase1,17,1600,QUARTILE,250,1.20,false,11,9,53735,2161,6.02,true,""
phase1,17,1625,LOW,250,1.20,false,10,9,29921,2795,4.65,true,""
phase1,17,1625,MEDIUM,250,1.20,false,10,9,36646,3402,3.82,true,""
phase1,17,1625,QUARTILE,250,1.20,false,10,9,48169,4462,2.91,true,""
phase1,17,1650,LOW,250,1.20,false,10,9,29476,3147,4.13,true,""
phase1,17,1650,MEDIUM,250,1.20,false,10,9,36142,2562,5.07,true,""
phase1,17,1650,QUARTILE,250,1.20,false,10,9,47286,2407,5.40,true,""
phase1,17,1675,LOW,250,1.20,false,10,8,30761,2210,5.88,true,""
phase1,17,1675,MEDIUM,250,1.20,false,10,8,37971,3745,3.47,true,""
phase1,17,1700,LOW,250,1.20,false,10,8,30772,3137,4.14,true,""
phase1,17,1700,MEDIUM,250,1.20,false,10,8,37938,2706,4.80,true,""
phase1,17,1725,LOW,250,1.20,false,10,8,30756,2729,4.76,true,""
phase1,17,1725,MEDIUM,250,1.20,false,10,8,39777,2694,4.83,true,""
phase1,17,1750,LOW,250,1.20,false,10,8,32412,3373,3.85,true,""
phase1,17,1750,MEDIUM,250,1.20,false,10,8,39615,2832,4.59,true,""
phase1,17,1775,LOW,250,1.20,false,10,8,32311,2963,4.39,true,""
phase1,17,1775,MEDIUM,250,1.20,false,10,8,39405,2884,4.51,true,""
phase1,17,1800,LOW,250,1.20,false,10,8,32112,3210,4.05,true,""
phase1,17,1800,MEDIUM,250,1.20,false,10,8,40932,1998,6.51,true,""
phase1,17,1825,LOW,250,1.20,false,10,8,31851,2747,4.73,true,""
phase1,17,1825,MEDIUM,250,1.20,false,10,8,40662,2538,5.12,true,""
phase1,17,1850,LOW,250,1.20,false,10,8,33238,3028,4.29,true,""
phase1,17,1850,MEDIUM,250,1.20,false,10,8,40313,3619,3.59,true,""
phase1,17,1875,LOW,250,1.20,false,10,8,32957,1582,8.22,true,""
phase1,17,1875,MEDIUM,250,1.20,false,10,8,39795,2441,5.33,true,""
phase1,17,1900,LOW,250,1.20,false,10,8,32360,2511,5.18,true,""
phase1,17,1900,MEDIUM,250,1.20,false,10,8,39155,2704,4.81,true,""
phase1,17,1925,LOW,250,1.20,false,10,7,34281,2614,4.97,true,""
phase1,17,1925,MEDIUM,250,1.20,false,10,7,43704,2954,4.40,true,""
phase1,17,1950,LOW,250,1.20,false,10,7,36083,2111,6.16,true,""
phase1,17,1950,MEDIUM,250,1.20,false,10,7,43675,2068,6.29,true,""
phase1,17,1975,LOW,250,1.20,false,10,7,36043,2839,4.58,true,""
phase1,17,1975,MEDIUM,250,1.20,false,10,7,43647,2844,4.57,true,""
phase1,17,2000,LOW,250,1.20,false,10,7,35959,1977,6.58,true,""
phase1,17,2000,MEDIUM,250,1.20,false,10,7,45571,2060,6.31,true,""
phase1,17,2025,LOW,250,1.20,false,10,7,35900,2442,5.32,true,""
phase1,17,2025,MEDIUM,250,1.20,false,10,7,45431,2481,5.24,true,""
phase1,17,2050,LOW,250,1.20,false,10,7,35732,2190,5.94,true,""
phase1,17,2050,MEDIUM,250,1.20,false,10,7,45232,2363,5.50,true,""
phase1,17,2075,LOW,250,1.20,false,10,7,37199,2718,4.78,true,""
phase1,17,2075,MEDIUM,250,1.20,false,10,7,45058,2495,5.21,true,""
phase1,17,2100,LOW,250,1.20,false,10,7,36961,2369,5.49,true,""
phase1,17,2100,MEDIUM,250,1.20,false,10,7,46914,1883,6.90,true,""
phase1,17,2125,LOW,250,1.20,false,10,7,36781,2760,4.71,true,""
phase1,17,2125,MEDIUM,250,1.20,false,10,7,46591,2075,6.27,true,""
phase1,17,2150,LOW,250,1.20,false,10,7,36432,1810,7.18,true,""
phase1,17,2150,MEDIUM,250,1.20,false,10,7,46093,2738,4.75,true,""
phase1,17,2175,LOW,250,1.20,false,10,7,36104,2275,5.71,true,""
phase1,17,2175,MEDIUM,250,1.20,false,10,7,45574,5809,2.24,true,""
phase1,17,2200,LOW,250,1.20,false,10,7,37809,2648,4.91,true,""
phase1,17,2200,MEDIUM,250,1.20,false,10,7,45039,2030,6.40,true,""
phase1,17,2225,LOW,250,1.20,false,10,6,39829,1484,8.76,true,""
phase1,17,2225,MEDIUM,250,1.20,false,10,6,49767,1997,6.51,true,""
phase1,17,2250,LOW,250,1.20,false,10,6,39826,5706,2.28,true,""
phase1,17,2250,MEDIUM,250,1.20,false,10,6,49779,2845,4.57,true,""
phase1,17,2275,LOW,250,1.20,false,10,6,39848,2894,4.49,true,""
phase1,17,2275,MEDIUM,250,1.20,false,10,6,49743,2027,6.41,true,""
phase1,17,2300,LOW,250,1.20,false,10,6,41655,3379,3.85,true,""
phase1,17,2300,MEDIUM,250,1.20,false,10,6,49753,821,15.83,true,""
phase1,17,2325,LOW,250,1.20,false,10,6,41595,2962,4.39,true,""
phase1,17,2350,LOW,250,1.20,false,10,6,41514,2465,5.27,true,""
phase1,17,2375,LOW,250,1.20,false,10,6,41445,2571,5.06,true,""
phase1,17,2400,LOW,250,1.20,false,10,6,41433,2765,4.70,true,""
phase1,17,2425,LOW,250,1.20,false,10,6,43251,2787,4.66,true,""
phase1,17,2450,LOW,250,1.20,false,10,6,43104,2001,6.50,true,""
phase1,17,2475,LOW,250,1.20,false,10,6,42996,2425,5.36,true,""
phase1,17,2500,LOW,250,1.20,false,10,6,42800,2366,5.49,true,""
phase1,17,2525,LOW,250,1.20,false,10,6,42581,1301,9.99,true,""
phase1,17,2550,LOW,250,1.20,false,10,6,42283,2939,4.42,true,""
phase1,17,2575,LOW,250,1.20,false,10,6,44048,2094,6.21,true,""
phase1,17,2600,LOW,250,1.20,false,10,6,43739,2147,6.05,true,""
phase1,17,2625,LOW,250,1.20,false,10,6,43392,3337,3.90,true,""
phase1,17,2650,LOW,250,1.20,false,10,6,42905,1699,7.65,true,""
phase1,17,2675,LOW,250,1.20,false,10,5,45692,2527,5.14,true,""
phase1,17,2700,LOW,250,1.20,false,10,5,47721,4408,2.95,true,""
phase1,17,2725,LOW,250,1.20,false,10,5,47697,2442,5.32,true,""
phase1,17,2750,LOW,250,1.20,false,10,5,47713,17186,0.76,true,""
phase1,17,2775,LOW,250,1.20,false,10,5,47696,13582,0.96,true,""
phase1,17,2800,LOW,250,1.20,false,10,5,49707,16761,0.78,true,""
phase1,18,400,LOW,250,1.20,false,41,34,36120,4714,2.76,true,""
phase1,18,400,MEDIUM,250,1.20,false,41,34,43627,16294,0.80,true,""
phase1,18,400,QUARTILE,250,1.20,false,41,34,61536,4931,2.64,true,""
phase1,18,400,HIGH,250,1.20,false,41,34,76908,8882,1.46,true,""
phase1,18,425,LOW,250,1.20,false,38,32,36912,12075,1.08,true,""
phase1,18,425,QUARTILE,250,1.20,false,38,32,57096,192,67.71,true,""
phase1,16,2775,LOW,250,1.20,false,10,5,47670,11792,1.10,true,""
phase1,16,2800,LOW,250,1.20,false,10,5,49722,1543,8.43,true,""
phase1,18,425,MEDIUM,250,1.20,false,38,32,44193,6490,2.00,true,""
phase1,18,425,HIGH,250,1.20,false,38,32,71377,5887,2.21,true,""
phase1,18,450,LOW,250,1.20,false,36,30,35032,4260,3.05,true,""
phase1,18,450,MEDIUM,250,1.20,false,36,30,45877,17531,0.74,true,""
phase1,18,450,QUARTILE,250,1.20,false,36,30,58688,4950,2.63,true,""
phase1,18,450,HIGH,250,1.20,false,36,30,72503,24002,0.54,true,""
phase1,18,475,LOW,250,1.20,false,34,29,36130,4623,2.81,true,""
phase1,18,475,MEDIUM,250,1.20,false,34,29,43106,7273,1.79,true,""
phase1,18,475,QUARTILE,250,1.20,false,34,29,54974,4273,3.04,true,""
phase1,18,475,HIGH,250,1.20,false,34,29,72661,6113,2.13,true,""
phase1,18,500,LOW,250,1.20,false,33,27,35269,20212,0.64,true,""
phase1,18,500,MEDIUM,250,1.20,false,33,27,45823,4687,2.77,true,""
phase1,18,500,QUARTILE,250,1.20,false,33,27,57875,4092,3.18,true,""
phase1,18,500,HIGH,250,1.20,false,33,27,70955,6111,2.13,true,""
phase1,18,525,LOW,250,1.20,false,31,26,36100,4392,2.96,true,""
phase1,18,525,MEDIUM,250,1.20,false,31,26,43038,7493,1.73,true,""
phase1,18,525,QUARTILE,250,1.20,false,31,26,58325,6124,2.12,true,""
phase1,18,525,HIGH,250,1.20,false,31,26,70919,5682,2.29,true,""
phase1,18,550,LOW,250,1.20,false,30,25,34667,4955,2.62,true,""
phase1,18,550,MEDIUM,250,1.20,false,30,25,44818,16443,0.79,true,""
phase1,18,550,QUARTILE,250,1.20,false,30,25,55916,5312,2.45,true,""
phase1,18,550,HIGH,250,1.20,false,30,25,72242,6245,2.08,true,""
phase1,18,575,LOW,250,1.20,false,28,24,32283,3909,3.33,true,""
phase1,18,575,MEDIUM,250,1.20,false,28,24,41770,26095,0.50,true,""
phase1,18,575,QUARTILE,250,1.20,false,28,24,55743,4847,2.68,true,""
phase1,18,575,HIGH,250,1.20,false,28,24,67314,4079,3.19,true,""
phase1,18,600,LOW,250,1.20,false,27,23,34173,8722,1.49,true,""
phase1,18,600,MEDIUM,250,1.20,false,27,23,40351,8045,1.62,true,""
phase1,18,600,QUARTILE,250,1.20,false,27,23,53911,16125,0.81,true,""
phase1,18,600,HIGH,250,1.20,false,27,23,68945,8376,1.55,true,""
phase1,18,625,LOW,250,1.20,false,26,22,32997,4195,3.10,true,""
phase1,18,625,MEDIUM,250,1.20,false,26,22,42144,3657,3.55,true,""
phase1,18,625,QUARTILE,250,1.20,false,26,22,55594,3955,3.29,true,""
phase1,18,625,HIGH,250,1.20,false,26,22,70833,3423,3.80,true,""
phase1,18,650,LOW,250,1.20,false,25,21,34704,5601,2.32,true,""
phase1,18,650,MEDIUM,250,1.20,false,25,21,40673,5111,2.54,true,""
phase1,18,650,QUARTILE,250,1.20,false,25,21,53691,3799,3.42,true,""
phase1,18,650,HIGH,250,1.20,false,25,21,68310,3746,3.47,true,""
phase1,18,675,LOW,250,1.20,false,24,20,33375,17355,0.75,true,""
phase1,18,675,MEDIUM,250,1.20,false,24,20,42093,3571,3.64,true,""
phase1,18,675,QUARTILE,250,1.20,false,24,20,54912,7115,1.83,true,""
phase1,18,675,HIGH,250,1.20,false,24,20,69723,4770,2.73,true,""
phase1,18,700,LOW,250,1.20,false,23,20,31558,5074,2.56,true,""
phase1,18,700,MEDIUM,250,1.20,false,23,20,39824,13003,1.00,true,""
phase1,18,700,QUARTILE,250,1.20,false,23,20,51857,8388,1.55,true,""
phase1,18,700,HIGH,250,1.20,false,23,20,69789,4679,2.78,true,""
phase1,18,725,LOW,250,1.20,false,23,19,34578,15745,0.83,true,""
phase1,18,725,MEDIUM,250,1.20,false,23,19,43221,4029,3.23,true,""
phase1,18,725,QUARTILE,250,1.20,false,23,19,55778,13916,0.93,true,""
phase1,18,725,HIGH,250,1.20,false,23,19,70521,5665,2.29,true,""
phase1,18,750,LOW,250,1.20,false,22,18,33132,12367,1.05,true,""
phase1,18,750,MEDIUM,250,1.20,false,22,18,41383,2847,4.57,true,""
phase1,18,750,QUARTILE,250,1.20,false,22,18,56676,3127,4.16,true,""
phase1,18,750,HIGH,250,1.20,false,22,18,71464,3641,3.57,true,""
phase1,18,775,LOW,250,1.20,false,21,18,31206,7894,1.65,true,""
phase1,18,775,MEDIUM,250,1.20,false,21,18,41781,4409,2.95,true,""
phase1,18,775,QUARTILE,250,1.20,false,21,18,53327,3375,3.85,true,""
phase1,18,775,HIGH,250,1.20,false,21,18,67156,3350,3.88,true,""
phase1,18,800,LOW,250,1.20,false,21,17,34218,3133,4.15,true,""
phase1,18,800,MEDIUM,250,1.20,false,21,17,42230,3858,3.37,true,""
phase1,18,800,QUARTILE,250,1.20,false,21,17,57426,3961,3.28,true,""
phase1,18,800,HIGH,250,1.20,false,21,17,71868,3181,4.09,true,""
phase1,18,825,LOW,250,1.20,false,20,17,32070,3302,3.94,true,""
phase1,18,825,MEDIUM,250,1.20,false,20,17,39638,2706,4.80,true,""
phase1,18,825,QUARTILE,250,1.20,false,20,17,54000,3116,4.17,true,""
phase1,18,825,HIGH,250,1.20,false,20,17,67448,5005,2.60,true,""
phase1,18,850,LOW,250,1.20,false,19,16,30931,3236,4.02,true,""
phase1,18,850,MEDIUM,250,1.20,false,19,16,40837,3931,3.31,true,""
phase1,18,850,QUARTILE,250,1.20,false,19,16,52040,3424,3.80,true,""
phase1,18,850,HIGH,250,1.20,false,19,16,68511,3814,3.41,true,""
phase1,18,875,LOW,250,1.20,false,19,16,33007,3415,3.81,true,""
phase1,18,875,MEDIUM,250,1.20,false,19,16,40455,3200,4.06,true,""
phase1,18,875,QUARTILE,250,1.20,false,19,16,54643,3363,3.87,true,""
phase1,18,875,HIGH,250,1.20,false,19,16,67713,3159,4.12,true,""
phase1,18,900,LOW,250,1.20,false,18,15,31582,3011,4.32,true,""
phase1,18,900,MEDIUM,250,1.20,false,18,15,38720,3308,3.93,true,""
phase1,18,900,QUARTILE,250,1.20,false,18,15,52325,2208,5.89,true,""
phase1,18,900,HIGH,250,1.20,false,18,15,68306,3260,3.99,true,""
phase1,18,925,LOW,250,1.20,false,18,15,33781,3366,3.86,true,""
phase1,18,925,MEDIUM,250,1.20,false,18,15,41084,2837,4.58,true,""
phase1,18,925,QUARTILE,250,1.20,false,18,15,55172,3370,3.86,true,""
phase1,18,925,HIGH,250,1.20,false,18,15,67876,2746,4.73,true,""
phase1,18,950,LOW,250,1.20,false,17,15,31093,3557,3.65,true,""
phase1,18,950,MEDIUM,250,1.20,false,17,15,37675,3799,3.42,true,""
phase1,18,950,QUARTILE,250,1.20,false,17,15,50509,2874,4.52,true,""
phase1,18,950,HIGH,250,1.20,false,17,15,65312,2934,4.43,true,""
phase1,18,975,LOW,250,1.20,false,17,14,31943,4030,3.23,true,""
phase1,18,975,MEDIUM,250,1.20,false,17,14,38901,3606,3.61,true,""
phase1,18,975,QUARTILE,250,1.20,false,17,14,55162,2942,4.42,true,""
phase1,18,975,HIGH,250,1.20,false,17,14,70833,2043,6.36,true,""
phase1,18,1000,LOW,250,1.20,false,17,14,33890,3018,4.31,true,""
phase1,18,1000,MEDIUM,250,1.20,false,17,14,41004,2941,4.42,true,""
phase1,18,1000,QUARTILE,250,1.20,false,17,14,54630,3709,3.50,true,""
phase1,18,1000,HIGH,250,1.20,false,17,14,70088,3160,4.11,true,""
phase1,18,1025,LOW,250,1.20,false,16,14,31225,2406,5.40,true,""
phase1,18,1025,MEDIUM,250,1.20,false,16,14,37593,2878,4.52,true,""
phase1,18,1025,QUARTILE,250,1.20,false,16,14,53174,3697,3.52,true,""
phase1,18,1025,HIGH,250,1.20,false,16,14,64307,2891,4.50,true,""
phase1,18,1050,LOW,250,1.20,false,16,13,32226,2441,5.33,true,""
phase1,18,1050,MEDIUM,250,1.20,false,16,13,38903,4142,3.14,true,""
phase1,18,1050,QUARTILE,250,1.20,false,16,13,54812,4630,2.81,true,""
phase1,18,1050,HIGH,250,1.20,false,16,13,69809,2849,4.56,true,""
phase1,18,1075,LOW,250,1.20,false,15,13,29973,2949,4.41,true,""
phase1,18,1075,MEDIUM,250,1.20,false,15,13,38370,3556,3.66,true,""
phase1,18,1075,QUARTILE,250,1.20,false,15,13,51019,4229,3.07,true,""
phase1,18,1075,HIGH,250,1.20,false,15,13,64930,3142,4.14,true,""
phase1,18,1100,LOW,250,1.20,false,15,13,31629,3652,3.56,true,""
phase1,18,1100,MEDIUM,250,1.20,false,15,13,37822,3230,4.02,true,""
phase1,18,1100,QUARTILE,250,1.20,false,15,13,50234,4118,3.16,true,""
phase1,18,1100,HIGH,250,1.20,false,15,13,66825,2890,4.50,true,""
phase1,18,1125,LOW,250,1.20,false,15,12,32256,2404,5.41,true,""
phase1,18,1125,MEDIUM,250,1.20,false,15,12,41103,3019,4.31,true,""
phase1,18,1125,QUARTILE,250,1.20,false,15,12,54145,3004,4.33,true,""
phase1,18,1125,HIGH,250,1.20,false,15,12,68503,4004,3.25,true,""
phase1,18,1150,LOW,250,1.20,false,14,12,30048,3492,3.72,true,""
phase1,18,1150,MEDIUM,250,1.20,false,14,12,38215,2821,4.61,true,""
phase1,18,1150,QUARTILE,250,1.20,false,14,12,50361,2997,4.34,true,""
phase1,18,1150,HIGH,250,1.20,false,14,12,66406,2947,4.41,true,""
phase1,18,1175,LOW,250,1.20,false,14,12,31703,2988,4.35,true,""
phase1,18,1175,MEDIUM,250,1.20,false,14,12,37862,3203,4.06,true,""
phase1,18,1175,QUARTILE,250,1.20,false,14,12,52403,1935,6.72,true,""
phase1,18,1175,HIGH,250,1.20,false,14,12,65701,3600,3.61,true,""
phase1,18,1550,MEDIUM,250,1.20,false,11,9,39477,17081,0.76,true,""
phase1,18,1550,QUARTILE,250,1.20,false,11,9,52214,2027,6.41,true,""
phase1,18,1575,LOW,250,1.20,false,11,9,31690,2517,5.16,true,""
phase1,18,1575,MEDIUM,250,1.20,false,11,9,39231,2662,4.88,true,""
phase1,18,1575,QUARTILE,250,1.20,false,11,9,54197,2611,4.98,true,""
phase1,18,1600,LOW,250,1.20,false,11,9,31477,3848,3.38,true,""
phase1,18,1600,MEDIUM,250,1.20,false,11,9,38899,1942,6.69,true,""
phase1,18,1600,QUARTILE,250,1.20,false,11,9,53753,3275,3.97,true,""
phase1,18,1625,LOW,250,1.20,false,10,9,29933,2904,4.48,true,""
phase1,18,1625,MEDIUM,250,1.20,false,10,9,36646,3622,3.59,true,""
phase1,18,1625,QUARTILE,250,1.20,false,10,9,48176,3696,3.52,true,""
phase1,18,1650,LOW,250,1.20,false,10,9,29496,2805,4.63,true,""
phase1,18,1650,MEDIUM,250,1.20,false,10,9,36120,3423,3.80,true,""
phase1,18,1650,QUARTILE,250,1.20,false,10,9,47285,2704,4.81,true,""
phase1,18,1675,LOW,250,1.20,false,10,8,30785,2739,4.75,true,""
phase1,18,1675,MEDIUM,250,1.20,false,10,8,37949,3018,4.31,true,""
phase1,18,1700,LOW,250,1.20,false,10,8,30764,2844,4.57,true,""
phase1,18,1700,MEDIUM,250,1.20,false,10,8,37933,2832,4.59,true,""
phase1,18,1725,LOW,250,1.20,false,10,8,30780,3256,3.99,true,""
phase1,18,1725,MEDIUM,250,1.20,false,10,8,39772,2803,4.64,true,""
phase1,18,1750,LOW,250,1.20,false,10,8,32418,2813,4.62,true,""
phase1,18,1750,MEDIUM,250,1.20,false,10,8,39541,3520,3.69,true,""
phase1,18,1775,LOW,250,1.20,false,10,8,32270,2919,4.45,true,""
phase1,18,1775,MEDIUM,250,1.20,false,10,8,39411,3614,3.60,true,""
phase1,18,1800,LOW,250,1.20,false,10,8,32063,3201,4.06,true,""
phase1,18,1800,MEDIUM,250,1.20,false,10,8,40904,2883,4.51,true,""
phase1,18,1825,LOW,250,1.20,false,10,8,31833,3408,3.81,true,""
phase1,18,1825,MEDIUM,250,1.20,false,10,8,40641,2803,4.64,true,""
phase1,18,1850,LOW,250,1.20,false,10,8,33272,2043,6.36,true,""
phase1,18,1850,MEDIUM,250,1.20,false,10,8,40345,3318,3.92,true,""
phase1,18,1875,LOW,250,1.20,false,10,8,32898,3112,4.18,true,""
phase1,18,1875,MEDIUM,250,1.20,false,10,8,39844,2869,4.53,true,""
phase1,18,1900,LOW,250,1.20,false,10,8,32364,2725,4.77,true,""
phase1,18,1900,MEDIUM,250,1.20,false,10,8,39156,3240,4.01,true,""
phase1,18,1925,LOW,250,1.20,false,10,7,34311,2552,5.09,true,""
phase1,18,1925,MEDIUM,250,1.20,false,10,7,43711,2721,4.78,true,""
phase1,18,1950,LOW,250,1.20,false,10,7,36083,3026,4.30,true,""
phase1,18,1950,MEDIUM,250,1.20,false,10,7,43667,2423,5.37,true,""
phase1,18,1975,LOW,250,1.20,false,10,7,35999,2774,4.69,true,""
phase1,18,1975,MEDIUM,250,1.20,false,10,7,43619,2808,4.63,true,""
phase1,18,2000,LOW,250,1.20,false,10,7,35960,2003,6.49,true,""
phase1,18,2000,MEDIUM,250,1.20,false,10,7,45557,2737,4.75,true,""
phase1,18,2025,LOW,250,1.20,false,10,7,35871,2959,4.39,true,""
phase1,18,2025,MEDIUM,250,1.20,false,10,7,45454,2375,5.47,true,""
phase1,18,2050,LOW,250,1.20,false,10,7,35785,2722,4.78,true,""
phase1,18,2050,MEDIUM,250,1.20,false,10,7,45272,2506,5.19,true,""
phase1,18,2075,LOW,250,1.20,false,10,7,37189,2483,5.24,true,""
phase1,18,2075,MEDIUM,250,1.20,false,10,7,45046,3385,3.84,true,""
phase1,18,2100,LOW,250,1.20,false,10,7,36995,2119,6.13,true,""
phase1,18,2100,MEDIUM,250,1.20,false,10,7,46856,1487,8.74,true,""
phase1,18,2125,LOW,250,1.20,false,10,7,36792,2303,5.64,true,""
phase1,18,2125,MEDIUM,250,1.20,false,10,7,46603,3092,4.20,true,""
phase1,18,2150,LOW,250,1.20,false,10,7,36443,1611,8.07,true,""
phase1,18,2150,MEDIUM,250,1.20,false,10,7,46123,3389,3.84,true,""
phase1,18,2175,LOW,250,1.20,false,10,7,36103,2429,5.35,true,""
phase1,18,2175,MEDIUM,250,1.20,false,10,7,45555,3078,4.22,true,""
phase1,18,2200,LOW,250,1.20,false,10,7,37815,2395,5.43,true,""
phase1,18,2200,MEDIUM,250,1.20,false,10,7,45016,2552,5.09,true,""
phase1,18,2225,LOW,250,1.20,false,10,6,39808,2909,4.47,true,""
phase1,18,2225,MEDIUM,250,1.20,false,10,6,49747,2146,6.06,true,""
phase1,18,2250,LOW,250,1.20,false,10,6,39829,2693,4.83,true,""
phase1,18,2250,MEDIUM,250,1.20,false,10,6,49758,2541,5.12,true,""
phase1,18,2275,LOW,250,1.20,false,10,6,39821,2592,5.02,true,""
phase1,18,2275,MEDIUM,250,1.20,false,10,6,49768,2829,4.60,true,""
phase1,18,2300,LOW,250,1.20,false,10,6,41672,3175,4.09,true,""
phase1,18,2300,MEDIUM,250,1.20,false,10,6,49739,2511,5.18,true,""
phase1,18,2325,LOW,250,1.20,false,10,6,41599,3160,4.11,true,""
phase1,18,2350,LOW,250,1.20,false,10,6,41561,2378,5.47,true,""
phase1,18,2375,LOW,250,1.20,false,10,6,41503,2690,4.83,true,""
phase1,18,2400,LOW,250,1.20,false,10,6,41402,2408,5.40,true,""
phase1,18,2425,LOW,250,1.20,false,10,6,43267,2434,5.34,true,""
phase1,18,2450,LOW,250,1.20,false,10,6,43103,2826,4.60,true,""
phase1,18,2475,LOW,250,1.20,false,10,6,42966,2094,6.21,true,""
phase1,18,2500,LOW,250,1.20,false,10,6,42763,3133,4.15,true,""
phase1,18,2525,LOW,250,1.20,false,10,6,42609,2762,4.71,true,""
phase1,18,2550,LOW,250,1.20,false,10,6,42233,2823,4.61,true,""
phase1,18,2575,LOW,250,1.20,false,10,6,44081,2782,4.67,true,""
phase1,18,2600,LOW,250,1.20,false,10,6,43717,2463,5.28,true,""
phase1,18,2625,LOW,250,1.20,false,10,6,43350,2418,5.38,true,""
phase1,18,2650,LOW,250,1.20,false,10,6,42891,5903,2.20,true,""
phase1,18,2675,LOW,250,1.20,false,10,5,45694,1536,8.46,true,""
phase1,18,2700,LOW,250,1.20,false,10,5,47716,2628,4.95,true,""
phase1,18,2725,LOW,250,1.20,false,10,5,47715,2770,4.69,true,""
phase1,18,2750,LOW,250,1.20,false,10,5,47695,2348,5.54,true,""
phase1,18,2775,LOW,250,1.20,false,10,5,47726,2349,5.53,true,""
phase1,18,2800,LOW,250,1.20,false,10,5,49717,2535,5.13,true,""
phase1,19,400,LOW,250,1.20,false,41,34,36110,4491,2.89,true,""
phase1,19,400,MEDIUM,250,1.20,false,41,34,43651,4194,3.10,true,""
phase1,19,400,QUARTILE,250,1.20,false,41,34,61589,4193,3.10,true,""
phase1,19,400,HIGH,250,1.20,false,41,34,76880,4208,3.09,true,""
phase1,19,425,LOW,250,1.20,false,38,32,36916,4252,3.06,true,""
phase1,19,425,MEDIUM,250,1.20,false,38,32,44230,5195,2.50,true,""
phase1,19,425,QUARTILE,250,1.20,false,38,32,57121,4081,3.19,true,""
phase1,19,425,HIGH,250,1.20,false,38,32,71326,3955,3.29,true,""
phase1,19,450,LOW,250,1.20,false,36,30,35043,4022,3.23,true,""
phase1,19,450,MEDIUM,250,1.20,false,36,30,45859,4120,3.16,true,""
phase1,19,450,QUARTILE,250,1.20,false,36,30,58673,3942,3.30,true,""
phase1,19,450,HIGH,250,1.20,false,36,30,72478,4021,3.23,true,""
phase1,19,475,LOW,250,1.20,false,34,29,36108,4059,3.20,true,""
phase1,19,475,MEDIUM,250,1.20,false,34,29,43075,4041,3.22,true,""
phase1,19,475,QUARTILE,250,1.20,false,34,29,55013,3991,3.26,true,""
phase1,19,475,HIGH,250,1.20,false,34,29,72682,3931,3.31,true,""
phase1,19,500,LOW,250,1.20,false,33,27,35269,4681,2.78,true,""
phase1,19,500,MEDIUM,250,1.20,false,33,27,45842,3841,3.38,true,""
phase1,19,500,QUARTILE,250,1.20,false,33,27,57856,4883,2.66,true,""
phase1,19,500,HIGH,250,1.20,false,33,27,70987,4045,3.21,true,""
phase1,19,525,LOW,250,1.20,false,31,26,36107,7176,1.81,true,""
phase1,19,525,MEDIUM,250,1.20,false,31,26,43054,4918,2.64,true,""
phase1,19,525,QUARTILE,250,1.20,false,31,26,58290,5463,2.38,true,""
phase1,19,525,HIGH,250,1.20,false,31,26,70902,3921,3.32,true,""
phase1,19,550,LOW,250,1.20,false,30,25,34674,4178,3.11,true,""
phase1,19,550,MEDIUM,250,1.20,false,30,25,44781,5221,2.49,true,""
phase1,19,550,QUARTILE,250,1.20,false,30,25,55921,4108,3.16,true,""
phase1,19,550,HIGH,250,1.20,false,30,25,72228,7147,1.82,true,""
phase1,19,575,LOW,250,1.20,false,28,24,32287,3590,3.62,true,""
phase1,19,575,MEDIUM,250,1.20,false,28,24,41764,3555,3.66,true,""
phase1,19,575,QUARTILE,250,1.20,false,28,24,55820,5043,2.58,true,""
phase1,19,575,HIGH,250,1.20,false,28,24,67265,3471,3.75,true,""
phase1,19,600,LOW,250,1.20,false,27,23,34182,3850,3.38,true,""
phase1,19,600,MEDIUM,250,1.20,false,27,23,40314,3641,3.57,true,""
phase1,19,600,QUARTILE,250,1.20,false,27,23,53884,3704,3.51,true,""
phase1,19,600,HIGH,250,1.20,false,27,23,68949,3711,3.50,true,""
phase1,19,625,LOW,250,1.20,false,26,22,32946,3632,3.58,true,""
phase1,19,625,MEDIUM,250,1.20,false,26,22,42138,4552,2.86,true,""
phase1,19,625,QUARTILE,250,1.20,false,26,22,55630,4402,2.95,true,""
phase1,19,625,HIGH,250,1.20,false,26,22,70822,3527,3.69,true,""
phase1,19,650,LOW,250,1.20,false,25,21,34709,4240,3.07,true,""
phase1,19,650,MEDIUM,250,1.20,false,25,21,40641,3531,3.68,true,""
phase1,19,650,QUARTILE,250,1.20,false,25,21,53692,3553,3.66,true,""
phase1,19,650,HIGH,250,1.20,false,25,21,68302,3285,3.96,true,""
phase1,19,675,LOW,250,1.20,false,24,20,33339,4244,3.06,true,""
phase1,19,675,MEDIUM,250,1.20,false,24,20,42091,6149,2.11,true,""
phase1,19,675,QUARTILE,250,1.20,false,24,20,54904,4238,3.07,true,""
phase1,19,675,HIGH,250,1.20,false,24,20,69727,3856,3.37,true,""
phase1,19,700,LOW,250,1.20,false,23,20,31557,4522,2.87,true,""
phase1,19,700,MEDIUM,250,1.20,false,23,20,39761,3150,4.13,true,""
phase1,19,700,QUARTILE,250,1.20,false,23,20,51892,3416,3.81,true,""
phase1,19,700,HIGH,250,1.20,false,23,20,69806,3198,4.07,true,""
phase1,19,725,LOW,250,1.20,false,23,19,34588,4329,3.00,true,""
phase1,19,725,MEDIUM,250,1.20,false,23,19,43219,4373,2.97,true,""
phase1,19,725,QUARTILE,250,1.20,false,23,19,55780,4989,2.61,true,""
phase1,19,725,HIGH,250,1.20,false,23,19,70503,3140,4.14,true,""
phase1,19,750,LOW,250,1.20,false,22,18,33126,4183,3.11,true,""
phase1,19,750,MEDIUM,250,1.20,false,22,18,41404,3480,3.74,true,""
phase1,19,750,QUARTILE,250,1.20,false,22,18,56698,3205,4.06,true,""
phase1,19,750,HIGH,250,1.20,false,22,18,71418,3182,4.09,true,""
phase1,19,775,LOW,250,1.20,false,21,18,31206,3647,3.56,true,""
phase1,19,775,MEDIUM,250,1.20,false,21,18,41781,4434,2.93,true,""
phase1,19,775,QUARTILE,250,1.20,false,21,18,53327,5257,2.47,true,""
phase1,19,775,HIGH,250,1.20,false,21,18,67156,5002,2.60,true,""
phase1,19,800,LOW,250,1.20,false,21,17,34218,3961,3.28,true,""
phase1,19,800,MEDIUM,250,1.20,false,21,17,42230,3199,4.06,true,""
phase1,19,800,QUARTILE,250,1.20,false,21,17,57426,3893,3.34,true,""
phase1,19,800,HIGH,250,1.20,false,21,17,71868,2529,5.14,true,""
phase1,19,825,LOW,250,1.20,false,20,17,32070,6249,2.08,true,""
phase1,19,825,MEDIUM,250,1.20,false,20,17,39638,3118,4.17,true,""
phase1,19,825,QUARTILE,250,1.20,false,20,17,54000,3887,3.34,true,""
phase1,19,825,HIGH,250,1.20,false,20,17,67448,4057,3.20,true,""
phase1,19,850,LOW,250,1.20,false,19,16,30931,3357,3.87,true,""
phase1,19,850,MEDIUM,250,1.20,false,19,16,40837,3626,3.59,true,""
phase1,19,850,QUARTILE,250,1.20,false,19,16,52040,3346,3.89,true,""
phase1,19,850,HIGH,250,1.20,false,19,16,68511,3149,4.13,true,""
phase1,19,875,LOW,250,1.20,false,19,16,33007,3192,4.07,true,""
phase1,19,875,MEDIUM,250,1.20,false,19,16,40455,4106,3.17,true,""
phase1,19,875,QUARTILE,250,1.20,false,19,16,54643,3136,4.15,true,""
phase1,19,875,HIGH,250,1.20,false,19,16,67713,4004,3.25,true,""
phase1,19,900,LOW,250,1.20,false,18,15,31582,3277,3.97,true,""
phase1,19,900,MEDIUM,250,1.20,false,18,15,38720,3439,3.78,true,""
phase1,19,900,QUARTILE,250,1.20,false,18,15,52325,3241,4.01,true,""
phase1,19,900,HIGH,250,1.20,false,18,15,68306,3179,4.09,true,""
phase1,19,925,LOW,250,1.20,false,18,15,33781,3338,3.89,true,""
phase1,19,925,MEDIUM,250,1.20,false,18,15,41084,3404,3.82,true,""
phase1,19,925,QUARTILE,250,1.20,false,18,15,55172,3199,4.06,true,""
phase1,19,925,HIGH,250,1.20,false,18,15,67876,3613,3.60,true,""
phase1,19,950,LOW,250,1.20,false,17,15,31093,3656,3.56,true,""
phase1,19,950,MEDIUM,250,1.20,false,17,15,37675,3333,3.90,true,""
phase1,19,950,QUARTILE,250,1.20,false,17,15,50509,3265,3.98,true,""
phase1,19,950,HIGH,250,1.20,false,17,15,65312,3579,3.63,true,""
phase1,19,975,LOW,250,1.20,false,17,14,31943,3260,3.99,true,""
phase1,19,975,MEDIUM,250,1.20,false,17,14,38901,3452,3.77,true,""
phase1,19,975,QUARTILE,250,1.20,false,17,14,55162,3417,3.80,true,""
phase1,19,975,HIGH,250,1.20,false,17,14,70833,3455,3.76,true,""
phase1,19,1000,LOW,250,1.20,false,17,14,33890,3548,3.66,true,""
phase1,19,1000,MEDIUM,250,1.20,false,17,14,41004,3291,3.95,true,""
phase1,19,1000,QUARTILE,250,1.20,false,17,14,54630,3483,3.73,true,""
phase1,19,1000,HIGH,250,1.20,false,17,14,70088,3196,4.07,true,""
phase1,19,1025,LOW,250,1.20,false,16,14,31225,3125,4.16,true,""
phase1,19,1025,MEDIUM,250,1.20,false,16,14,37593,3176,4.09,true,""
phase1,19,1025,QUARTILE,250,1.20,false,16,14,53174,3141,4.14,true,""
phase1,19,1025,HIGH,250,1.20,false,16,14,64307,3220,4.04,true,""
phase1,19,1050,LOW,250,1.20,false,16,13,32226,3577,3.63,true,""
phase1,19,1050,MEDIUM,250,1.20,false,16,13,38903,3236,4.02,true,""
phase1,19,1050,QUARTILE,250,1.20,false,16,13,54812,3107,4.18,true,""
phase1,19,1050,HIGH,250,1.20,false,16,13,69809,3965,3.28,true,""
phase1,19,1075,LOW,250,1.20,false,15,13,29973,3564,3.65,true,""
phase1,19,1075,MEDIUM,250,1.20,false,15,13,38370,3204,4.06,true,""
phase1,19,1075,QUARTILE,250,1.20,false,15,13,51019,3071,4.23,true,""
phase1,19,1075,HIGH,250,1.20,false,15,13,64930,3437,3.78,true,""
phase1,19,1100,LOW,250,1.20,false,15,13,31629,5358,2.43,true,""
phase1,19,1100,MEDIUM,250,1.20,false,15,13,37822,3107,4.18,true,""
phase1,19,1100,QUARTILE,250,1.20,false,15,13,50234,3583,3.63,true,""
phase1,19,1100,HIGH,250,1.20,false,15,13,66825,3129,4.15,true,""
phase1,19,1125,LOW,250,1.20,false,15,12,32256,3146,4.13,true,""
phase1,19,1125,MEDIUM,250,1.20,false,15,12,41103,2246,5.79,true,""
phase1,19,1125,QUARTILE,250,1.20,false,15,12,54145,3851,3.38,true,""
phase1,19,1125,HIGH,250,1.20,false,15,12,68503,2677,4.86,true,""
phase1,19,1150,LOW,250,1.20,false,14,12,30048,3852,3.37,true,""
phase1,19,1150,MEDIUM,250,1.20,false,14,12,38215,2910,4.47,true,""
phase1,19,1150,QUARTILE,250,1.20,false,14,12,50361,3111,4.18,true,""
phase1,19,1150,HIGH,250,1.20,false,14,12,66406,3671,3.54,true,""
phase1,19,1175,LOW,250,1.20,false,14,12,31703,2747,4.73,true,""
phase1,19,1175,MEDIUM,250,1.20,false,14,12,37862,3037,4.28,true,""
phase1,19,1175,QUARTILE,250,1.20,false,14,12,52403,2978,4.37,true,""
phase1,19,1175,HIGH,250,1.20,false,14,12,65701,3276,3.97,true,""
phase1,19,1200,LOW,250,1.20,false,14,12,31220,3138,4.14,true,""
phase1,19,1200,MEDIUM,250,1.20,false,14,12,39595,3162,4.11,true,""
phase1,19,1200,QUARTILE,250,1.20,false,14,12,51444,3071,4.23,true,""
phase1,19,1200,HIGH,250,1.20,false,14,12,64537,3538,3.67,true,""
phase1,19,1225,LOW,250,1.20,false,14,11,32069,2825,4.60,true,""
phase1,19,1225,MEDIUM,250,1.20,false,14,11,40703,3362,3.87,true,""
phase1,19,1225,QUARTILE,250,1.20,false,14,11,55761,3638,3.57,true,""
phase1,19,1225,HIGH,250,1.20,false,14,11,69625,3344,3.89,true,""
phase1,19,1250,LOW,250,1.20,false,13,11,29768,2703,4.81,true,""
phase1,19,1250,MEDIUM,250,1.20,false,13,11,37770,3457,3.76,true,""
phase1,19,1250,QUARTILE,250,1.20,false,13,11,51701,3211,4.05,true,""
phase1,19,1250,HIGH,250,1.20,false,13,11,64475,3558,3.65,true,""
phase1,19,1275,LOW,250,1.20,false,13,11,31349,3208,4.05,true,""
phase1,19,1275,MEDIUM,250,1.20,false,13,11,39752,3473,3.74,true,""
phase1,19,1275,QUARTILE,250,1.20,false,13,11,51386,3270,3.98,true,""
phase1,19,1300,LOW,250,1.20,false,13,11,31013,3240,4.01,true,""
phase1,19,1300,MEDIUM,250,1.20,false,13,11,39346,3030,4.29,true,""
phase1,19,1300,QUARTILE,250,1.20,false,13,11,53315,5654,2.30,true,""
phase1,19,1325,LOW,250,1.20,false,13,11,30551,3320,3.92,true,""
phase1,19,1325,MEDIUM,250,1.20,false,13,11,38718,3213,4.05,true,""
phase1,19,1325,QUARTILE,250,1.20,false,13,11,52328,4307,3.02,true,""
phase1,19,1350,LOW,250,1.20,false,12,10,29191,2736,4.75,true,""
phase1,19,1350,MEDIUM,250,1.20,false,12,10,36929,5222,2.49,true,""
phase1,19,1350,QUARTILE,250,1.20,false,12,10,52428,5007,2.60,true,""
phase1,19,1375,LOW,250,1.20,false,12,10,30881,3606,3.61,true,""
phase1,19,1375,MEDIUM,250,1.20,false,12,10,38932,2810,4.63,true,""
phase1,19,1375,QUARTILE,250,1.20,false,12,10,52349,2786,4.67,true,""
phase1,19,1400,LOW,250,1.20,false,12,10,30749,2832,4.59,true,""
phase1,19,1400,MEDIUM,250,1.20,false,12,10,38783,5317,2.44,true,""
phase1,19,1400,QUARTILE,250,1.20,false,12,10,52062,2643,4.92,true,""
phase1,19,1425,LOW,250,1.20,false,12,10,30507,3071,4.23,true,""
phase1,19,1425,MEDIUM,250,1.20,false,12,10,38417,2865,4.54,true,""
phase1,19,1425,QUARTILE,250,1.20,false,12,10,54051,6220,2.09,true,""
phase1,19,1450,LOW,250,1.20,false,12,10,30176,2756,4.72,true,""
phase1,19,1450,MEDIUM,250,1.20,false,12,10,40121,2735,4.75,true,""
phase1,19,1450,QUARTILE,250,1.20,false,12,10,53364,4487,2.90,true,""
phase1,19,1475,LOW,250,1.20,false,11,10,28813,2755,4.72,true,""
phase1,19,1475,MEDIUM,250,1.20,false,11,10,36037,3335,3.90,true,""
phase1,19,1475,QUARTILE,250,1.20,false,11,10,47740,3178,4.09,true,""
phase1,19,1500,LOW,250,1.20,false,11,9,30133,3230,4.02,true,""
phase1,19,1500,MEDIUM,250,1.20,false,11,9,37700,2726,4.77,true,""
phase1,19,1500,QUARTILE,250,1.20,false,11,9,52462,2787,4.66,true,""
phase1,19,1525,LOW,250,1.20,false,11,9,31967,3267,3.98,true,""
phase1,19,1525,MEDIUM,250,1.20,false,11,9,37686,2780,4.68,true,""
phase1,19,1525,QUARTILE,250,1.20,false,11,9,52429,3249,4.00,true,""
phase1,19,1550,LOW,250,1.20,false,11,9,31887,3325,3.91,true,""
phase1,19,1550,MEDIUM,250,1.20,false,11,9,39477,2875,4.52,true,""
phase1,19,1550,QUARTILE,250,1.20,false,11,9,52214,3717,3.50,true,""
phase1,19,1575,LOW,250,1.20,false,11,9,31690,2775,4.68,true,""
phase1,19,1575,MEDIUM,250,1.20,false,11,9,39231,2801,4.64,true,""
phase1,19,1575,QUARTILE,250,1.20,false,11,9,54197,2794,4.65,true,""
phase1,19,1600,LOW,250,1.20,false,11,9,31477,3319,3.92,true,""
phase1,19,1600,MEDIUM,250,1.20,false,11,9,38899,3164,4.11,true,""
phase1,19,1600,QUARTILE,250,1.20,false,11,9,53753,3981,3.27,true,""
phase1,19,1625,LOW,250,1.20,false,10,9,29933,3288,3.95,true,""
phase1,19,1625,MEDIUM,250,1.20,false,10,9,36646,3212,4.05,true,""
phase1,19,1625,QUARTILE,250,1.20,false,10,9,48176,2840,4.58,true,""
phase1,19,1650,LOW,250,1.20,false,10,9,29496,2929,4.44,true,""
phase1,19,1650,MEDIUM,250,1.20,false,10,9,36120,3431,3.79,true,""
phase1,19,1650,QUARTILE,250,1.20,false,10,9,47285,3139,4.14,true,""
phase1,19,1675,LOW,250,1.20,false,10,8,30785,3226,4.03,true,""
phase1,19,1675,MEDIUM,250,1.20,false,10,8,37949,2667,4.87,true,""
phase1,19,1700,LOW,250,1.20,false,10,8,30764,3628,3.58,true,""
phase1,19,1700,MEDIUM,250,1.20,false,10,8,37933,3471,3.75,true,""
phase1,19,1725,LOW,250,1.20,false,10,8,30780,3211,4.05,true,""
phase1,19,1725,MEDIUM,250,1.20,false,10,8,39772,2789,4.66,true,""
phase1,19,1750,LOW,250,1.20,false,10,8,32418,2865,4.54,true,""
phase1,19,1750,MEDIUM,250,1.20,false,10,8,39541,2771,4.69,true,""
phase1,19,1775,LOW,250,1.20,false,10,8,32270,2800,4.64,true,""
phase1,19,1775,MEDIUM,250,1.20,false,10,8,39411,3116,4.17,true,""
phase1,19,1800,LOW,250,1.20,false,10,8,32063,2905,4.48,true,""
phase1,19,1800,MEDIUM,250,1.20,false,10,8,40904,3836,3.39,true,""
phase1,19,1825,LOW,250,1.20,false,10,8,31833,2701,4.81,true,""
phase1,19,1825,MEDIUM,250,1.20,false,10,8,40641,2768,4.70,true,""
phase1,19,1850,LOW,250,1.20,false,10,8,33272,2822,4.61,true,""
phase1,19,1850,MEDIUM,250,1.20,false,10,8,40345,2811,4.62,true,""
phase1,19,1875,LOW,250,1.20,false,10,8,32898,1688,7.70,true,""
phase1,19,1875,MEDIUM,250,1.20,false,10,8,39844,2746,4.73,true,""
phase1,19,1900,LOW,250,1.20,false,10,8,32364,3632,3.58,true,""
phase1,19,1900,MEDIUM,250,1.20,false,10,8,39156,3093,4.20,true,""
phase1,19,1925,LOW,250,1.20,false,10,7,34311,2673,4.86,true,""
phase1,19,1925,MEDIUM,250,1.20,false,10,7,43711,2452,5.30,true,""
phase1,19,1950,LOW,250,1.20,false,10,7,36083,2458,5.29,true,""
phase1,19,1950,MEDIUM,250,1.20,false,10,7,43667,3452,3.77,true,""
phase1,19,1975,LOW,250,1.20,false,10,7,35999,2709,4.80,true,""
phase1,19,1975,MEDIUM,250,1.20,false,10,7,43619,2691,4.83,true,""
phase1,19,2000,LOW,250,1.20,false,10,7,35960,2713,4.79,true,""
phase1,19,2000,MEDIUM,250,1.20,false,10,7,45557,2716,4.79,true,""
phase1,19,2025,LOW,250,1.20,false,10,7,35871,2498,5.20,true,""
phase1,19,2025,MEDIUM,250,1.20,false,10,7,45454,2386,5.45,true,""
phase1,19,2050,LOW,250,1.20,false,10,7,35785,2696,4.82,true,""
phase1,19,2050,MEDIUM,250,1.20,false,10,7,45272,2811,4.62,true,""
phase1,19,2075,LOW,250,1.20,false,10,7,37189,2705,4.81,true,""
phase1,19,2075,MEDIUM,250,1.20,false,10,7,45046,2389,5.44,true,""
phase1,19,2100,LOW,250,1.20,false,10,7,36995,6410,2.03,true,""
phase1,19,2100,MEDIUM,250,1.20,false,10,7,46856,3665,3.55,true,""
phase1,19,2125,LOW,250,1.20,false,10,7,36792,2835,4.59,true,""
phase1,19,2125,MEDIUM,250,1.20,false,10,7,46603,2934,4.43,true,""
phase1,19,2150,LOW,250,1.20,false,10,7,36443,2819,4.61,true,""
phase1,19,2150,MEDIUM,250,1.20,false,10,7,46123,2990,4.35,true,""
phase1,19,2175,LOW,250,1.20,false,10,7,36103,2852,4.56,true,""
phase1,19,2175,MEDIUM,250,1.20,false,10,7,45555,2755,4.72,true,""
phase1,19,2200,LOW,250,1.20,false,10,7,37815,3186,4.08,true,""
phase1,19,2200,MEDIUM,250,1.20,false,10,7,45016,1820,7.14,true,""
phase1,19,2225,LOW,250,1.20,false,10,6,39808,3497,3.72,true,""
phase1,19,2225,MEDIUM,250,1.20,false,10,6,49747,3803,3.42,true,""
phase1,19,2250,LOW,250,1.20,false,10,6,39829,3336,3.90,true,""
phase1,19,2250,MEDIUM,250,1.20,false,10,6,49758,4063,3.20,true,""
phase1,19,2275,LOW,250,1.20,false,10,6,39821,3290,3.95,true,""
phase1,19,2275,MEDIUM,250,1.20,false,10,6,49768,6316,2.06,true,""
phase1,19,2300,LOW,250,1.20,false,10,6,41672,2727,4.77,true,""
phase1,19,2300,MEDIUM,250,1.20,false,10,6,49739,6170,2.11,true,""
phase1,19,2325,LOW,250,1.20,false,10,6,41599,2407,5.40,true,""
phase1,19,2350,LOW,250,1.20,false,10,6,41561,2787,4.66,true,""
phase1,19,2375,LOW,250,1.20,false,10,6,41503,2588,5.02,true,""
phase1,19,2400,LOW,250,1.20,false,10,6,41402,2506,5.19,true,""
phase1,19,2425,LOW,250,1.20,false,10,6,43267,2679,4.85,true,""
phase1,19,2450,LOW,250,1.20,false,10,6,43103,2891,4.50,true,""
phase1,19,2475,LOW,250,1.20,false,10,6,42966,2454,5.30,true,""
phase1,19,2500,LOW,250,1.20,false,10,6,42763,2893,4.49,true,""
phase1,19,2525,LOW,250,1.20,false,10,6,42609,2488,5.23,true,""
phase1,19,2550,LOW,250,1.20,false,10,6,42233,2498,5.20,true,""
phase1,19,2575,LOW,250,1.20,false,10,6,44081,2681,4.85,true,""
phase1,19,2600,LOW,250,1.20,false,10,6,43717,2818,4.61,true,""
phase1,19,2625,LOW,250,1.20,false,10,6,43350,2772,4.69,true,""
phase1,19,2650,LOW,250,1.20,false,10,6,42891,2812,4.62,true,""
phase1,19,2675,LOW,250,1.20,false,10,5,45694,2482,5.24,true,""
phase1,19,2700,LOW,250,1.20,false,10,5,47716,2791,4.66,true,""
phase1,19,2725,LOW,250,1.20,false,10,5,47715,2688,4.84,true,""
phase1,19,2750,LOW,250,1.20,false,10,5,47695,2794,4.65,true,""
phase1,19,2775,LOW,250,1.20,false,10,5,47726,2700,4.81,true,""
phase1,19,2800,LOW,250,1.20,false,10,5,49717,21447,0.61,true,""
phase1,20,400,LOW,250,1.20,false,41,34,36110,5440,2.39,true,""
phase1,20,400,MEDIUM,250,1.20,false,41,34,43651,5488,2.37,true,""
phase1,20,400,QUARTILE,250,1.20,false,41,34,61589,4315,3.01,true,""
phase1,20,400,HIGH,250,1.20,false,41,34,76880,5653,2.30,true,""
phase1,20,425,LOW,250,1.20,false,38,32,36916,5528,2.35,true,""
phase1,20,425,MEDIUM,250,1.20,false,38,32,44230,3926,3.31,true,""
phase1,20,425,QUARTILE,250,1.20,false,38,32,57121,5144,2.53,true,""
phase1,20,425,HIGH,250,1.20,false,38,32,71326,5656,2.30,true,""
phase1,20,450,LOW,250,1.20,false,36,30,35043,4814,2.70,true,""
phase1,20,450,MEDIUM,250,1.20,false,36,30,45859,5158,2.52,true,""
phase1,20,450,QUARTILE,250,1.20,false,36,30,58673,5478,2.37,true,""
phase1,20,450,HIGH,250,1.20,false,36,30,72478,4001,3.25,true,""
phase1,20,475,LOW,250,1.20,false,34,29,36108,4897,2.65,true,""
phase1,20,475,MEDIUM,250,1.20,false,34,29,43075,5171,2.51,true,""
phase1,20,475,QUARTILE,250,1.20,false,34,29,55013,3953,3.29,true,""
phase1,20,475,HIGH,250,1.20,false,34,29,72682,5740,2.26,true,""
phase1,20,500,LOW,250,1.20,false,33,27,35269,4891,2.66,true,""
phase1,20,500,MEDIUM,250,1.20,false,33,27,45842,7353,1.77,true,""
phase1,20,500,QUARTILE,250,1.20,false,33,27,57856,4007,3.24,true,""
phase1,20,500,HIGH,250,1.20,false,33,27,70987,4055,3.21,true,""
phase1,20,525,LOW,250,1.20,false,31,26,36107,5638,2.31,true,""
phase1,20,525,MEDIUM,250,1.20,false,31,26,43054,3844,3.38,true,""
phase1,20,525,QUARTILE,250,1.20,false,31,26,58290,3919,3.32,true,""
phase1,20,525,HIGH,250,1.20,false,31,26,70902,3716,3.50,true,""
phase1,20,550,LOW,250,1.20,false,30,25,34674,3601,3.61,true,""
phase1,20,550,MEDIUM,250,1.20,false,30,25,44781,3553,3.66,true,""
phase1,20,550,QUARTILE,250,1.20,false,30,25,55921,6753,1.93,true,""
phase1,20,550,HIGH,250,1.20,false,30,25,72228,5427,2.40,true,""
phase1,20,575,LOW,250,1.20,false,28,24,32287,4016,3.24,true,""
phase1,20,575,MEDIUM,250,1.20,false,28,24,41764,3602,3.61,true,""
phase1,20,575,QUARTILE,250,1.20,false,28,24,55820,3806,3.42,true,""
phase1,20,575,HIGH,250,1.20,false,28,24,67265,3817,3.41,true,""
phase1,20,600,LOW,250,1.20,false,27,23,34182,3506,3.71,true,""
phase1,20,600,MEDIUM,250,1.20,false,27,23,40314,5986,2.17,true,""
phase1,20,600,QUARTILE,250,1.20,false,27,23,53884,3477,3.74,true,""
phase1,20,600,HIGH,250,1.20,false,27,23,68949,3964,3.28,true,""
phase1,20,625,LOW,250,1.20,false,26,22,32946,4242,3.06,true,""
phase1,20,625,MEDIUM,250,1.20,false,26,22,42138,4651,2.80,true,""
phase1,20,625,QUARTILE,250,1.20,false,26,22,55630,4357,2.98,true,""
phase1,20,625,HIGH,250,1.20,false,26,22,70822,3583,3.63,true,""
phase1,20,650,LOW,250,1.20,false,25,21,34709,3609,3.60,true,""
phase1,20,650,MEDIUM,250,1.20,false,25,21,40641,3357,3.87,true,""
phase1,20,650,QUARTILE,250,1.20,false,25,21,53692,8086,1.61,true,""
phase1,20,650,HIGH,250,1.20,false,25,21,68302,3502,3.71,true,""
phase1,20,675,LOW,250,1.20,false,24,20,33339,5221,2.49,true,""
phase1,20,675,MEDIUM,250,1.20,false,24,20,42091,5417,2.40,true,""
phase1,20,675,QUARTILE,250,1.20,false,24,20,54904,3914,3.32,true,""
phase1,20,675,HIGH,250,1.20,false,24,20,69727,3521,3.69,true,""
phase1,20,700,LOW,250,1.20,false,23,20,31557,4152,3.13,true,""
phase1,20,700,MEDIUM,250,1.20,false,23,20,39761,3609,3.60,true,""
phase1,20,700,QUARTILE,250,1.20,false,23,20,51892,4786,2.72,true,""
phase1,20,700,HIGH,250,1.20,false,23,20,69806,3513,3.70,true,""
phase1,20,725,LOW,250,1.20,false,23,19,34588,4170,3.12,true,""
phase1,20,725,MEDIUM,250,1.20,false,23,19,43219,4800,2.71,true,""
phase1,20,725,QUARTILE,250,1.20,false,23,19,55780,3820,3.40,true,""
phase1,20,725,HIGH,250,1.20,false,23,19,70503,4806,2.70,true,""
phase1,20,750,LOW,250,1.20,false,22,18,33126,4471,2.91,true,""
phase1,20,750,MEDIUM,250,1.20,false,22,18,41404,4328,3.00,true,""
phase1,20,750,QUARTILE,250,1.20,false,22,18,56698,5891,2.21,true,""
phase1,20,750,HIGH,250,1.20,false,22,18,71418,3731,3.48,true,""
phase1,20,775,LOW,250,1.20,false,21,18,31206,5228,2.49,true,""
phase1,20,775,MEDIUM,250,1.20,false,21,18,41781,4234,3.07,true,""
phase1,20,775,QUARTILE,250,1.20,false,21,18,53327,6783,1.92,true,""
phase1,20,775,HIGH,250,1.20,false,21,18,67156,3176,4.09,true,""
phase1,20,800,LOW,250,1.20,false,21,17,34218,3245,4.01,true,""
phase1,20,800,MEDIUM,250,1.20,false,21,17,42230,5040,2.58,true,""
phase1,20,800,QUARTILE,250,1.20,false,21,17,57426,4531,2.87,true,""
phase1,20,800,HIGH,250,1.20,false,21,17,71868,3437,3.78,true,""
phase1,20,825,LOW,250,1.20,false,20,17,32070,3585,3.63,true,""
phase1,20,825,MEDIUM,250,1.20,false,20,17,39638,3361,3.87,true,""
phase1,20,825,QUARTILE,250,1.20,false,20,17,54000,4067,3.20,true,""
phase1,20,825,HIGH,250,1.20,false,20,17,67448,3930,3.31,true,""
phase1,20,850,LOW,250,1.20,false,19,16,30931,3157,4.12,true,""
phase1,20,850,MEDIUM,250,1.20,false,19,16,40837,3246,4.00,true,""
phase1,20,850,QUARTILE,250,1.20,false,19,16,52040,4309,3.02,true,""
phase1,20,850,HIGH,250,1.20,false,19,16,68511,2340,5.56,true,""
phase1,20,875,LOW,250,1.20,false,19,16,33007,5030,2.58,true,""
phase1,20,875,MEDIUM,250,1.20,false,19,16,40455,3548,3.66,true,""
phase1,20,875,QUARTILE,250,1.20,false,19,16,54643,3668,3.54,true,""
phase1,20,875,HIGH,250,1.20,false,19,16,67713,3033,4.29,true,""
phase1,20,900,LOW,250,1.20,false,18,15,31582,4151,3.13,true,""
phase1,20,900,MEDIUM,250,1.20,false,18,15,38720,4911,2.65,true,""
phase1,20,900,QUARTILE,250,1.20,false,18,15,52325,3863,3.37,true,""
phase1,20,900,HIGH,250,1.20,false,18,15,68306,3097,4.20,true,""
phase1,20,925,LOW,250,1.20,false,18,15,33781,3648,3.56,true,""
phase1,20,925,MEDIUM,250,1.20,false,18,15,41084,3206,4.05,true,""
phase1,20,925,QUARTILE,250,1.20,false,18,15,55172,3344,3.89,true,""
phase1,20,925,HIGH,250,1.20,false,18,15,67876,3230,4.02,true,""
phase1,20,950,LOW,250,1.20,false,17,15,31093,3395,3.83,true,""
phase1,20,950,MEDIUM,250,1.20,false,17,15,37675,2963,4.39,true,""
phase1,20,950,QUARTILE,250,1.20,false,17,15,50509,3183,4.08,true,""
phase1,20,950,HIGH,250,1.20,false,17,15,65312,3672,3.54,true,""
phase1,20,975,LOW,250,1.20,false,17,14,31943,3145,4.13,true,""
phase1,20,975,MEDIUM,250,1.20,false,17,14,38901,3179,4.09,true,""
phase1,20,975,QUARTILE,250,1.20,false,17,14,55162,2351,5.53,true,""
phase1,20,975,HIGH,250,1.20,false,17,14,70833,3080,4.22,true,""
phase1,20,1000,LOW,250,1.20,false,17,14,33890,3693,3.52,true,""
phase1,20,1000,MEDIUM,250,1.20,false,17,14,41004,2905,4.48,true,""
phase1,20,1000,QUARTILE,250,1.20,false,17,14,54630,3491,3.72,true,""
phase1,20,1000,HIGH,250,1.20,false,17,14,70088,2508,5.18,true,""
phase1,20,1025,LOW,250,1.20,false,16,14,31225,3113,4.18,true,""
phase1,20,1025,MEDIUM,250,1.20,false,16,14,37593,3664,3.55,true,""
phase1,20,1025,QUARTILE,250,1.20,false,16,14,53174,4722,2.75,true,""
phase1,20,1025,HIGH,250,1.20,false,16,14,64307,4246,3.06,true,""
phase1,20,1050,LOW,250,1.20,false,16,13,32226,3829,3.40,true,""
phase1,20,1050,MEDIUM,250,1.20,false,16,13,38903,3295,3.95,true,""
phase1,20,1050,QUARTILE,250,1.20,false,16,13,54812,2157,6.03,true,""
phase1,20,1050,HIGH,250,1.20,false,16,13,69809,3246,4.00,true,""
phase1,20,1075,LOW,250,1.20,false,15,13,29973,3287,3.95,true,""
phase1,20,1075,MEDIUM,250,1.20,false,15,13,38370,3113,4.18,true,""
phase1,20,1075,QUARTILE,250,1.20,false,15,13,51019,3504,3.71,true,""
phase1,20,1075,HIGH,250,1.20,false,15,13,64930,2875,4.52,true,""
phase1,20,1100,LOW,250,1.20,false,15,13,31629,3572,3.64,true,""
phase1,20,1100,MEDIUM,250,1.20,false,15,13,37822,5448,2.39,true,""
phase1,20,1100,QUARTILE,250,1.20,false,15,13,50234,4356,2.98,true,""
phase1,20,1100,HIGH,250,1.20,false,15,13,66825,3216,4.04,true,""
phase1,20,1125,LOW,250,1.20,false,15,12,32256,2328,5.58,true,""
phase1,20,1125,MEDIUM,250,1.20,false,15,12,41103,3079,4.22,true,""
phase1,20,1125,QUARTILE,250,1.20,false,15,12,54145,2207,5.89,true,""
phase1,20,1125,HIGH,250,1.20,false,15,12,68503,7128,1.82,true,""
phase1,20,1150,LOW,250,1.20,false,14,12,30048,3209,4.05,true,""
phase1,20,1150,MEDIUM,250,1.20,false,14,12,38215,3078,4.22,true,""
phase1,20,1150,QUARTILE,250,1.20,false,14,12,50361,2769,4.69,true,""
phase1,20,1150,HIGH,250,1.20,false,14,12,66406,4650,2.80,true,""
phase1,20,1175,LOW,250,1.20,false,14,12,31703,2748,4.73,true,""
phase1,20,1175,MEDIUM,250,1.20,false,14,12,37862,4765,2.73,true,""
phase1,20,1175,QUARTILE,250,1.20,false,14,12,52403,2857,4.55,true,""
phase1,20,1175,HIGH,250,1.20,false,14,12,65701,3243,4.01,true,""
phase1,20,1200,LOW,250,1.20,false,14,12,31220,3564,3.65,true,""
phase1,20,1200,MEDIUM,250,1.20,false,14,12,39595,3326,3.91,true,""
phase1,20,1200,QUARTILE,250,1.20,false,14,12,51444,2821,4.61,true,""
phase1,20,1200,HIGH,250,1.20,false,14,12,64537,3211,4.05,true,""
phase1,20,1225,LOW,250,1.20,false,14,11,32069,2949,4.41,true,""
phase1,20,1225,MEDIUM,250,1.20,false,14,11,40703,3192,4.07,true,""
phase1,20,1225,QUARTILE,250,1.20,false,14,11,55761,2790,4.66,true,""
phase1,20,1225,HIGH,250,1.20,false,14,11,69625,3469,3.75,true,""
phase1,20,1250,LOW,250,1.20,false,13,11,29768,3318,3.92,true,""
phase1,20,1250,MEDIUM,250,1.20,false,13,11,37770,3012,4.32,true,""
phase1,20,1250,QUARTILE,250,1.20,false,13,11,51701,3938,3.30,true,""
phase1,20,1250,HIGH,250,1.20,false,13,11,64475,4448,2.92,true,""
phase1,20,1275,LOW,250,1.20,false,13,11,31349,3185,4.08,true,""
phase1,20,1275,MEDIUM,250,1.20,false,13,11,39752,2821,4.61,true,""
phase1,20,1275,QUARTILE,250,1.20,false,13,11,51386,3802,3.42,true,""
phase1,20,1300,LOW,250,1.20,false,13,11,31013,2677,4.86,true,""
phase1,20,1300,MEDIUM,250,1.20,false,13,11,39346,2877,4.52,true,""
phase1,20,1300,QUARTILE,250,1.20,false,13,11,53315,3217,4.04,true,""
phase1,20,1325,LOW,250,1.20,false,13,11,30551,4887,2.66,true,""
phase1,20,1325,MEDIUM,250,1.20,false,13,11,38718,2671,4.87,true,""
phase1,20,1325,QUARTILE,250,1.20,false,13,11,52328,2722,4.78,true,""
phase1,20,1350,LOW,250,1.20,false,12,10,29191,2891,4.50,true,""
phase1,20,1350,MEDIUM,250,1.20,false,12,10,36929,2885,4.51,true,""
phase1,20,1350,QUARTILE,250,1.20,false,12,10,52428,2714,4.79,true,""
phase1,20,1375,LOW,250,1.20,false,12,10,30881,2914,4.46,true,""
phase1,20,1375,MEDIUM,250,1.20,false,12,10,38932,3230,4.02,true,""
phase1,20,1375,QUARTILE,250,1.20,false,12,10,52349,3374,3.85,true,""
phase1,20,1400,LOW,250,1.20,false,12,10,30749,3579,3.63,true,""
phase1,20,1400,MEDIUM,250,1.20,false,12,10,38783,2687,4.84,true,""
phase1,20,1400,QUARTILE,250,1.20,false,12,10,52062,2794,4.65,true,""
phase1,20,1425,LOW,250,1.20,false,12,10,30507,4401,2.95,true,""
phase1,20,1425,MEDIUM,250,1.20,false,12,10,38417,2768,4.70,true,""
phase1,20,1425,QUARTILE,250,1.20,false,12,10,54051,3545,3.67,true,""
phase1,20,1450,LOW,250,1.20,false,12,10,30176,2963,4.39,true,""
phase1,20,1450,MEDIUM,250,1.20,false,12,10,40121,2800,4.64,true,""
phase1,20,1450,QUARTILE,250,1.20,false,12,10,53364,2810,4.63,true,""
phase1,20,1475,LOW,250,1.20,false,11,10,28813,3620,3.59,true,""
phase1,20,1475,MEDIUM,250,1.20,false,11,10,36037,2940,4.42,true,""
phase1,20,1475,QUARTILE,250,1.20,false,11,10,47740,2985,4.36,true,""
phase1,20,1500,LOW,250,1.20,false,11,9,30133,3060,4.25,true,""
phase1,20,1500,MEDIUM,250,1.20,false,11,9,37700,2795,4.65,true,""
phase1,20,1500,QUARTILE,250,1.20,false,11,9,52462,2853,4.56,true,""
phase1,20,1800,MEDIUM,250,1.20,false,10,8,40904,2882,4.51,true,""
phase1,20,1825,LOW,250,1.20,false,10,8,31833,2623,4.96,true,""
phase1,20,1825,MEDIUM,250,1.20,false,10,8,40641,3025,4.30,true,""
phase1,20,1850,LOW,250,1.20,false,10,8,33272,2097,6.20,true,""
phase1,20,1850,MEDIUM,250,1.20,false,10,8,40345,2169,5.99,true,""
phase1,20,1875,LOW,250,1.20,false,10,8,32898,1390,9.35,true,""
phase1,20,1875,MEDIUM,250,1.20,false,10,8,39844,2459,5.29,true,""
phase1,20,1900,LOW,250,1.20,false,10,8,32364,3145,4.13,true,""
phase1,20,1900,MEDIUM,250,1.20,false,10,8,39156,2383,5.46,true,""
phase1,20,1925,LOW,250,1.20,false,10,7,34311,1777,7.32,true,""
phase1,20,1925,MEDIUM,250,1.20,false,10,7,43711,3393,3.83,true,""
phase1,20,1950,LOW,250,1.20,false,10,7,36083,2964,4.39,true,""
phase1,20,1950,MEDIUM,250,1.20,false,10,7,43667,2506,5.19,true,""
phase1,20,1975,LOW,250,1.20,false,10,7,35999,2854,4.56,true,""
phase1,20,1975,MEDIUM,250,1.20,false,10,7,43619,2772,4.69,true,""
phase1,20,2000,LOW,250,1.20,false,10,7,35960,2075,6.27,true,""
phase1,20,2000,MEDIUM,250,1.20,false,10,7,45557,3146,4.13,true,""
phase1,20,2025,LOW,250,1.20,false,10,7,35871,1829,7.11,true,""
phase1,20,2025,MEDIUM,250,1.20,false,10,7,45454,2483,5.24,true,""
phase1,20,2050,LOW,250,1.20,false,10,7,35785,2533,5.13,true,""
phase1,20,2050,MEDIUM,250,1.20,false,10,7,45272,2720,4.78,true,""
phase1,20,2075,LOW,250,1.20,false,10,7,37189,2830,4.59,true,""
phase1,20,2075,MEDIUM,250,1.20,false,10,7,45046,2631,4.94,true,""
phase1,20,2100,LOW,250,1.20,false,10,7,36995,3003,4.33,true,""
phase1,20,2100,MEDIUM,250,1.20,false,10,7,46856,1561,8.33,true,""
phase1,20,2125,LOW,250,1.20,false,10,7,36792,1887,6.89,true,""
phase1,20,2125,MEDIUM,250,1.20,false,10,7,46603,2360,5.51,true,""
phase1,20,2150,LOW,250,1.20,false,10,7,36443,1886,6.89,true,""
phase1,20,2150,MEDIUM,250,1.20,false,10,7,46123,3712,3.50,true,""
phase1,20,2175,LOW,250,1.20,false,10,7,36103,1827,7.12,true,""
phase1,20,2175,MEDIUM,250,1.20,false,10,7,45555,2195,5.92,true,""
phase1,20,2200,LOW,250,1.20,false,10,7,37815,2885,4.51,true,""
phase1,20,2200,MEDIUM,250,1.20,false,10,7,45016,2060,6.31,true,""
phase1,20,2225,LOW,250,1.20,false,10,6,39808,1742,7.46,true,""
phase1,20,2225,MEDIUM,250,1.20,false,10,6,49747,2031,6.40,true,""
phase1,20,2250,LOW,250,1.20,false,10,6,39829,1694,7.67,true,""
phase1,20,2250,MEDIUM,250,1.20,false,10,6,49758,2488,5.23,true,""
phase1,20,2275,LOW,250,1.20,false,10,6,39821,2163,6.01,true,""
phase1,20,2275,MEDIUM,250,1.20,false,10,6,49768,2269,5.73,true,""
phase1,20,2300,LOW,250,1.20,false,10,6,41672,1569,8.29,true,""
phase1,20,2300,MEDIUM,250,1.20,false,10,6,49739,2876,4.52,true,""
phase1,20,2325,LOW,250,1.20,false,10,6,41599,2681,4.85,true,""
phase1,20,2350,LOW,250,1.20,false,10,6,41561,1919,6.77,true,""
phase1,20,2375,LOW,250,1.20,false,10,6,41503,2499,5.20,true,""
phase1,20,2400,LOW,250,1.20,false,10,6,41402,1215,10.70,true,""
phase1,20,2425,LOW,250,1.20,false,10,6,43267,2484,5.23,true,""
phase1,20,2450,LOW,250,1.20,false,10,6,43103,1899,6.85,true,""
phase1,20,2475,LOW,250,1.20,false,10,6,42966,1923,6.76,true,""
phase1,20,2500,LOW,250,1.20,false,10,6,42763,1872,6.94,true,""
phase1,20,2525,LOW,250,1.20,false,10,6,42609,4014,3.24,true,""
phase1,20,2550,LOW,250,1.20,false,10,6,42233,283,45.94,true,""
phase1,20,2575,LOW,250,1.20,false,10,6,44081,2541,5.12,true,""
phase1,20,2600,LOW,250,1.20,false,10,6,43717,2536,5.13,true,""
phase1,20,2625,LOW,250,1.20,false,10,6,43350,1241,10.48,true,""
phase1,20,2650,LOW,250,1.20,false,10,6,42891,2728,4.77,true,""
phase1,20,2675,LOW,250,1.20,false,10,5,45694,1656,7.85,true,""
phase1,20,2700,LOW,250,1.20,false,10,5,47716,1988,6.54,true,""
phase1,20,2725,LOW,250,1.20,false,10,5,47715,1977,6.58,true,""
phase1,20,2750,LOW,250,1.20,false,10,5,47695,2979,4.36,true,""
phase1,20,2775,LOW,250,1.20,false,10,5,47726,3132,4.15,true,""
phase1,20,2800,LOW,250,1.20,false,10,5,49717,2455,5.30,true,""
phase1,21,400,LOW,250,1.20,false,41,34,36110,366,35.52,true,""
phase1,21,400,MEDIUM,250,1.20,false,41,34,43651,5411,2.40,true,""
phase1,21,400,QUARTILE,250,1.20,false,41,34,61589,3939,3.30,true,""
phase1,21,400,HIGH,250,1.20,false,41,34,76880,3175,4.09,true,""
phase1,21,425,LOW,250,1.20,false,38,32,36916,4822,2.70,true,""
phase1,21,425,MEDIUM,250,1.20,false,38,32,44230,3653,3.56,true,""
phase1,21,425,QUARTILE,250,1.20,false,38,32,57121,3757,3.46,true,""
phase1,21,425,HIGH,250,1.20,false,38,32,71326,4241,3.07,true,""
phase1,21,450,LOW,250,1.20,false,36,30,35043,12897,1.01,true,""
phase1,21,450,MEDIUM,250,1.20,false,36,30,45859,4516,2.88,true,""
phase1,21,450,QUARTILE,250,1.20,false,36,30,58673,3841,3.38,true,""
phase1,21,450,HIGH,250,1.20,false,36,30,72478,5103,2.55,true,""
phase1,21,475,LOW,250,1.20,false,34,29,36108,4650,2.80,true,""
phase1,21,475,MEDIUM,250,1.20,false,34,29,43075,4638,2.80,true,""
phase1,21,475,QUARTILE,250,1.20,false,34,29,55013,4593,2.83,true,""
phase1,21,475,HIGH,250,1.20,false,34,29,72682,4347,2.99,true,""
phase1,21,500,LOW,250,1.20,false,33,27,35269,2615,4.97,true,""
phase1,21,500,MEDIUM,250,1.20,false,33,27,45842,8382,1.55,true,""
phase1,21,500,QUARTILE,250,1.20,false,33,27,57856,3538,3.67,true,""
phase1,21,500,HIGH,250,1.20,false,33,27,70987,3646,3.57,true,""
phase1,21,525,LOW,250,1.20,false,31,26,36107,4493,2.89,true,""
phase1,21,525,MEDIUM,250,1.20,false,31,26,43054,3817,3.41,true,""
phase1,21,525,QUARTILE,250,1.20,false,31,26,58290,4250,3.06,true,""
phase1,21,525,HIGH,250,1.20,false,31,26,70902,3328,3.91,true,""
phase1,21,550,LOW,250,1.20,false,30,25,34674,3383,3.84,true,""
phase1,21,550,MEDIUM,250,1.20,false,30,25,44781,3422,3.80,true,""
phase1,21,550,QUARTILE,250,1.20,false,30,25,55921,3610,3.60,true,""
phase1,21,550,HIGH,250,1.20,false,30,25,72228,3388,3.84,true,""
phase1,21,575,LOW,250,1.20,false,28,24,32287,8442,1.54,true,""
phase1,21,575,MEDIUM,250,1.20,false,28,24,41764,3770,3.45,true,""
phase1,21,575,QUARTILE,250,1.20,false,28,24,55820,4983,2.61,true,""
phase1,21,575,HIGH,250,1.20,false,28,24,67265,6447,2.02,true,""
phase1,21,600,LOW,250,1.20,false,27,23,34182,4171,3.12,true,""
phase1,21,600,MEDIUM,250,1.20,false,27,23,40314,2757,4.72,true,""
phase1,21,600,QUARTILE,250,1.20,false,27,23,53884,4656,2.79,true,""
phase1,21,600,HIGH,250,1.20,false,27,23,68949,3364,3.86,true,""
phase1,21,625,LOW,250,1.20,false,26,22,32946,4460,2.91,true,""
phase1,21,625,MEDIUM,250,1.20,false,26,22,42138,3896,3.34,true,""
phase1,21,625,QUARTILE,250,1.20,false,26,22,55630,4048,3.21,true,""
phase1,21,625,HIGH,250,1.20,false,26,22,70822,4675,2.78,true,""
phase1,21,650,LOW,250,1.20,false,25,21,34709,3632,3.58,true,""
phase1,21,650,MEDIUM,250,1.20,false,25,21,40641,2830,4.59,true,""
phase1,21,650,QUARTILE,250,1.20,false,25,21,53692,3490,3.72,true,""
phase1,21,650,HIGH,250,1.20,false,25,21,68302,4588,2.83,true,""
phase1,21,675,LOW,250,1.20,false,24,20,33339,4639,2.80,true,""
phase1,21,675,MEDIUM,250,1.20,false,24,20,42091,3341,3.89,true,""
phase1,21,675,QUARTILE,250,1.20,false,24,20,54904,3423,3.80,true,""
phase1,21,675,HIGH,250,1.20,false,24,20,69727,4095,3.17,true,""
phase1,21,700,LOW,250,1.20,false,23,20,31557,3154,4.12,true,""
phase1,21,700,MEDIUM,250,1.20,false,23,20,39761,3743,3.47,true,""
phase1,21,700,QUARTILE,250,1.20,false,23,20,51892,3428,3.79,true,""
phase1,21,700,HIGH,250,1.20,false,23,20,69806,3528,3.68,true,""
phase1,21,725,LOW,250,1.20,false,23,19,34588,4360,2.98,true,""
phase1,21,725,MEDIUM,250,1.20,false,23,19,43219,3332,3.90,true,""
phase1,21,725,QUARTILE,250,1.20,false,23,19,55780,3047,4.27,true,""
phase1,21,725,HIGH,250,1.20,false,23,19,70503,3683,3.53,true,""
phase1,21,750,LOW,250,1.20,false,22,18,33126,3396,3.83,true,""
phase1,21,750,MEDIUM,250,1.20,false,22,18,41404,2930,4.44,true,""
phase1,21,750,QUARTILE,250,1.20,false,22,18,56698,4329,3.00,true,""
phase1,21,750,HIGH,250,1.20,false,22,18,71418,2428,5.35,true,""
phase1,21,775,LOW,250,1.20,false,21,18,31206,3801,3.42,true,""
phase1,21,775,MEDIUM,250,1.20,false,21,18,41781,4370,2.97,true,""
phase1,21,775,QUARTILE,250,1.20,false,21,18,53327,2735,4.75,true,""
phase1,21,775,HIGH,250,1.20,false,21,18,67156,4216,3.08,true,""
phase1,21,800,LOW,250,1.20,false,21,17,34218,3843,3.38,true,""
phase1,21,800,MEDIUM,250,1.20,false,21,17,42230,3393,3.83,true,""
phase1,21,800,QUARTILE,250,1.20,false,21,17,57426,3629,3.58,true,""
phase1,21,800,HIGH,250,1.20,false,21,17,71868,3440,3.78,true,""
phase1,21,825,LOW,250,1.20,false,20,17,32070,13189,0.99,true,""
phase1,21,825,MEDIUM,250,1.20,false,20,17,39638,5328,2.44,true,""
phase1,21,825,QUARTILE,250,1.20,false,20,17,54000,3416,3.81,true,""
phase1,21,825,HIGH,250,1.20,false,20,17,67448,3300,3.94,true,""
phase1,21,850,LOW,250,1.20,false,19,16,30931,4199,3.10,true,""
phase1,21,850,MEDIUM,250,1.20,false,19,16,40837,1575,8.25,true,""
phase1,21,850,QUARTILE,250,1.20,false,19,16,52040,2925,4.44,true,""
phase1,21,850,HIGH,250,1.20,false,19,16,68511,4074,3.19,true,""
phase1,21,875,LOW,250,1.20,false,19,16,33007,3329,3.91,true,""
phase1,21,875,MEDIUM,250,1.20,false,19,16,40455,4032,3.22,true,""
phase1,21,875,QUARTILE,250,1.20,false,19,16,54643,2451,5.30,true,""
phase1,21,875,HIGH,250,1.20,false,19,16,67713,3628,3.58,true,""
phase1,21,900,LOW,250,1.20,false,18,15,31582,3422,3.80,true,""
phase1,21,900,MEDIUM,250,1.20,false,18,15,38720,3658,3.55,true,""
phase1,21,900,QUARTILE,250,1.20,false,18,15,52325,3305,3.93,true,""
phase1,21,900,HIGH,250,1.20,false,18,15,68306,3319,3.92,true,""
phase1,21,925,LOW,250,1.20,false,18,15,33781,2866,4.54,true,""
phase1,21,925,MEDIUM,250,1.20,false,18,15,41084,4900,2.65,true,""
phase1,21,925,QUARTILE,250,1.20,false,18,15,55172,2946,4.41,true,""
phase1,21,925,HIGH,250,1.20,false,18,15,67876,5081,2.56,true,""
phase1,21,950,LOW,250,1.20,false,17,15,31093,3900,3.33,true,""
phase1,21,950,MEDIUM,250,1.20,false,17,15,37675,3305,3.93,true,""
phase1,21,950,QUARTILE,250,1.20,false,17,15,50509,2572,5.05,true,""
phase1,21,950,HIGH,250,1.20,false,17,15,65312,3301,3.94,true,""
phase1,21,975,LOW,250,1.20,false,17,14,31943,3983,3.26,true,""
phase1,21,975,MEDIUM,250,1.20,false,17,14,38901,6067,2.14,true,""
phase1,21,975,QUARTILE,250,1.20,false,17,14,55162,3781,3.44,true,""
phase1,21,975,HIGH,250,1.20,false,17,14,70833,3410,3.81,true,""
phase1,21,1000,LOW,250,1.20,false,17,14,33890,3601,3.61,true,""
phase1,21,1000,MEDIUM,250,1.20,false,17,14,41004,3368,3.86,true,""
phase1,21,1000,QUARTILE,250,1.20,false,17,14,54630,4048,3.21,true,""
phase1,21,1000,HIGH,250,1.20,false,17,14,70088,3214,4.04,true,""
phase1,21,1025,LOW,250,1.20,false,16,14,31225,14128,0.92,true,""
phase1,21,1025,MEDIUM,250,1.20,false,16,14,37593,2838,4.58,true,""
phase1,21,1025,QUARTILE,250,1.20,false,16,14,53174,9261,1.40,true,""
phase1,21,1025,HIGH,250,1.20,false,16,14,64307,6289,2.07,true,""
phase1,21,1050,LOW,250,1.20,false,16,13,32226,10711,1.21,true,""
phase1,21,1050,MEDIUM,250,1.20,false,16,13,38903,4386,2.96,true,""
phase1,21,1050,QUARTILE,250,1.20,false,16,13,54812,6325,2.06,true,""
phase1,21,1050,HIGH,250,1.20,false,16,13,69809,2844,4.57,true,""
phase1,21,1075,LOW,250,1.20,false,15,13,29973,2764,4.70,true,""
phase1,21,1075,MEDIUM,250,1.20,false,15,13,38370,3046,4.27,true,""
phase1,21,1075,QUARTILE,250,1.20,false,15,13,51019,2833,4.59,true,""
phase1,21,1075,HIGH,250,1.20,false,15,13,64930,2749,4.73,true,""
phase1,21,1100,LOW,250,1.20,false,15,13,31629,3698,3.52,true,""
phase1,21,1100,MEDIUM,250,1.20,false,15,13,37822,4046,3.21,true,""
phase1,21,1100,QUARTILE,250,1.20,false,15,13,50234,3294,3.95,true,""
phase1,21,1100,HIGH,250,1.20,false,15,13,66825,3344,3.89,true,""
phase1,21,1125,LOW,250,1.20,false,15,12,32256,4163,3.12,true,""
phase1,21,1125,MEDIUM,250,1.20,false,15,12,41103,2983,4.36,true,""
phase1,21,1125,QUARTILE,250,1.20,false,15,12,54145,3264,3.98,true,""
phase1,21,1125,HIGH,250,1.20,false,15,12,68503,2190,5.94,true,""
phase1,21,1150,LOW,250,1.20,false,14,12,30048,2931,4.44,true,""
phase1,21,1150,MEDIUM,250,1.20,false,14,12,38215,4800,2.71,true,""
phase1,21,1150,QUARTILE,250,1.20,false,14,12,50361,1574,8.26,true,""
phase1,21,1150,HIGH,250,1.20,false,14,12,66406,3076,4.23,true,""
phase1,21,1175,LOW,250,1.20,false,14,12,31703,2409,5.40,true,""
phase1,21,1175,MEDIUM,250,1.20,false,14,12,37862,2836,4.58,true,""
phase1,21,1175,QUARTILE,250,1.20,false,14,12,52403,3585,3.63,true,""
phase1,21,1175,HIGH,250,1.20,false,14,12,65701,3121,4.17,true,""
phase1,21,1200,LOW,250,1.20,false,14,12,31220,3559,3.65,true,""
phase1,21,1200,MEDIUM,250,1.20,false,14,12,39595,2799,4.64,true,""
phase1,21,1200,QUARTILE,250,1.20,false,14,12,51444,3421,3.80,true,""
phase1,21,1200,HIGH,250,1.20,false,14,12,64537,3409,3.81,true,""
phase1,21,1225,LOW,250,1.20,false,14,11,32069,1794,7.25,true,""
phase1,21,1225,MEDIUM,250,1.20,false,14,11,40703,2893,4.49,true,""
phase1,21,1225,QUARTILE,250,1.20,false,14,11,55761,2090,6.22,true,""
phase1,21,1225,HIGH,250,1.20,false,14,11,69625,3551,3.66,true,""
phase1,21,1250,LOW,250,1.20,false,13,11,29768,1825,7.12,true,""
phase1,21,1250,MEDIUM,250,1.20,false,13,11,37770,3520,3.69,true,""
phase1,21,1250,QUARTILE,250,1.20,false,13,11,51701,2911,4.47,true,""
phase1,21,1250,HIGH,250,1.20,false,13,11,64475,2063,6.30,true,""
phase1,21,1275,LOW,250,1.20,false,13,11,31349,3690,3.52,true,""
phase1,21,1275,MEDIUM,250,1.20,false,13,11,39752,2449,5.31,true,""
phase1,21,1275,QUARTILE,250,1.20,false,13,11,51386,2261,5.75,true,""
phase1,21,1300,LOW,250,1.20,false,13,11,31013,2030,6.40,true,""
phase1,21,1300,MEDIUM,250,1.20,false,13,11,39346,1717,7.57,true,""
phase1,21,1300,QUARTILE,250,1.20,false,13,11,53315,2624,4.95,true,""
phase1,21,1325,LOW,250,1.20,false,13,11,30551,3182,4.09,true,""
phase1,21,1325,MEDIUM,250,1.20,false,13,11,38718,3376,3.85,true,""
phase1,21,1325,QUARTILE,250,1.20,false,13,11,52328,2898,4.49,true,""
phase1,21,1350,LOW,250,1.20,false,12,10,29191,7584,1.71,true,""
phase1,21,1350,MEDIUM,250,1.20,false,12,10,36929,12179,1.07,true,""
phase1,21,1350,QUARTILE,250,1.20,false,12,10,52428,8321,1.56,true,""
phase1,21,1375,LOW,250,1.20,false,12,10,30881,3205,4.06,true,""
phase1,21,1375,MEDIUM,250,1.20,false,12,10,38932,1930,6.74,true,""
phase1,21,1375,QUARTILE,250,1.20,false,12,10,52349,2083,6.24,true,""
phase1,21,1400,LOW,250,1.20,false,12,10,30749,2111,6.16,true,""
phase1,21,1400,MEDIUM,250,1.20,false,12,10,38783,2536,5.13,true,""
phase1,21,1400,QUARTILE,250,1.20,false,12,10,52062,7669,1.70,true,""
phase1,21,1425,LOW,250,1.20,false,12,10,30507,12306,1.06,true,""
phase1,21,1425,MEDIUM,250,1.20,false,12,10,38417,12934,1.01,true,""
phase1,21,1425,QUARTILE,250,1.20,false,12,10,54051,2258,5.76,true,""
phase1,21,1450,LOW,250,1.20,false,12,10,30176,3047,4.27,true,""
phase1,21,1450,MEDIUM,250,1.20,false,12,10,40121,3145,4.13,true,""
phase1,21,1450,QUARTILE,250,1.20,false,12,10,53364,7828,1.66,true,""
phase1,21,1475,LOW,250,1.20,false,11,10,28813,3091,4.21,true,""
phase1,21,1475,MEDIUM,250,1.20,false,11,10,36037,2665,4.88,true,""
phase1,21,1475,QUARTILE,250,1.20,false,11,10,47740,3622,3.59,true,""
phase1,21,1500,LOW,250,1.20,false,11,9,30133,2144,6.06,true,""
phase1,21,1500,MEDIUM,250,1.20,false,11,9,37700,3605,3.61,true,""
phase1,21,1500,QUARTILE,250,1.20,false,11,9,52462,3778,3.44,true,""
phase1,21,1525,LOW,250,1.20,false,11,9,31967,2677,4.86,true,""
phase1,21,1525,MEDIUM,250,1.20,false,11,9,37686,2478,5.25,true,""
phase1,21,1525,QUARTILE,250,1.20,false,11,9,52429,3092,4.20,true,""
phase1,21,1550,LOW,250,1.20,false,11,9,31887,3729,3.49,true,""
phase1,21,1550,MEDIUM,250,1.20,false,11,9,39477,2325,5.59,true,""
phase1,21,1550,QUARTILE,250,1.20,false,11,9,52214,2541,5.12,true,""
phase1,21,1575,LOW,250,1.20,false,11,9,31690,3749,3.47,true,""
phase1,21,1575,MEDIUM,250,1.20,false,11,9,39231,1899,6.85,true,""
phase1,21,1575,QUARTILE,250,1.20,false,11,9,54197,2317,5.61,true,""
phase1,21,1600,LOW,250,1.20,false,11,9,31477,1762,7.38,true,""
phase1,21,1600,MEDIUM,250,1.20,false,11,9,38899,3062,4.25,true,""
phase1,21,1600,QUARTILE,250,1.20,false,11,9,53753,3449,3.77,true,""
phase1,21,1625,LOW,250,1.20,false,10,9,29933,1619,8.03,true,""
phase1,21,1625,MEDIUM,250,1.20,false,10,9,36646,2645,4.91,true,""
phase1,21,1625,QUARTILE,250,1.20,false,10,9,48176,3417,3.80,true,""
phase1,21,1650,LOW,250,1.20,false,10,9,29496,3869,3.36,true,""
phase1,21,1650,MEDIUM,250,1.20,false,10,9,36120,6498,2.00,true,""
phase1,21,1650,QUARTILE,250,1.20,false,10,9,47285,3988,3.26,true,""
phase1,21,1675,LOW,250,1.20,false,10,8,30785,3680,3.53,true,""
phase1,21,1675,MEDIUM,250,1.20,false,10,8,37949,1431,9.08,true,""
phase1,21,1700,LOW,250,1.20,false,10,8,30764,2636,4.93,true,""
phase1,21,1700,MEDIUM,250,1.20,false,10,8,37933,2881,4.51,true,""
phase1,21,1725,LOW,250,1.20,false,10,8,30780,6472,2.01,true,""
phase1,21,1725,MEDIUM,250,1.20,false,10,8,39772,3433,3.79,true,""
phase1,21,1750,LOW,250,1.20,false,10,8,32418,2525,5.15,true,""
phase1,21,1750,MEDIUM,250,1.20,false,10,8,39541,2965,4.38,true,""
phase1,21,1775,LOW,250,1.20,false,10,8,32270,2984,4.36,true,""
phase1,21,1775,MEDIUM,250,1.20,false,10,8,39411,3152,4.12,true,""
phase1,21,1800,LOW,250,1.20,false,10,8,32063,3370,3.86,true,""
phase1,21,1800,MEDIUM,250,1.20,false,10,8,40904,2847,4.57,true,""
phase1,21,1825,LOW,250,1.20,false,10,8,31833,2713,4.79,true,""
phase1,21,1825,MEDIUM,250,1.20,false,10,8,40641,2728,4.77,true,""
phase1,21,1850,LOW,250,1.20,false,10,8,33272,3200,4.06,true,""
phase1,21,1850,MEDIUM,250,1.20,false,10,8,40345,3540,3.67,true,""
phase1,21,1875,LOW,250,1.20,false,10,8,32898,1327,9.80,true,""
phase1,21,1875,MEDIUM,250,1.20,false,10,8,39844,3266,3.98,true,""
phase1,21,1900,LOW,250,1.20,false,10,8,32364,1679,7.74,true,""
phase1,21,1900,MEDIUM,250,1.20,false,10,8,39156,2796,4.65,true,""
phase1,21,1925,LOW,250,1.20,false,10,7,34311,2672,4.87,true,""
phase1,21,1925,MEDIUM,250,1.20,false,10,7,43711,2526,5.15,true,""
phase1,21,1950,LOW,250,1.20,false,10,7,36083,2600,5.00,true,""
phase1,21,1950,MEDIUM,250,1.20,false,10,7,43667,2460,5.28,true,""
phase1,21,1975,LOW,250,1.20,false,10,7,35999,2761,4.71,true,""
phase1,21,1975,MEDIUM,250,1.20,false,10,7,43619,3210,4.05,true,""
phase1,21,2000,LOW,250,1.20,false,10,7,35960,2507,5.19,true,""
phase1,21,2000,MEDIUM,250,1.20,false,10,7,45557,1572,8.27,true,""
phase1,21,2025,LOW,250,1.20,false,10,7,35871,2812,4.62,true,""
phase1,21,2025,MEDIUM,250,1.20,false,10,7,45454,3009,4.32,true,""
phase1,21,2050,LOW,250,1.20,false,10,7,35785,2470,5.26,true,""
phase1,21,2050,MEDIUM,250,1.20,false,10,7,45272,3253,4.00,true,""
phase1,21,2075,LOW,250,1.20,false,10,7,37189,1769,7.35,true,""
phase1,21,2075,MEDIUM,250,1.20,false,10,7,45046,2859,4.55,true,""
phase1,21,2100,LOW,250,1.20,false,10,7,36995,2099,6.19,true,""
phase1,21,2100,MEDIUM,250,1.20,false,10,7,46856,1976,6.58,true,""
phase1,21,2125,LOW,250,1.20,false,10,7,36792,2895,4.49,true,""
phase1,21,2125,MEDIUM,250,1.20,false,10,7,46603,3384,3.84,true,""
phase1,21,2150,LOW,250,1.20,false,10,7,36443,1575,8.25,true,""
phase1,21,2150,MEDIUM,250,1.20,false,10,7,46123,2034,6.39,true,""
phase1,21,2175,LOW,250,1.20,false,10,7,36103,2585,5.03,true,""
phase1,21,2175,MEDIUM,250,1.20,false,10,7,45555,4278,3.04,true,""
phase1,21,2200,LOW,250,1.20,false,10,7,37815,2690,4.83,true,""
phase1,21,2200,MEDIUM,250,1.20,false,10,7,45016,2899,4.48,true,""
phase1,21,2225,LOW,250,1.20,false,10,6,39808,2558,5.08,true,""
phase1,21,2225,MEDIUM,250,1.20,false,10,6,49747,2635,4.93,true,""
phase1,21,2250,LOW,250,1.20,false,10,6,39829,2944,4.42,true,""
phase1,21,2250,MEDIUM,250,1.20,false,10,6,49758,1545,8.41,true,""
phase1,21,2275,LOW,250,1.20,false,10,6,39821,2766,4.70,true,""
phase1,21,2275,MEDIUM,250,1.20,false,10,6,49768,2243,5.80,true,""
phase1,21,2300,LOW,250,1.20,false,10,6,41672,3290,3.95,true,""
phase1,21,2300,MEDIUM,250,1.20,false,10,6,49739,1379,9.43,true,""
phase1,21,2325,LOW,250,1.20,false,10,6,41599,2997,4.34,true,""
phase1,21,2350,LOW,250,1.20,false,10,6,41561,2061,6.31,true,""
phase1,21,2375,LOW,250,1.20,false,10,6,41503,1938,6.71,true,""
phase1,21,2400,LOW,250,1.20,false,10,6,41402,2483,5.24,true,""
phase1,21,2425,LOW,250,1.20,false,10,6,43267,2587,5.03,true,""
phase1,21,2450,LOW,250,1.20,false,10,6,43103,3027,4.29,true,""
phase1,21,2475,LOW,250,1.20,false,10,6,42966,2734,4.75,true,""
phase1,21,2500,LOW,250,1.20,false,10,6,42763,3529,3.68,true,""
phase1,21,2525,LOW,250,1.20,false,10,6,42609,2503,5.19,true,""
phase1,21,2550,LOW,250,1.20,false,10,6,42233,1791,7.26,true,""
phase1,21,2575,LOW,250,1.20,false,10,6,44081,3283,3.96,true,""
phase1,21,2600,LOW,250,1.20,false,10,6,43717,1357,9.58,true,""
phase1,21,2625,LOW,250,1.20,false,10,6,43350,2611,4.98,true,""
phase1,21,2650,LOW,250,1.20,false,10,6,42891,2590,5.02,true,""
phase1,21,2675,LOW,250,1.20,false,10,5,45694,2988,4.35,true,""
phase1,21,2700,LOW,250,1.20,false,10,5,47716,2481,5.24,true,""
phase1,21,2725,LOW,250,1.20,false,10,5,47715,2475,5.25,true,""
phase1,21,2750,LOW,250,1.20,false,10,5,47695,2311,5.63,true,""
phase1,21,2775,LOW,250,1.20,false,10,5,47726,1749,7.43,true,""
phase1,21,2800,LOW,250,1.20,false,10,5,49717,1887,6.89,true,""
phase1,22,400,LOW,250,1.20,false,41,34,36110,3792,3.43,true,""
phase1,22,400,MEDIUM,250,1.20,false,41,34,43651,6950,1.87,true,""
phase1,22,400,QUARTILE,250,1.20,false,41,34,61589,5925,2.19,true,""
phase1,22,400,HIGH,250,1.20,false,41,34,76880,5594,2.32,true,""
phase1,22,425,LOW,250,1.20,false,38,32,36916,5634,2.31,true,""
phase1,22,425,MEDIUM,250,1.20,false,38,32,44230,3499,3.72,true,""
phase1,22,425,QUARTILE,250,1.20,false,38,32,57121,5165,2.52,true,""
phase1,22,425,HIGH,250,1.20,false,38,32,71326,4408,2.95,true,""
phase1,22,450,LOW,250,1.20,false,36,30,35043,18770,0.69,true,""
phase1,22,450,MEDIUM,250,1.20,false,36,30,45859,4551,2.86,true,""
phase1,22,450,QUARTILE,250,1.20,false,36,30,58673,5333,2.44,true,""
phase1,22,450,HIGH,250,1.20,false,36,30,72478,15150,0.86,true,""
phase1,22,475,LOW,250,1.20,false,34,29,36108,3934,3.30,true,""
phase1,22,475,MEDIUM,250,1.20,false,34,29,43075,4302,3.02,true,""
phase1,22,475,QUARTILE,250,1.20,false,34,29,55013,5543,2.35,true,""
phase1,22,475,HIGH,250,1.20,false,34,29,72682,4083,3.18,true,""
phase1,22,500,LOW,250,1.20,false,33,27,35269,4212,3.09,true,""
phase1,22,500,MEDIUM,250,1.20,false,33,27,45842,4189,3.10,true,""
phase1,22,500,QUARTILE,250,1.20,false,33,27,57856,3733,3.48,true,""
phase1,22,500,HIGH,250,1.20,false,33,27,70987,4293,3.03,true,""
phase1,22,525,LOW,250,1.20,false,31,26,36107,5753,2.26,true,""
phase1,22,525,MEDIUM,250,1.20,false,31,26,43054,3064,4.24,true,""
phase1,22,525,QUARTILE,250,1.20,false,31,26,58290,4465,2.91,true,""
phase1,22,525,HIGH,250,1.20,false,31,26,70902,4481,2.90,true,""
phase1,22,550,LOW,250,1.20,false,30,25,34674,4644,2.80,true,""
phase1,22,550,MEDIUM,250,1.20,false,30,25,44781,3940,3.30,true,""
phase1,22,550,QUARTILE,250,1.20,false,30,25,55921,4331,3.00,true,""
phase1,22,550,HIGH,250,1.20,false,30,25,72228,2994,4.34,true,""
phase1,22,575,LOW,250,1.20,false,28,24,32287,14059,0.92,true,""
phase1,22,575,MEDIUM,250,1.20,false,28,24,41764,9909,1.31,true,""
phase1,22,575,QUARTILE,250,1.20,false,28,24,55820,10155,1.28,true,""
phase1,22,575,HIGH,250,1.20,false,28,24,67265,6367,2.04,true,""
phase1,22,600,LOW,250,1.20,false,27,23,34182,8582,1.51,true,""
phase1,22,600,MEDIUM,250,1.20,false,27,23,40314,5419,2.40,true,""
phase1,22,600,QUARTILE,250,1.20,false,27,23,53884,12923,1.01,true,""
phase1,22,600,HIGH,250,1.20,false,27,23,68949,12317,1.06,true,""
phase1,22,625,LOW,250,1.20,false,26,22,32946,6527,1.99,true,""
phase1,22,625,MEDIUM,250,1.20,false,26,22,42138,16388,0.79,true,""
phase1,22,625,QUARTILE,250,1.20,false,26,22,55630,11840,1.10,true,""
phase1,22,625,HIGH,250,1.20,false,26,22,70822,8520,1.53,true,""
phase1,22,650,LOW,250,1.20,false,25,21,34709,7526,1.73,true,""
phase1,22,650,MEDIUM,250,1.20,false,25,21,40641,7798,1.67,true,""
phase1,22,650,QUARTILE,250,1.20,false,25,21,53692,12691,1.02,true,""
phase1,22,650,HIGH,250,1.20,false,25,21,68302,13822,0.94,true,""
phase1,22,675,LOW,250,1.20,false,24,20,33339,15972,0.81,true,""
phase1,22,675,MEDIUM,250,1.20,false,24,20,42091,10909,1.19,true,""
phase1,22,675,QUARTILE,250,1.20,false,24,20,54904,5739,2.27,true,""
phase1,22,675,HIGH,250,1.20,false,24,20,69727,3364,3.86,true,""
phase1,22,700,LOW,250,1.20,false,23,20,31557,5842,2.23,true,""
phase1,22,700,MEDIUM,250,1.20,false,23,20,39761,7978,1.63,true,""
phase1,22,700,QUARTILE,250,1.20,false,23,20,51892,8968,1.45,true,""
phase1,22,700,HIGH,250,1.20,false,23,20,69806,4149,3.13,true,""
phase1,22,725,LOW,250,1.20,false,23,19,34588,4835,2.69,true,""
phase1,22,725,MEDIUM,250,1.20,false,23,19,43219,5054,2.57,true,""
phase1,22,725,QUARTILE,250,1.20,false,23,19,55780,3758,3.46,true,""
phase1,22,725,HIGH,250,1.20,false,23,19,70503,10268,1.27,true,""
phase1,22,750,LOW,250,1.20,false,22,18,33126,3312,3.93,true,""
phase1,22,750,MEDIUM,250,1.20,false,22,18,41404,3295,3.95,true,""
phase1,22,750,QUARTILE,250,1.20,false,22,18,56698,4884,2.66,true,""
phase1,22,750,HIGH,250,1.20,false,22,18,71418,3304,3.93,true,""
phase1,22,775,LOW,250,1.20,false,21,18,31206,3044,4.27,true,""
phase1,22,775,MEDIUM,250,1.20,false,21,18,41781,3341,3.89,true,""
phase1,22,775,QUARTILE,250,1.20,false,21,18,53327,3804,3.42,true,""
phase1,22,775,HIGH,250,1.20,false,21,18,67156,4263,3.05,true,""
phase1,22,800,LOW,250,1.20,false,21,17,34218,2760,4.71,true,""
phase1,22,800,MEDIUM,250,1.20,false,21,17,42230,3653,3.56,true,""
phase1,22,800,QUARTILE,250,1.20,false,21,17,57426,2079,6.25,true,""
phase1,22,800,HIGH,250,1.20,false,21,17,71868,4001,3.25,true,""
phase1,22,825,LOW,250,1.20,false,20,17,32070,3389,3.84,true,""
phase1,22,825,MEDIUM,250,1.20,false,20,17,39638,9085,1.43,true,""
phase1,22,825,QUARTILE,250,1.20,false,20,17,54000,4612,2.82,true,""
phase1,22,825,HIGH,250,1.20,false,20,17,67448,9749,1.33,true,""
phase1,22,850,LOW,250,1.20,false,19,16,30931,4125,3.15,true,""
phase1,22,850,MEDIUM,250,1.20,false,19,16,40837,3416,3.81,true,""
phase1,22,850,QUARTILE,250,1.20,false,19,16,52040,4460,2.91,true,""
phase1,22,850,HIGH,250,1.20,false,19,16,68511,7034,1.85,true,""
phase1,22,875,LOW,250,1.20,false,19,16,33007,3781,3.44,true,""
phase1,22,875,MEDIUM,250,1.20,false,19,16,40455,6567,1.98,true,""
phase1,22,875,QUARTILE,250,1.20,false,19,16,54643,3878,3.35,true,""
phase1,22,875,HIGH,250,1.20,false,19,16,67713,2522,5.15,true,""
phase1,22,900,LOW,250,1.20,false,18,15,31582,5042,2.58,true,""
phase1,22,900,MEDIUM,250,1.20,false,18,15,38720,3830,3.39,true,""
phase1,22,900,QUARTILE,250,1.20,false,18,15,52325,3627,3.58,true,""
phase1,22,900,HIGH,250,1.20,false,18,15,68306,4013,3.24,true,""
phase1,22,925,LOW,250,1.20,false,18,15,33781,4428,2.94,true,""
phase1,22,925,MEDIUM,250,1.20,false,18,15,41084,11019,1.18,true,""
phase1,22,925,QUARTILE,250,1.20,false,18,15,55172,8378,1.55,true,""
phase1,22,925,HIGH,250,1.20,false,18,15,67876,8230,1.58,true,""
phase1,22,950,LOW,250,1.20,false,17,15,31093,17810,0.73,true,""
phase1,22,950,MEDIUM,250,1.20,false,17,15,37675,7920,1.64,true,""
phase1,22,950,QUARTILE,250,1.20,false,17,15,50509,7633,1.70,true,""
phase1,22,950,HIGH,250,1.20,false,17,15,65312,5177,2.51,true,""
phase1,22,975,LOW,250,1.20,false,17,14,31943,4521,2.88,true,""
phase1,22,975,MEDIUM,250,1.20,false,17,14,38901,8110,1.60,true,""
phase1,22,975,QUARTILE,250,1.20,false,17,14,55162,3188,4.08,true,""
phase1,22,975,HIGH,250,1.20,false,17,14,70833,3567,3.64,true,""
phase1,22,1000,LOW,250,1.20,false,17,14,33890,5770,2.25,true,""
phase1,22,1000,MEDIUM,250,1.20,false,17,14,41004,9389,1.38,true,""
phase1,22,1000,QUARTILE,250,1.20,false,17,14,54630,6826,1.90,true,""
phase1,22,1000,HIGH,250,1.20,false,17,14,70088,13430,0.97,true,""
phase1,22,1025,LOW,250,1.20,false,16,14,31225,3340,3.89,true,""
phase1,22,1025,MEDIUM,250,1.20,false,16,14,37593,15632,0.83,true,""
phase1,22,1025,QUARTILE,250,1.20,false,16,14,53174,9934,1.31,true,""
phase1,22,1025,HIGH,250,1.20,false,16,14,64307,12937,1.00,true,""
phase1,22,1050,LOW,250,1.20,false,16,13,32226,12684,1.02,true,""
phase1,22,1050,MEDIUM,250,1.20,false,16,13,38903,13333,0.98,true,""
phase1,22,1050,QUARTILE,250,1.20,false,16,13,54812,13208,0.98,true,""
phase1,22,1050,HIGH,250,1.20,false,16,13,69809,6898,1.88,true,""
phase1,22,1075,LOW,250,1.20,false,15,13,29973,1579,8.23,true,""
phase1,22,1075,MEDIUM,250,1.20,false,15,13,38370,3587,3.62,true,""
phase1,22,1075,QUARTILE,250,1.20,false,15,13,51019,4645,2.80,true,""
phase1,22,1075,HIGH,250,1.20,false,15,13,64930,2718,4.78,true,""
phase1,22,1100,LOW,250,1.20,false,15,13,31629,3024,4.30,true,""
phase1,22,1100,MEDIUM,250,1.20,false,15,13,37822,3595,3.62,true,""
phase1,22,1100,QUARTILE,250,1.20,false,15,13,50234,4863,2.67,true,""
phase1,22,1100,HIGH,250,1.20,false,15,13,66825,2713,4.79,true,""
phase1,22,1125,LOW,250,1.20,false,15,12,32256,3491,3.72,true,""
phase1,22,1125,MEDIUM,250,1.20,false,15,12,41103,4325,3.01,true,""
phase1,22,1125,QUARTILE,250,1.20,false,15,12,54145,3186,4.08,true,""
phase1,22,1125,HIGH,250,1.20,false,15,12,68503,4843,2.68,true,""
phase1,22,1150,LOW,250,1.20,false,14,12,30048,3429,3.79,true,""
phase1,22,1150,MEDIUM,250,1.20,false,14,12,38215,6467,2.01,true,""
phase1,22,1150,QUARTILE,250,1.20,false,14,12,50361,3416,3.81,true,""
phase1,22,1150,HIGH,250,1.20,false,14,12,66406,2963,4.39,true,""
phase1,22,1175,LOW,250,1.20,false,14,12,31703,3915,3.32,true,""
phase1,22,1175,MEDIUM,250,1.20,false,14,12,37862,3716,3.50,true,""
phase1,22,1175,QUARTILE,250,1.20,false,14,12,52403,8798,1.48,true,""
phase1,22,1175,HIGH,250,1.20,false,14,12,65701,12464,1.04,true,""
phase1,22,1200,LOW,250,1.20,false,14,12,31220,3827,3.40,true,""
phase1,22,1200,MEDIUM,250,1.20,false,14,12,39595,3626,3.59,true,""
phase1,22,1200,QUARTILE,250,1.20,false,14,12,51444,5572,2.33,true,""
phase1,22,1200,HIGH,250,1.20,false,14,12,64537,3301,3.94,true,""
phase1,22,1225,LOW,250,1.20,false,14,11,32069,2931,4.44,true,""
phase1,22,1225,MEDIUM,250,1.20,false,14,11,40703,3467,3.75,true,""
phase1,22,1225,QUARTILE,250,1.20,false,14,11,55761,2130,6.10,true,""
phase1,22,1225,HIGH,250,1.20,false,14,11,69625,2370,5.49,true,""
phase1,22,1250,LOW,250,1.20,false,13,11,29768,3365,3.86,true,""
phase1,22,1250,MEDIUM,250,1.20,false,13,11,37770,3532,3.68,true,""
phase1,22,1250,QUARTILE,250,1.20,false,13,11,51701,3037,4.28,true,""
phase1,22,1250,HIGH,250,1.20,false,13,11,64475,3222,4.03,true,""
phase1,22,1275,LOW,250,1.20,false,13,11,31349,3336,3.90,true,""
phase1,22,1275,MEDIUM,250,1.20,false,13,11,39752,4353,2.99,true,""
phase1,22,1275,QUARTILE,250,1.20,false,13,11,51386,3366,3.86,true,""
phase1,22,1300,LOW,250,1.20,false,13,11,31013,3402,3.82,true,""
phase1,22,1300,MEDIUM,250,1.20,false,13,11,39346,3422,3.80,true,""
phase1,22,1300,QUARTILE,250,1.20,false,13,11,53315,3174,4.10,true,""
phase1,22,1325,LOW,250,1.20,false,13,11,30551,3367,3.86,true,""
phase1,22,1325,MEDIUM,250,1.20,false,13,11,38718,5959,2.18,true,""
phase1,22,1325,QUARTILE,250,1.20,false,13,11,52328,4068,3.20,true,""
phase1,22,1350,LOW,250,1.20,false,12,10,29191,5072,2.56,true,""
phase1,22,1350,MEDIUM,250,1.20,false,12,10,36929,8059,1.61,true,""
phase1,22,1350,QUARTILE,250,1.20,false,12,10,52428,7974,1.63,true,""
phase1,22,1375,LOW,250,1.20,false,12,10,30881,16352,0.80,true,""
phase1,22,1375,MEDIUM,250,1.20,false,12,10,38932,6894,1.89,true,""
phase1,22,1375,QUARTILE,250,1.20,false,12,10,52349,19458,0.67,true,""
phase1,22,1400,LOW,250,1.20,false,12,10,30749,14602,0.89,true,""
phase1,22,1400,MEDIUM,250,1.20,false,12,10,38783,10937,1.19,true,""
phase1,22,1400,QUARTILE,250,1.20,false,12,10,52062,3781,3.44,true,""
phase1,22,1425,LOW,250,1.20,false,12,10,30507,12446,1.04,true,""
phase1,22,1425,MEDIUM,250,1.20,false,12,10,38417,9167,1.42,true,""
phase1,22,1425,QUARTILE,250,1.20,false,12,10,54051,3324,3.91,true,""
phase1,22,1450,LOW,250,1.20,false,12,10,30176,8094,1.61,true,""
phase1,22,1450,MEDIUM,250,1.20,false,12,10,40121,3029,4.29,true,""
phase1,22,1450,QUARTILE,250,1.20,false,12,10,53364,8532,1.52,true,""
phase1,22,1475,LOW,250,1.20,false,11,10,28813,6408,2.03,true,""
phase1,22,1475,MEDIUM,250,1.20,false,11,10,36037,5904,2.20,true,""
phase1,22,1475,QUARTILE,250,1.20,false,11,10,47740,7387,1.76,true,""
phase1,22,1500,LOW,250,1.20,false,11,9,30133,3304,3.93,true,""
phase1,22,1500,MEDIUM,250,1.20,false,11,9,37700,2895,4.49,true,""
phase1,22,1500,QUARTILE,250,1.20,false,11,9,52462,2174,5.98,true,""
phase1,22,1525,LOW,250,1.20,false,11,9,31967,2173,5.98,true,""
phase1,22,1525,MEDIUM,250,1.20,false,11,9,37686,1881,6.91,true,""
phase1,22,1525,QUARTILE,250,1.20,false,11,9,52429,2041,6.37,true,""
phase1,22,1550,LOW,250,1.20,false,11,9,31887,3622,3.59,true,""
phase1,22,1550,MEDIUM,250,1.20,false,11,9,39477,3186,4.08,true,""
phase1,22,1550,QUARTILE,250,1.20,false,11,9,52214,2684,4.84,true,""
phase1,22,1575,LOW,250,1.20,false,11,9,31690,2550,5.10,true,""
phase1,22,1575,MEDIUM,250,1.20,false,11,9,39231,2906,4.47,true,""
phase1,22,1575,QUARTILE,250,1.20,false,11,9,54197,3465,3.75,true,""
phase1,22,1600,LOW,250,1.20,false,11,9,31477,1865,6.97,true,""
phase1,22,1600,MEDIUM,250,1.20,false,11,9,38899,4407,2.95,true,""
phase1,22,1600,QUARTILE,250,1.20,false,11,9,53753,1689,7.70,true,""
phase1,22,1625,LOW,250,1.20,false,10,9,29933,3769,3.45,true,""
phase1,22,1625,MEDIUM,250,1.20,false,10,9,36646,2920,4.45,true,""
phase1,22,1625,QUARTILE,250,1.20,false,10,9,48176,4083,3.18,true,""
phase1,22,1650,LOW,250,1.20,false,10,9,29496,7460,1.74,true,""
phase1,22,1650,MEDIUM,250,1.20,false,10,9,36120,3738,3.48,true,""
phase1,22,1650,QUARTILE,250,1.20,false,10,9,47285,5092,2.55,true,""
phase1,22,1675,LOW,250,1.20,false,10,8,30785,4583,2.84,true,""
phase1,22,1675,MEDIUM,250,1.20,false,10,8,37949,1766,7.36,true,""
phase1,22,1700,LOW,250,1.20,false,10,8,30764,4238,3.07,true,""
phase1,22,1700,MEDIUM,250,1.20,false,10,8,37933,3378,3.85,true,""
phase1,22,1725,LOW,250,1.20,false,10,8,30780,2954,4.40,true,""
phase1,22,1725,MEDIUM,250,1.20,false,10,8,39772,3486,3.73,true,""
phase1,22,1750,LOW,250,1.20,false,10,8,32418,3186,4.08,true,""
phase1,22,1750,MEDIUM,250,1.20,false,10,8,39541,1618,8.03,true,""
phase1,22,1775,LOW,250,1.20,false,10,8,32270,1933,6.73,true,""
phase1,22,1775,MEDIUM,250,1.20,false,10,8,39411,2451,5.30,true,""
phase1,22,1800,LOW,250,1.20,false,10,8,32063,3124,4.16,true,""
phase1,22,1800,MEDIUM,250,1.20,false,10,8,40904,4264,3.05,true,""
phase1,22,1825,LOW,250,1.20,false,10,8,31833,6127,2.12,true,""
phase1,22,1825,MEDIUM,250,1.20,false,10,8,40641,3951,3.29,true,""
phase1,22,1850,LOW,250,1.20,false,10,8,33272,4303,3.02,true,""
phase1,22,1850,MEDIUM,250,1.20,false,10,8,40345,2613,4.98,true,""
phase1,22,1875,LOW,250,1.20,false,10,8,32898,2216,5.87,true,""
phase1,22,1875,MEDIUM,250,1.20,false,10,8,39844,3492,3.72,true,""
phase1,22,1900,LOW,250,1.20,false,10,8,32364,1780,7.30,true,""
phase1,22,1900,MEDIUM,250,1.20,false,10,8,39156,3431,3.79,true,""
phase1,22,1925,LOW,250,1.20,false,10,7,34311,3022,4.30,true,""
phase1,22,1925,MEDIUM,250,1.20,false,10,7,43711,4281,3.04,true,""
phase1,22,1950,LOW,250,1.20,false,10,7,36083,1019,12.76,true,""
phase1,22,1950,MEDIUM,250,1.20,false,10,7,43667,2745,4.74,true,""
phase1,22,1975,LOW,250,1.20,false,10,7,35999,2759,4.71,true,""
phase1,22,1975,MEDIUM,250,1.20,false,10,7,43619,2653,4.90,true,""
phase1,22,2000,LOW,250,1.20,false,10,7,35960,3872,3.36,true,""
phase1,22,2000,MEDIUM,250,1.20,false,10,7,45557,1232,10.55,true,""
phase1,22,2025,LOW,250,1.20,false,10,7,35871,3153,4.12,true,""
phase1,22,2025,MEDIUM,250,1.20,false,10,7,45454,2791,4.66,true,""
phase1,22,2050,LOW,250,1.20,false,10,7,35785,1912,6.80,true,""
phase1,22,2050,MEDIUM,250,1.20,false,10,7,45272,3038,4.28,true,""
phase1,22,2075,LOW,250,1.20,false,10,7,37189,1585,8.20,true,""
phase1,22,2075,MEDIUM,250,1.20,false,10,7,45046,3517,3.70,true,""
phase1,22,2100,LOW,250,1.20,false,10,7,36995,4146,3.14,true,""
phase1,22,2100,MEDIUM,250,1.20,false,10,7,46856,2772,4.69,true,""
phase1,22,2125,LOW,250,1.20,false,10,7,36792,2764,4.70,true,""
phase1,22,2125,MEDIUM,250,1.20,false,10,7,46603,3085,4.21,true,""
phase1,22,2150,LOW,250,1.20,false,10,7,36443,2309,5.63,true,""
phase1,22,2150,MEDIUM,250,1.20,false,10,7,46123,2817,4.61,true,""
phase1,22,2175,LOW,250,1.20,false,10,7,36103,2174,5.98,true,""
phase1,22,2175,MEDIUM,250,1.20,false,10,7,45555,3536,3.68,true,""
phase1,22,2200,LOW,250,1.20,false,10,7,37815,1880,6.91,true,""
phase1,22,2200,MEDIUM,250,1.20,false,10,7,45016,2484,5.23,true,""
phase1,22,2225,LOW,250,1.20,false,10,6,39808,3279,3.96,true,""
phase1,22,2225,MEDIUM,250,1.20,false,10,6,49747,2848,4.56,true,""
phase1,22,2250,LOW,250,1.20,false,10,6,39829,2235,5.82,true,""
phase1,22,2250,MEDIUM,250,1.20,false,10,6,49758,3343,3.89,true,""
phase1,22,2275,LOW,250,1.20,false,10,6,39821,271,47.97,true,""
phase1,22,2275,MEDIUM,250,1.20,false,10,6,49768,3508,3.71,true,""
phase1,22,2300,LOW,250,1.20,false,10,6,41672,1132,11.48,true,""
phase1,22,2300,MEDIUM,250,1.20,false,10,6,49739,2677,4.86,true,""
phase1,22,2325,LOW,250,1.20,false,10,6,41599,3058,4.25,true,""
phase1,22,2350,LOW,250,1.20,false,10,6,41561,1556,8.35,true,""
phase1,22,2375,LOW,250,1.20,false,10,6,41503,2705,4.81,true,""
phase1,22,2400,LOW,250,1.20,false,10,6,41402,2926,4.44,true,""
phase1,22,2425,LOW,250,1.20,false,10,6,43267,2872,4.53,true,""
phase1,22,2450,LOW,250,1.20,false,10,6,43103,3084,4.22,true,""
phase1,22,2475,LOW,250,1.20,false,10,6,42966,2646,4.91,true,""
phase1,22,2500,LOW,250,1.20,false,10,6,42763,1808,7.19,true,""
phase1,22,2525,LOW,250,1.20,false,10,6,42609,3182,4.09,true,""
phase1,22,2550,LOW,250,1.20,false,10,6,42233,3470,3.75,true,""
phase1,22,2575,LOW,250,1.20,false,10,6,44081,1322,9.83,true,""
phase1,22,2600,LOW,250,1.20,false,10,6,43717,2669,4.87,true,""
phase1,22,2625,LOW,250,1.20,false,10,6,43350,2625,4.95,true,""
phase1,22,2650,LOW,250,1.20,false,10,6,42891,2558,5.08,true,""
phase1,22,2675,LOW,250,1.20,false,10,5,45694,2685,4.84,true,""
phase1,22,2700,LOW,250,1.20,false,10,5,47716,1730,7.51,true,""
phase1,22,2725,LOW,250,1.20,false,10,5,47715,1964,6.62,true,""
phase1,22,2750,LOW,250,1.20,false,10,5,47695,2487,5.23,true,""
phase1,22,2775,LOW,250,1.20,false,10,5,47726,1923,6.76,true,""
phase1,22,2800,LOW,250,1.20,false,10,5,49717,2870,4.53,true,""
phase1,23,400,LOW,250,1.20,false,41,34,36110,3881,3.35,true,""
phase1,23,400,MEDIUM,250,1.20,false,41,34,43651,4169,3.12,true,""
phase1,23,400,QUARTILE,250,1.20,false,41,34,61589,5026,2.59,true,""
phase1,23,400,HIGH,250,1.20,false,41,34,76880,4400,2.95,true,""
phase1,23,425,LOW,250,1.20,false,38,32,36916,5781,2.25,true,""
phase1,23,425,MEDIUM,250,1.20,false,38,32,44230,3822,3.40,true,""
phase1,23,425,QUARTILE,250,1.20,false,38,32,57121,7549,1.72,true,""
phase1,23,425,HIGH,250,1.20,false,38,32,71326,4873,2.67,true,""
phase1,23,450,LOW,250,1.20,false,36,30,35043,7509,1.73,true,""
phase1,23,450,MEDIUM,250,1.20,false,36,30,45859,5667,2.29,true,""
phase1,23,450,QUARTILE,250,1.20,false,36,30,58673,11980,1.09,true,""
phase1,23,450,HIGH,250,1.20,false,36,30,72478,13429,0.97,true,""
phase1,23,475,LOW,250,1.20,false,34,29,36108,6106,2.13,true,""
phase1,23,475,MEDIUM,250,1.20,false,34,29,43075,5999,2.17,true,""
phase1,23,475,QUARTILE,250,1.20,false,34,29,55013,13239,0.98,true,""
phase1,23,475,HIGH,250,1.20,false,34,29,72682,4847,2.68,true,""
phase1,23,500,LOW,250,1.20,false,33,27,35269,8204,1.58,true,""
phase1,23,500,MEDIUM,250,1.20,false,33,27,45842,5017,2.59,true,""
phase1,23,500,QUARTILE,250,1.20,false,33,27,57856,4676,2.78,true,""
phase1,23,500,HIGH,250,1.20,false,33,27,70987,7315,1.78,true,""
phase1,23,525,LOW,250,1.20,false,31,26,36107,6105,2.13,true,""
phase1,23,525,MEDIUM,250,1.20,false,31,26,43054,10574,1.23,true,""
phase1,23,525,QUARTILE,250,1.20,false,31,26,58290,4583,2.84,true,""
phase1,23,525,HIGH,250,1.20,false,31,26,70902,9965,1.30,true,""
phase1,23,550,LOW,250,1.20,false,30,25,34674,10614,1.22,true,""
phase1,23,550,MEDIUM,250,1.20,false,30,25,44781,7478,1.74,true,""
phase1,23,550,QUARTILE,250,1.20,false,30,25,55921,10247,1.27,true,""
phase1,23,550,HIGH,250,1.20,false,30,25,72228,12056,1.08,true,""
phase1,23,575,LOW,250,1.20,false,28,24,32287,11279,1.15,true,""
phase1,23,575,MEDIUM,250,1.20,false,28,24,41764,13378,0.97,true,""
phase1,23,575,QUARTILE,250,1.20,false,28,24,55820,6549,1.99,true,""
phase1,23,575,HIGH,250,1.20,false,28,24,67265,5529,2.35,true,""
phase1,23,600,LOW,250,1.20,false,27,23,34182,5431,2.39,true,""
phase1,23,600,MEDIUM,250,1.20,false,27,23,40314,6277,2.07,true,""
phase1,23,600,QUARTILE,250,1.20,false,27,23,53884,9992,1.30,true,""
phase1,23,600,HIGH,250,1.20,false,27,23,68949,12429,1.05,true,""
phase1,23,625,LOW,250,1.20,false,26,22,32946,12316,1.06,true,""
phase1,23,625,MEDIUM,250,1.20,false,26,22,42138,10852,1.20,true,""
phase1,23,625,QUARTILE,250,1.20,false,26,22,55630,10412,1.25,true,""
phase1,23,625,HIGH,250,1.20,false,26,22,70822,4262,3.05,true,""
phase1,23,650,LOW,250,1.20,false,25,21,34709,7482,1.74,true,""
phase1,23,650,MEDIUM,250,1.20,false,25,21,40641,8002,1.62,true,""
phase1,23,650,QUARTILE,250,1.20,false,25,21,53692,3563,3.65,true,""
phase1,23,650,HIGH,250,1.20,false,25,21,68302,4061,3.20,true,""
phase1,23,675,LOW,250,1.20,false,24,20,33339,16308,0.80,true,""
phase1,23,675,MEDIUM,250,1.20,false,24,20,42091,15191,0.86,true,""
phase1,23,675,QUARTILE,250,1.20,false,24,20,54904,3385,3.84,true,""
phase1,23,675,HIGH,250,1.20,false,24,20,69727,4624,2.81,true,""
phase1,23,700,LOW,250,1.20,false,23,20,31557,7261,1.79,true,""
phase1,23,700,MEDIUM,250,1.20,false,23,20,39761,3538,3.67,true,""
phase1,23,700,QUARTILE,250,1.20,false,23,20,51892,4141,3.14,true,""
phase1,23,700,HIGH,250,1.20,false,23,20,69806,4193,3.10,true,""
phase1,23,725,LOW,250,1.20,false,23,19,34588,8056,1.61,true,""
phase1,23,725,MEDIUM,250,1.20,false,23,19,43219,5180,2.51,true,""
phase1,23,725,QUARTILE,250,1.20,false,23,19,55780,4901,2.65,true,""
phase1,23,725,HIGH,250,1.20,false,23,19,70503,9008,1.44,true,""
phase1,23,750,LOW,250,1.20,false,22,18,33126,4647,2.80,true,""
phase1,23,750,MEDIUM,250,1.20,false,22,18,41404,7212,1.80,true,""
phase1,23,750,QUARTILE,250,1.20,false,22,18,56698,10024,1.30,true,""
phase1,23,750,HIGH,250,1.20,false,22,18,71418,9788,1.33,true,""
phase1,23,775,LOW,250,1.20,false,21,18,31206,5511,2.36,true,""
phase1,23,775,MEDIUM,250,1.20,false,21,18,41781,4158,3.13,true,""
phase1,23,775,QUARTILE,250,1.20,false,21,18,53327,6816,1.91,true,""
phase1,23,775,HIGH,250,1.20,false,21,18,67156,3912,3.32,true,""
phase1,23,800,LOW,250,1.20,false,21,17,34218,7497,1.73,true,""
phase1,23,800,MEDIUM,250,1.20,false,21,17,42230,4481,2.90,true,""
phase1,23,800,QUARTILE,250,1.20,false,21,17,57426,2112,6.16,true,""
phase1,23,800,HIGH,250,1.20,false,21,17,71868,4091,3.18,true,""
phase1,23,825,LOW,250,1.20,false,20,17,32070,3481,3.73,true,""
phase1,23,825,MEDIUM,250,1.20,false,20,17,39638,8555,1.52,true,""
phase1,23,825,QUARTILE,250,1.20,false,20,17,54000,5070,2.56,true,""
phase1,23,825,HIGH,250,1.20,false,20,17,67448,9636,1.35,true,""
phase1,23,850,LOW,250,1.20,false,19,16,30931,2989,4.35,true,""
phase1,23,850,MEDIUM,250,1.20,false,19,16,40837,4104,3.17,true,""
phase1,23,850,QUARTILE,250,1.20,false,19,16,52040,3077,4.22,true,""
phase1,23,850,HIGH,250,1.20,false,19,16,68511,4850,2.68,true,""
phase1,23,875,LOW,250,1.20,false,19,16,33007,3144,4.13,true,""
phase1,23,875,MEDIUM,250,1.20,false,19,16,40455,4567,2.85,true,""
phase1,23,875,QUARTILE,250,1.20,false,19,16,54643,2977,4.37,true,""
phase1,23,875,HIGH,250,1.20,false,19,16,67713,3164,4.11,true,""
phase1,23,900,LOW,250,1.20,false,18,15,31582,5123,2.54,true,""
phase1,23,900,MEDIUM,250,1.20,false,18,15,38720,8410,1.55,true,""
phase1,23,900,QUARTILE,250,1.20,false,18,15,52325,4888,2.66,true,""
phase1,23,900,HIGH,250,1.20,false,18,15,68306,6848,1.90,true,""
phase1,23,925,LOW,250,1.20,false,18,15,33781,5021,2.59,true,""
phase1,23,925,MEDIUM,250,1.20,false,18,15,41084,2141,6.07,true,""
phase1,23,925,QUARTILE,250,1.20,false,18,15,55172,8690,1.50,true,""
phase1,23,925,HIGH,250,1.20,false,18,15,67876,2882,4.51,true,""
phase1,23,950,LOW,250,1.20,false,17,15,31093,3836,3.39,true,""
phase1,23,950,MEDIUM,250,1.20,false,17,15,37675,4241,3.07,true,""
phase1,23,950,QUARTILE,250,1.20,false,17,15,50509,3233,4.02,true,""
phase1,23,950,HIGH,250,1.20,false,17,15,65312,3075,4.23,true,""
phase1,23,975,LOW,250,1.20,false,17,14,31943,4909,2.65,true,""
phase1,23,975,MEDIUM,250,1.20,false,17,14,38901,2050,6.34,true,""
phase1,23,975,QUARTILE,250,1.20,false,17,14,55162,2936,4.43,true,""
phase1,23,975,HIGH,250,1.20,false,17,14,70833,4997,2.60,true,""
phase1,23,1000,LOW,250,1.20,false,17,14,33890,3897,3.34,true,""
phase1,23,1000,MEDIUM,250,1.20,false,17,14,41004,4435,2.93,true,""
phase1,23,1000,QUARTILE,250,1.20,false,17,14,54630,4379,2.97,true,""
phase1,23,1000,HIGH,250,1.20,false,17,14,70088,4650,2.80,true,""
phase1,23,1025,LOW,250,1.20,false,16,14,31225,16221,0.80,true,""
phase1,23,1025,MEDIUM,250,1.20,false,16,14,37593,14251,0.91,true,""
phase1,23,1025,QUARTILE,250,1.20,false,16,14,53174,6959,1.87,true,""
phase1,23,1025,HIGH,250,1.20,false,16,14,64307,3762,3.46,true,""
phase1,23,1050,LOW,250,1.20,false,16,13,32226,7118,1.83,true,""
phase1,23,1050,MEDIUM,250,1.20,false,16,13,38903,3028,4.29,true,""
phase1,23,1050,QUARTILE,250,1.20,false,16,13,54812,5249,2.48,true,""
phase1,23,1050,HIGH,250,1.20,false,16,13,69809,11646,1.12,true,""
phase1,23,1075,LOW,250,1.20,false,15,13,29973,6137,2.12,true,""
phase1,23,1075,MEDIUM,250,1.20,false,15,13,38370,4634,2.81,true,""
phase1,23,1075,QUARTILE,250,1.20,false,15,13,51019,10633,1.22,true,""
phase1,23,1075,HIGH,250,1.20,false,15,13,64930,4583,2.84,true,""
phase1,23,1100,LOW,250,1.20,false,15,13,31629,4560,2.85,true,""
phase1,23,1100,MEDIUM,250,1.20,false,15,13,37822,5084,2.56,true,""
phase1,23,1100,QUARTILE,250,1.20,false,15,13,50234,3641,3.57,true,""
phase1,23,1100,HIGH,250,1.20,false,15,13,66825,5498,2.36,true,""
phase1,23,1125,LOW,250,1.20,false,15,12,32256,2891,4.50,true,""
phase1,23,1125,MEDIUM,250,1.20,false,15,12,41103,3945,3.30,true,""
phase1,23,1125,QUARTILE,250,1.20,false,15,12,54145,2785,4.67,true,""
phase1,23,1125,HIGH,250,1.20,false,15,12,68503,4022,3.23,true,""
phase1,23,1150,LOW,250,1.20,false,14,12,30048,7008,1.86,true,""
phase1,23,1150,MEDIUM,250,1.20,false,14,12,38215,7148,1.82,true,""
phase1,23,1150,QUARTILE,250,1.20,false,14,12,50361,3401,3.82,true,""
phase1,23,1150,HIGH,250,1.20,false,14,12,66406,2831,4.59,true,""
phase1,23,1175,LOW,250,1.20,false,14,12,31703,4856,2.68,true,""
phase1,23,1175,MEDIUM,250,1.20,false,14,12,37862,6429,2.02,true,""
phase1,23,1175,QUARTILE,250,1.20,false,14,12,52403,5699,2.28,true,""
phase1,23,1175,HIGH,250,1.20,false,14,12,65701,3328,3.91,true,""
phase1,23,1200,LOW,250,1.20,false,14,12,31220,3998,3.25,true,""
phase1,23,1200,MEDIUM,250,1.20,false,14,12,39595,3605,3.61,true,""
phase1,23,1200,QUARTILE,250,1.20,false,14,12,51444,3872,3.36,true,""
phase1,23,1200,HIGH,250,1.20,false,14,12,64537,9563,1.36,true,""
phase1,23,1225,LOW,250,1.20,false,14,11,32069,2723,4.77,true,""
phase1,23,1225,MEDIUM,250,1.20,false,14,11,40703,2383,5.46,true,""
phase1,23,1225,QUARTILE,250,1.20,false,14,11,55761,3870,3.36,true,""
phase1,23,1225,HIGH,250,1.20,false,14,11,69625,3059,4.25,true,""
phase1,23,1250,LOW,250,1.20,false,13,11,29768,4431,2.93,true,""
phase1,23,1250,MEDIUM,250,1.20,false,13,11,37770,3759,3.46,true,""
phase1,23,1250,QUARTILE,250,1.20,false,13,11,51701,7136,1.82,true,""
phase1,23,1250,HIGH,250,1.20,false,13,11,64475,4161,3.12,true,""
phase1,23,1275,LOW,250,1.20,false,13,11,31349,3997,3.25,true,""
phase1,23,1275,MEDIUM,250,1.20,false,13,11,39752,6873,1.89,true,""
phase1,23,1275,QUARTILE,250,1.20,false,13,11,51386,3013,4.31,true,""
phase1,23,1300,LOW,250,1.20,false,13,11,31013,3631,3.58,true,""
phase1,23,1300,MEDIUM,250,1.20,false,13,11,39346,5095,2.55,true,""
phase1,23,1300,QUARTILE,250,1.20,false,13,11,53315,3149,4.13,true,""
phase1,23,1325,LOW,250,1.20,false,13,11,30551,7812,1.66,true,""
phase1,23,1325,MEDIUM,250,1.20,false,13,11,38718,6067,2.14,true,""
phase1,23,1325,QUARTILE,250,1.20,false,13,11,52328,3377,3.85,true,""
phase1,23,1350,LOW,250,1.20,false,12,10,29191,14865,0.87,true,""
phase1,23,1350,MEDIUM,250,1.20,false,12,10,36929,10864,1.20,true,""
phase1,23,1350,QUARTILE,250,1.20,false,12,10,52428,9795,1.33,true,""
phase1,23,1375,LOW,250,1.20,false,12,10,30881,2442,5.32,true,""
phase1,23,1375,MEDIUM,250,1.20,false,12,10,38932,3427,3.79,true,""
phase1,23,1375,QUARTILE,250,1.20,false,12,10,52349,2803,4.64,true,""
phase1,23,1400,LOW,250,1.20,false,12,10,30749,10104,1.29,true,""
phase1,23,1400,MEDIUM,250,1.20,false,12,10,38783,3303,3.94,true,""
phase1,23,1400,QUARTILE,250,1.20,false,12,10,52062,3297,3.94,true,""
phase1,23,1425,LOW,250,1.20,false,12,10,30507,4535,2.87,true,""
phase1,23,1425,MEDIUM,250,1.20,false,12,10,38417,2791,4.66,true,""
phase1,23,1425,QUARTILE,250,1.20,false,12,10,54051,11652,1.12,true,""
phase1,23,1450,LOW,250,1.20,false,12,10,30176,10227,1.27,true,""
phase1,23,1450,MEDIUM,250,1.20,false,12,10,40121,8216,1.58,true,""
phase1,23,1450,QUARTILE,250,1.20,false,12,10,53364,12706,1.02,true,""
phase1,23,1475,LOW,250,1.20,false,11,10,28813,2192,5.93,true,""
phase1,23,1475,MEDIUM,250,1.20,false,11,10,36037,3147,4.13,true,""
phase1,23,1475,QUARTILE,250,1.20,false,11,10,47740,2675,4.86,true,""
phase1,23,1500,LOW,250,1.20,false,11,9,30133,3690,3.52,true,""
phase1,23,1500,MEDIUM,250,1.20,false,11,9,37700,2521,5.16,true,""
phase1,23,1500,QUARTILE,250,1.20,false,11,9,52462,2848,4.56,true,""
phase1,23,1525,LOW,250,1.20,false,11,9,31967,3792,3.43,true,""
phase1,23,1525,MEDIUM,250,1.20,false,11,9,37686,1323,9.83,true,""
phase1,23,1525,QUARTILE,250,1.20,false,11,9,52429,2988,4.35,true,""
phase1,23,1550,LOW,250,1.20,false,11,9,31887,3942,3.30,true,""
phase1,23,1550,MEDIUM,250,1.20,false,11,9,39477,2223,5.85,true,""
phase1,23,1550,QUARTILE,250,1.20,false,11,9,52214,2420,5.37,true,""
phase1,23,1575,LOW,250,1.20,false,11,9,31690,3491,3.72,true,""
phase1,23,1575,MEDIUM,250,1.20,false,11,9,39231,3094,4.20,true,""
phase1,23,1575,QUARTILE,250,1.20,false,11,9,54197,3165,4.11,true,""
phase1,23,1600,LOW,250,1.20,false,11,9,31477,2753,4.72,true,""
phase1,23,1600,MEDIUM,250,1.20,false,11,9,38899,1468,8.86,true,""
phase1,23,1600,QUARTILE,250,1.20,false,11,9,53753,3008,4.32,true,""
phase1,23,1625,LOW,250,1.20,false,10,9,29933,3191,4.07,true,""
phase1,23,1625,MEDIUM,250,1.20,false,10,9,36646,2933,4.43,true,""
phase1,23,1625,QUARTILE,250,1.20,false,10,9,48176,4079,3.19,true,""
phase1,23,1650,LOW,250,1.20,false,10,9,29496,4429,2.94,true,""
phase1,23,1650,MEDIUM,250,1.20,false,10,9,36120,3906,3.33,true,""
phase1,23,1650,QUARTILE,250,1.20,false,10,9,47285,12716,1.02,true,""
phase1,23,1675,LOW,250,1.20,false,10,8,30785,2952,4.40,true,""
phase1,23,1675,MEDIUM,250,1.20,false,10,8,37949,1727,7.53,true,""
phase1,23,1700,LOW,250,1.20,false,10,8,30764,3067,4.24,true,""
phase1,23,1700,MEDIUM,250,1.20,false,10,8,37933,3325,3.91,true,""
phase1,23,1725,LOW,250,1.20,false,10,8,30780,1833,7.09,true,""
phase1,23,1725,MEDIUM,250,1.20,false,10,8,39772,3348,3.88,true,""
phase1,23,1750,LOW,250,1.20,false,10,8,32418,1900,6.84,true,""
phase1,23,1750,MEDIUM,250,1.20,false,10,8,39541,3180,4.09,true,""
phase1,23,1775,LOW,250,1.20,false,10,8,32270,3258,3.99,true,""
phase1,23,1775,MEDIUM,250,1.20,false,10,8,39411,2934,4.43,true,""
phase1,23,1800,LOW,250,1.20,false,10,8,32063,3820,3.40,true,""
phase1,23,1800,MEDIUM,250,1.20,false,10,8,40904,3133,4.15,true,""
phase1,23,1825,LOW,250,1.20,false,10,8,31833,2799,4.64,true,""
phase1,23,1825,MEDIUM,250,1.20,false,10,8,40641,3491,3.72,true,""
phase1,23,1850,LOW,250,1.20,false,10,8,33272,2902,4.48,true,""
phase1,23,1850,MEDIUM,250,1.20,false,10,8,40345,2907,4.47,true,""
phase1,23,1875,LOW,250,1.20,false,10,8,32898,3089,4.21,true,""
phase1,23,1875,MEDIUM,250,1.20,false,10,8,39844,3027,4.29,true,""
phase1,23,1900,LOW,250,1.20,false,10,8,32364,3677,3.54,true,""
phase1,23,1900,MEDIUM,250,1.20,false,10,8,39156,3312,3.93,true,""
phase1,23,1925,LOW,250,1.20,false,10,7,34311,2903,4.48,true,""
phase1,23,1925,MEDIUM,250,1.20,false,10,7,43711,2797,4.65,true,""
phase1,23,1950,LOW,250,1.20,false,10,7,36083,2716,4.79,true,""
phase1,23,1950,MEDIUM,250,1.20,false,10,7,43667,2627,4.95,true,""
phase1,23,1975,LOW,250,1.20,false,10,7,35999,2473,5.26,true,""
phase1,23,1975,MEDIUM,250,1.20,false,10,7,43619,2853,4.56,true,""
phase1,23,2000,LOW,250,1.20,false,10,7,35960,2492,5.22,true,""
phase1,23,2000,MEDIUM,250,1.20,false,10,7,45557,2990,4.35,true,""
phase1,23,2025,LOW,250,1.20,false,10,7,35871,3017,4.31,true,""
phase1,23,2025,MEDIUM,250,1.20,false,10,7,45454,3004,4.33,true,""
phase1,23,2050,LOW,250,1.20,false,10,7,35785,2851,4.56,true,""
phase1,23,2050,MEDIUM,250,1.20,false,10,7,45272,2495,5.21,true,""
phase1,23,2075,LOW,250,1.20,false,10,7,37189,2980,4.36,true,""
phase1,23,2075,MEDIUM,250,1.20,false,10,7,45046,2070,6.28,true,""
phase1,23,2100,LOW,250,1.20,false,10,7,36995,3425,3.80,true,""
phase1,23,2100,MEDIUM,250,1.20,false,10,7,46856,6114,2.13,true,""
phase1,23,2125,LOW,250,1.20,false,10,7,36792,3105,4.19,true,""
phase1,23,2125,MEDIUM,250,1.20,false,10,7,46603,2473,5.26,true,""
phase1,23,2150,LOW,250,1.20,false,10,7,36443,2910,4.47,true,""
phase1,23,2150,MEDIUM,250,1.20,false,10,7,46123,2882,4.51,true,""
phase1,23,2175,LOW,250,1.20,false,10,7,36103,2960,4.39,true,""
phase1,23,2175,MEDIUM,250,1.20,false,10,7,45555,3030,4.29,true,""
phase1,23,2200,LOW,250,1.20,false,10,7,37815,2961,4.39,true,""
phase1,23,2200,MEDIUM,250,1.20,false,10,7,45016,1711,7.60,true,""
phase1,23,2225,LOW,250,1.20,false,10,6,39808,2816,4.62,true,""
phase1,23,2225,MEDIUM,250,1.20,false,10,6,49747,2571,5.06,true,""
phase1,23,2250,LOW,250,1.20,false,10,6,39829,2637,4.93,true,""
phase1,23,2250,MEDIUM,250,1.20,false,10,6,49758,3412,3.81,true,""
phase1,23,2275,LOW,250,1.20,false,10,6,39821,2034,6.39,true,""
phase1,23,2275,MEDIUM,250,1.20,false,10,6,49768,1876,6.93,true,""
phase1,23,2300,LOW,250,1.20,false,10,6,41672,3278,3.97,true,""
phase1,23,2300,MEDIUM,250,1.20,false,10,6,49739,3034,4.28,true,""
phase1,23,2325,LOW,250,1.20,false,10,6,41599,2889,4.50,true,""
phase1,23,2350,LOW,250,1.20,false,10,6,41561,1637,7.94,true,""
phase1,23,2375,LOW,250,1.20,false,10,6,41503,3095,4.20,true,""
phase1,23,2400,LOW,250,1.20,false,10,6,41402,1404,9.26,true,""
phase1,23,2425,LOW,250,1.20,false,10,6,43267,3400,3.82,true,""
phase1,23,2450,LOW,250,1.20,false,10,6,43103,1414,9.19,true,""
phase1,23,2475,LOW,250,1.20,false,10,6,42966,2917,4.46,true,""
phase1,23,2500,LOW,250,1.20,false,10,6,42763,1939,6.70,true,""
phase1,23,2525,LOW,250,1.20,false,10,6,42609,2572,5.05,true,""
phase1,23,2550,LOW,250,1.20,false,10,6,42233,2552,5.09,true,""
phase1,23,2575,LOW,250,1.20,false,10,6,44081,1838,7.07,true,""
phase1,23,2600,LOW,250,1.20,false,10,6,43717,2631,4.94,true,""
phase1,23,2625,LOW,250,1.20,false,10,6,43350,3257,3.99,true,""
phase1,23,2650,LOW,250,1.20,false,10,6,42891,2669,4.87,true,""
phase1,23,2675,LOW,250,1.20,false,10,5,45694,2633,4.94,true,""
phase1,23,2700,LOW,250,1.20,false,10,5,47716,1898,6.85,true,""
phase1,23,2725,LOW,250,1.20,false,10,5,47715,2720,4.78,true,""
phase1,23,2750,LOW,250,1.20,false,10,5,47695,2779,4.68,true,""
phase1,23,2775,LOW,250,1.20,false,10,5,47726,2656,4.89,true,""
phase1,23,2800,LOW,250,1.20,false,10,5,49717,2435,5.34,true,""
phase1,24,400,LOW,250,1.20,false,41,34,36110,4190,3.10,true,""
phase1,24,400,MEDIUM,250,1.20,false,41,34,43651,5842,2.23,true,""
phase1,24,400,QUARTILE,250,1.20,false,41,34,61589,5000,2.60,true,""
phase1,24,400,HIGH,250,1.20,false,41,34,76880,5300,2.45,true,""
phase1,24,425,LOW,250,1.20,false,38,32,36916,5485,2.37,true,""
phase1,24,425,MEDIUM,250,1.20,false,38,32,44230,4252,3.06,true,""
phase1,24,425,QUARTILE,250,1.20,false,38,32,57121,3137,4.14,true,""
phase1,24,425,HIGH,250,1.20,false,38,32,71326,5164,2.52,true,""
phase1,24,450,LOW,250,1.20,false,36,30,35043,7105,1.83,true,""
phase1,24,450,MEDIUM,250,1.20,false,36,30,45859,5411,2.40,true,""
phase1,24,450,QUARTILE,250,1.20,false,36,30,58673,5523,2.35,true,""
phase1,24,450,HIGH,250,1.20,false,36,30,72478,2381,5.46,true,""
phase1,24,475,LOW,250,1.20,false,34,29,36108,4961,2.62,true,""
phase1,24,475,MEDIUM,250,1.20,false,34,29,43075,5393,2.41,true,""
phase1,24,475,QUARTILE,250,1.20,false,34,29,55013,4595,2.83,true,""
phase1,24,475,HIGH,250,1.20,false,34,29,72682,4547,2.86,true,""
phase1,24,500,LOW,250,1.20,false,33,27,35269,3020,4.30,true,""
phase1,24,500,MEDIUM,250,1.20,false,33,27,45842,3793,3.43,true,""
phase1,24,500,QUARTILE,250,1.20,false,33,27,57856,4919,2.64,true,""
phase1,24,500,HIGH,250,1.20,false,33,27,70987,2694,4.83,true,""
phase1,24,525,LOW,250,1.20,false,31,26,36107,4928,2.64,true,""
phase1,24,525,MEDIUM,250,1.20,false,31,26,43054,4178,3.11,true,""
phase1,24,525,QUARTILE,250,1.20,false,31,26,58290,6093,2.13,true,""
phase1,24,525,HIGH,250,1.20,false,31,26,70902,5096,2.55,true,""
phase1,24,550,LOW,250,1.20,false,30,25,34674,5695,2.28,true,""
phase1,24,550,MEDIUM,250,1.20,false,30,25,44781,3894,3.34,true,""
phase1,24,550,QUARTILE,250,1.20,false,30,25,55921,3452,3.77,true,""
phase1,24,550,HIGH,250,1.20,false,30,25,72228,4661,2.79,true,""
phase1,24,575,LOW,250,1.20,false,28,24,32287,11773,1.10,true,""
phase1,24,575,MEDIUM,250,1.20,false,28,24,41764,17574,0.74,true,""
phase1,24,575,QUARTILE,250,1.20,false,28,24,55820,11172,1.16,true,""
phase1,24,575,HIGH,250,1.20,false,28,24,67265,13101,0.99,true,""
phase1,24,600,LOW,250,1.20,false,27,23,34182,11978,1.09,true,""
phase1,24,600,MEDIUM,250,1.20,false,27,23,40314,3475,3.74,true,""
phase1,24,600,QUARTILE,250,1.20,false,27,23,53884,13207,0.98,true,""
phase1,24,600,HIGH,250,1.20,false,27,23,68949,9842,1.32,true,""
phase1,24,625,LOW,250,1.20,false,26,22,32946,11321,1.15,true,""
phase1,24,625,MEDIUM,250,1.20,false,26,22,42138,14392,0.90,true,""
phase1,24,625,QUARTILE,250,1.20,false,26,22,55630,10011,1.30,true,""
phase1,24,625,HIGH,250,1.20,false,26,22,70822,27155,0.48,true,""
phase1,24,650,LOW,250,1.20,false,25,21,34709,9770,1.33,true,""
phase1,24,650,MEDIUM,250,1.20,false,25,21,40641,5521,2.35,true,""
phase1,24,650,QUARTILE,250,1.20,false,25,21,53692,9167,1.42,true,""
phase1,24,650,HIGH,250,1.20,false,25,21,68302,9478,1.37,true,""
phase1,24,675,LOW,250,1.20,false,24,20,33339,14410,0.90,true,""
phase1,24,675,MEDIUM,250,1.20,false,24,20,42091,4819,2.70,true,""
phase1,24,675,QUARTILE,250,1.20,false,24,20,54904,5810,2.24,true,""
phase1,24,675,HIGH,250,1.20,false,24,20,69727,8688,1.50,true,""
phase1,24,700,LOW,250,1.20,false,23,20,31557,7621,1.71,true,""
phase1,24,700,MEDIUM,250,1.20,false,23,20,39761,4629,2.81,true,""
phase1,24,700,QUARTILE,250,1.20,false,23,20,51892,4231,3.07,true,""
phase1,24,700,HIGH,250,1.20,false,23,20,69806,3837,3.39,true,""
phase1,24,725,LOW,250,1.20,false,23,19,34588,4224,3.08,true,""
phase1,24,725,MEDIUM,250,1.20,false,23,19,43219,3354,3.88,true,""
phase1,24,725,QUARTILE,250,1.20,false,23,19,55780,5923,2.19,true,""
phase1,24,725,HIGH,250,1.20,false,23,19,70503,10820,1.20,true,""
phase1,24,750,LOW,250,1.20,false,22,18,33126,3247,4.00,true,""
phase1,24,750,MEDIUM,250,1.20,false,22,18,41404,4776,2.72,true,""
phase1,24,750,QUARTILE,250,1.20,false,22,18,56698,7594,1.71,true,""
phase1,24,750,HIGH,250,1.20,false,22,18,71418,8485,1.53,true,""
phase1,24,775,LOW,250,1.20,false,21,18,31206,4771,2.72,true,""
phase1,24,775,MEDIUM,250,1.20,false,21,18,41781,3355,3.87,true,""
phase1,24,775,QUARTILE,250,1.20,false,21,18,53327,4366,2.98,true,""
phase1,24,775,HIGH,250,1.20,false,21,18,67156,7311,1.78,true,""
phase1,24,800,LOW,250,1.20,false,21,17,34218,4859,2.68,true,""
phase1,24,800,MEDIUM,250,1.20,false,21,17,42230,4591,2.83,true,""
phase1,24,800,QUARTILE,250,1.20,false,21,17,57426,5556,2.34,true,""
phase1,24,800,HIGH,250,1.20,false,21,17,71868,7232,1.80,true,""
phase1,24,825,LOW,250,1.20,false,20,17,32070,4384,2.97,true,""
phase1,24,825,MEDIUM,250,1.20,false,20,17,39638,10871,1.20,true,""
phase1,24,825,QUARTILE,250,1.20,false,20,17,54000,11848,1.10,true,""
phase1,24,825,HIGH,250,1.20,false,20,17,67448,9323,1.39,true,""
phase1,24,850,LOW,250,1.20,false,19,16,30931,5721,2.27,true,""
phase1,24,850,MEDIUM,250,1.20,false,19,16,40837,3324,3.91,true,""
phase1,24,850,QUARTILE,250,1.20,false,19,16,52040,3970,3.27,true,""
phase1,24,850,HIGH,250,1.20,false,19,16,68511,5724,2.27,true,""
phase1,24,875,LOW,250,1.20,false,19,16,33007,2973,4.37,true,""
phase1,24,875,MEDIUM,250,1.20,false,19,16,40455,6969,1.87,true,""
phase1,24,875,QUARTILE,250,1.20,false,19,16,54643,5630,2.31,true,""
phase1,24,875,HIGH,250,1.20,false,19,16,67713,4505,2.89,true,""
phase1,24,900,LOW,250,1.20,false,18,15,31582,6957,1.87,true,""
phase1,24,900,MEDIUM,250,1.20,false,18,15,38720,4236,3.07,true,""
phase1,24,900,QUARTILE,250,1.20,false,18,15,52325,7262,1.79,true,""
phase1,24,900,HIGH,250,1.20,false,18,15,68306,21190,0.61,true,""
phase1,24,925,LOW,250,1.20,false,18,15,33781,3675,3.54,true,""
phase1,24,925,MEDIUM,250,1.20,false,18,15,41084,3058,4.25,true,""
phase1,24,925,QUARTILE,250,1.20,false,18,15,55172,3059,4.25,true,""
phase1,24,925,HIGH,250,1.20,false,18,15,67876,12347,1.05,true,""
phase1,24,950,LOW,250,1.20,false,17,15,31093,13125,0.99,true,""
phase1,24,950,MEDIUM,250,1.20,false,17,15,37675,3267,3.98,true,""
phase1,24,950,QUARTILE,250,1.20,false,17,15,50509,3354,3.88,true,""
phase1,24,950,HIGH,250,1.20,false,17,15,65312,4256,3.05,true,""
phase1,24,975,LOW,250,1.20,false,17,14,31943,3471,3.75,true,""
phase1,24,975,MEDIUM,250,1.20,false,17,14,38901,6285,2.07,true,""
phase1,24,975,QUARTILE,250,1.20,false,17,14,55162,3451,3.77,true,""
phase1,24,975,HIGH,250,1.20,false,17,14,70833,3421,3.80,true,""
phase1,24,1000,LOW,250,1.20,false,17,14,33890,4351,2.99,true,""
phase1,24,1000,MEDIUM,250,1.20,false,17,14,41004,8638,1.50,true,""
phase1,24,1000,QUARTILE,250,1.20,false,17,14,54630,7398,1.76,true,""
phase1,24,1000,HIGH,250,1.20,false,17,14,70088,5286,2.46,true,""
phase1,24,1025,LOW,250,1.20,false,16,14,31225,12458,1.04,true,""
phase1,24,1025,MEDIUM,250,1.20,false,16,14,37593,3901,3.33,true,""
phase1,24,1025,QUARTILE,250,1.20,false,16,14,53174,15906,0.82,true,""
phase1,24,1025,HIGH,250,1.20,false,16,14,64307,15007,0.87,true,""
phase1,24,1050,LOW,250,1.20,false,16,13,32226,13218,0.98,true,""
phase1,24,1050,MEDIUM,250,1.20,false,16,13,38903,11963,1.09,true,""
phase1,24,1050,QUARTILE,250,1.20,false,16,13,54812,2856,4.55,true,""
phase1,24,1050,HIGH,250,1.20,false,16,13,69809,7135,1.82,true,""
phase1,24,1075,LOW,250,1.20,false,15,13,29973,4083,3.18,true,""
phase1,24,1075,MEDIUM,250,1.20,false,15,13,38370,5278,2.46,true,""
phase1,24,1075,QUARTILE,250,1.20,false,15,13,51019,4909,2.65,true,""
phase1,24,1075,HIGH,250,1.20,false,15,13,64930,10457,1.24,true,""
phase1,24,1100,LOW,250,1.20,false,15,13,31629,5636,2.31,true,""
phase1,24,1100,MEDIUM,250,1.20,false,15,13,37822,4754,2.73,true,""
phase1,24,1100,QUARTILE,250,1.20,false,15,13,50234,7910,1.64,true,""
phase1,24,1100,HIGH,250,1.20,false,15,13,66825,16932,0.77,true,""
phase1,24,1125,LOW,250,1.20,false,15,12,32256,5229,2.49,true,""
phase1,24,1125,MEDIUM,250,1.20,false,15,12,41103,2921,4.45,true,""
phase1,24,1125,QUARTILE,250,1.20,false,15,12,54145,7628,1.70,true,""
phase1,24,1125,HIGH,250,1.20,false,15,12,68503,4723,2.75,true,""
phase1,24,1150,LOW,250,1.20,false,14,12,30048,4683,2.78,true,""
phase1,24,1150,MEDIUM,250,1.20,false,14,12,38215,3351,3.88,true,""
phase1,24,1150,QUARTILE,250,1.20,false,14,12,50361,5389,2.41,true,""
phase1,24,1150,HIGH,250,1.20,false,14,12,66406,4624,2.81,true,""
phase1,24,1175,LOW,250,1.20,false,14,12,31703,4457,2.92,true,""
phase1,24,1175,MEDIUM,250,1.20,false,14,12,37862,5832,2.23,true,""
phase1,24,1175,QUARTILE,250,1.20,false,14,12,52403,9508,1.37,true,""
phase1,24,1175,HIGH,250,1.20,false,14,12,65701,3794,3.43,true,""
phase1,24,1200,LOW,250,1.20,false,14,12,31220,4479,2.90,true,""
phase1,24,1200,MEDIUM,250,1.20,false,14,12,39595,2796,4.65,true,""
phase1,24,1200,QUARTILE,250,1.20,false,14,12,51444,3222,4.03,true,""
phase1,24,1200,HIGH,250,1.20,false,14,12,64537,3561,3.65,true,""
phase1,24,1225,LOW,250,1.20,false,14,11,32069,2920,4.45,true,""
phase1,24,1225,MEDIUM,250,1.20,false,14,11,40703,2870,4.53,true,""
phase1,24,1225,QUARTILE,250,1.20,false,14,11,55761,3569,3.64,true,""
phase1,24,1225,HIGH,250,1.20,false,14,11,69625,2775,4.68,true,""
phase1,24,1250,LOW,250,1.20,false,13,11,29768,3281,3.96,true,""
phase1,24,1250,MEDIUM,250,1.20,false,13,11,37770,5054,2.57,true,""
phase1,24,1250,QUARTILE,250,1.20,false,13,11,51701,4401,2.95,true,""
phase1,24,1250,HIGH,250,1.20,false,13,11,64475,3359,3.87,true,""
phase1,24,1275,LOW,250,1.20,false,13,11,31349,2787,4.66,true,""
phase1,24,1275,MEDIUM,250,1.20,false,13,11,39752,4736,2.74,true,""
phase1,24,1275,QUARTILE,250,1.20,false,13,11,51386,2803,4.64,true,""
phase1,24,1300,LOW,250,1.20,false,13,11,31013,3588,3.62,true,""
phase1,24,1300,MEDIUM,250,1.20,false,13,11,39346,4462,2.91,true,""
phase1,24,1300,QUARTILE,250,1.20,false,13,11,53315,2860,4.55,true,""
phase1,24,1325,LOW,250,1.20,false,13,11,30551,3085,4.21,true,""
phase1,24,1325,MEDIUM,250,1.20,false,13,11,38718,3236,4.02,true,""
phase1,24,1325,QUARTILE,250,1.20,false,13,11,52328,6116,2.13,true,""
phase1,24,1350,LOW,250,1.20,false,12,10,29191,14373,0.90,true,""
phase1,24,1350,MEDIUM,250,1.20,false,12,10,36929,12198,1.07,true,""
phase1,24,1350,QUARTILE,250,1.20,false,12,10,52428,3315,3.92,true,""
phase1,24,1375,LOW,250,1.20,false,12,10,30881,2797,4.65,true,""
phase1,24,1375,MEDIUM,250,1.20,false,12,10,38932,2995,4.34,true,""
phase1,24,1375,QUARTILE,250,1.20,false,12,10,52349,14574,0.89,true,""
phase1,24,1400,LOW,250,1.20,false,12,10,30749,5236,2.48,true,""
phase1,24,1400,MEDIUM,250,1.20,false,12,10,38783,5989,2.17,true,""
phase1,24,1400,QUARTILE,250,1.20,false,12,10,52062,3330,3.90,true,""
phase1,24,1425,LOW,250,1.20,false,12,10,30507,7491,1.74,true,""
phase1,24,1425,MEDIUM,250,1.20,false,12,10,38417,4273,3.04,true,""
phase1,24,1425,QUARTILE,250,1.20,false,12,10,54051,7076,1.84,true,""
phase1,24,1450,LOW,250,1.20,false,12,10,30176,2884,4.51,true,""
phase1,24,1450,MEDIUM,250,1.20,false,12,10,40121,7008,1.86,true,""
phase1,24,1450,QUARTILE,250,1.20,false,12,10,53364,3415,3.81,true,""
phase1,24,1475,LOW,250,1.20,false,11,10,28813,5181,2.51,true,""
phase1,24,1475,MEDIUM,250,1.20,false,11,10,36037,4895,2.66,true,""
phase1,24,1475,QUARTILE,250,1.20,false,11,10,47740,6740,1.93,true,""
phase1,24,1500,LOW,250,1.20,false,11,9,30133,3470,3.75,true,""
phase1,24,1500,MEDIUM,250,1.20,false,11,9,37700,3330,3.90,true,""
phase1,24,1500,QUARTILE,250,1.20,false,11,9,52462,3506,3.71,true,""
phase1,24,1525,LOW,250,1.20,false,11,9,31967,2863,4.54,true,""
phase1,24,1525,MEDIUM,250,1.20,false,11,9,37686,3267,3.98,true,""
phase1,24,1550,QUARTILE,250,1.20,false,11,9,52214,4636,2.80,true,""
phase1,24,1575,LOW,250,1.20,false,11,9,31690,3456,3.76,true,""
phase1,24,1575,MEDIUM,250,1.20,false,11,9,39231,3157,4.12,true,""
phase1,24,1575,QUARTILE,250,1.20,false,11,9,54197,2741,4.74,true,""
phase1,24,1600,LOW,250,1.20,false,11,9,31477,2841,4.58,true,""
phase1,24,1600,MEDIUM,250,1.20,false,11,9,38899,1746,7.45,true,""
phase1,24,1600,QUARTILE,250,1.20,false,11,9,53753,3754,3.46,true,""
phase1,24,1625,LOW,250,1.20,false,10,9,29933,3735,3.48,true,""
phase1,24,1625,MEDIUM,250,1.20,false,10,9,36646,2704,4.81,true,""
phase1,24,1625,QUARTILE,250,1.20,false,10,9,48176,3036,4.28,true,""
phase1,24,1650,LOW,250,1.20,false,10,9,29496,2553,5.09,true,""
phase1,24,1650,MEDIUM,250,1.20,false,10,9,36120,3432,3.79,true,""
phase1,24,1650,QUARTILE,250,1.20,false,10,9,47285,1844,7.05,true,""
phase1,24,1675,LOW,250,1.20,false,10,8,30785,2976,4.37,true,""
phase1,24,1675,MEDIUM,250,1.20,false,10,8,37949,2555,5.09,true,""
phase1,24,1700,LOW,250,1.20,false,10,8,30764,4007,3.24,true,""
phase1,24,1700,MEDIUM,250,1.20,false,10,8,37933,5114,2.54,true,""
phase1,24,1725,LOW,250,1.20,false,10,8,30780,925,14.05,true,""
phase1,24,1725,MEDIUM,250,1.20,false,10,8,39772,1350,9.63,true,""
phase1,24,1750,LOW,250,1.20,false,10,8,32418,2493,5.21,true,""
phase1,24,1750,MEDIUM,250,1.20,false,10,8,39541,1470,8.84,true,""
phase1,24,1775,LOW,250,1.20,false,10,8,32270,2634,4.94,true,""
phase1,24,1775,MEDIUM,250,1.20,false,10,8,39411,2042,6.37,true,""
phase1,24,1800,LOW,250,1.20,false,10,8,32063,2247,5.79,true,""
phase1,24,1800,MEDIUM,250,1.20,false,10,8,40904,5697,2.28,true,""
phase1,24,1825,LOW,250,1.20,false,10,8,31833,2431,5.35,true,""
phase1,24,1825,MEDIUM,250,1.20,false,10,8,40641,1088,11.95,true,""
phase1,24,1850,LOW,250,1.20,false,10,8,33272,3429,3.79,true,""
phase1,24,1850,MEDIUM,250,1.20,false,10,8,40345,3353,3.88,true,""
phase1,24,1875,LOW,250,1.20,false,10,8,32898,1332,9.76,true,""
phase1,24,1875,MEDIUM,250,1.20,false,10,8,39844,1262,10.30,true,""
phase1,24,1900,LOW,250,1.20,false,10,8,32364,2741,4.74,true,""
phase1,24,1900,MEDIUM,250,1.20,false,10,8,39156,1605,8.10,true,""
phase1,24,1925,LOW,250,1.20,false,10,7,34311,2974,4.37,true,""
phase1,24,1925,MEDIUM,250,1.20,false,10,7,43711,2813,4.62,true,""
phase1,24,1950,LOW,250,1.20,false,10,7,36083,2768,4.70,true,""
phase1,24,1950,MEDIUM,250,1.20,false,10,7,43667,3302,3.94,true,""
phase1,24,1975,LOW,250,1.20,false,10,7,35999,2072,6.27,true,""
phase1,24,1975,MEDIUM,250,1.20,false,10,7,43619,2958,4.39,true,""
phase1,24,2000,LOW,250,1.20,false,10,7,35960,2723,4.77,true,""
phase1,24,2000,MEDIUM,250,1.20,false,10,7,45557,2656,4.89,true,""
phase1,24,2025,LOW,250,1.20,false,10,7,35871,2393,5.43,true,""
phase1,24,2025,MEDIUM,250,1.20,false,10,7,45454,2612,4.98,true,""
phase1,24,2050,LOW,250,1.20,false,10,7,35785,2892,4.50,true,""
phase1,24,2050,MEDIUM,250,1.20,false,10,7,45272,1854,7.01,true,""
phase1,24,2075,LOW,250,1.20,false,10,7,37189,2364,5.50,true,""
phase1,24,2075,MEDIUM,250,1.20,false,10,7,45046,3291,3.95,true,""
phase1,24,2100,LOW,250,1.20,false,10,7,36995,1554,8.37,true,""
phase1,24,2100,MEDIUM,250,1.20,false,10,7,46856,2816,4.62,true,""
phase1,24,2125,LOW,250,1.20,false,10,7,36792,2002,6.49,true,""
phase1,24,2125,MEDIUM,250,1.20,false,10,7,46603,2790,4.66,true,""
phase1,24,2150,LOW,250,1.20,false,10,7,36443,2082,6.24,true,""
phase1,24,2150,MEDIUM,250,1.20,false,10,7,46123,2949,4.41,true,""
phase1,24,2175,LOW,250,1.20,false,10,7,36103,2856,4.55,true,""
phase1,24,2175,MEDIUM,250,1.20,false,10,7,45555,2489,5.22,true,""
phase1,24,2200,LOW,250,1.20,false,10,7,37815,3205,4.06,true,""
phase1,24,2200,MEDIUM,250,1.20,false,10,7,45016,1756,7.40,true,""
phase1,24,2225,LOW,250,1.20,false,10,6,39808,2760,4.71,true,""
phase1,24,2225,MEDIUM,250,1.20,false,10,6,49747,2538,5.12,true,""
phase1,24,2250,LOW,250,1.20,false,10,6,39829,2905,4.48,true,""
phase1,24,2250,MEDIUM,250,1.20,false,10,6,49758,2136,6.09,true,""
phase1,24,2275,LOW,250,1.20,false,10,6,39821,1560,8.33,true,""
phase1,24,2275,MEDIUM,250,1.20,false,10,6,49768,2769,4.69,true,""
phase1,24,2300,LOW,250,1.20,false,10,6,41672,2807,4.63,true,""
phase1,24,2300,MEDIUM,250,1.20,false,10,6,49739,3272,3.97,true,""
phase1,24,2325,LOW,250,1.20,false,10,6,41599,2487,5.23,true,""
phase1,24,2350,LOW,250,1.20,false,10,6,41561,2724,4.77,true,""
phase1,24,2375,LOW,250,1.20,false,10,6,41503,2398,5.42,true,""
phase1,24,2400,LOW,250,1.20,false,10,6,41402,2428,5.35,true,""
phase1,24,2425,LOW,250,1.20,false,10,6,43267,2409,5.40,true,""
phase1,24,2450,LOW,250,1.20,false,10,6,43103,2708,4.80,true,""
phase1,24,2475,LOW,250,1.20,false,10,6,42966,2546,5.11,true,""
phase1,24,2500,LOW,250,1.20,false,10,6,42763,2516,5.17,true,""
phase1,24,2525,LOW,250,1.20,false,10,6,42609,2687,4.84,true,""
phase1,24,2550,LOW,250,1.20,false,10,6,42233,2894,4.49,true,""
phase1,24,2575,LOW,250,1.20,false,10,6,44081,2868,4.53,true,""
phase1,24,2600,LOW,250,1.20,false,10,6,43717,2787,4.66,true,""
phase1,24,2625,LOW,250,1.20,false,10,6,43350,2379,5.46,true,""
phase1,24,2650,LOW,250,1.20,false,10,6,42891,2984,4.36,true,""
phase1,24,2675,LOW,250,1.20,false,10,5,45694,2850,4.56,true,""
phase1,24,2700,LOW,250,1.20,false,10,5,47716,2689,4.83,true,""
phase1,24,2725,LOW,250,1.20,false,10,5,47715,2617,4.97,true,""
phase1,24,2750,LOW,250,1.20,false,10,5,47695,1689,7.70,true,""
phase1,24,2775,LOW,250,1.20,false,10,5,47726,4684,2.78,true,""
phase1,24,2800,LOW,250,1.20,false,10,5,49717,1675,7.76,true,""
phase1,25,400,LOW,250,1.20,false,41,34,36110,4038,3.22,true,""
phase1,25,400,MEDIUM,250,1.20,false,41,34,43651,5526,2.35,true,""
phase1,25,400,QUARTILE,250,1.20,false,41,34,61589,4156,3.13,true,""
phase1,25,400,HIGH,250,1.20,false,41,34,76880,3721,3.49,true,""
phase1,25,425,LOW,250,1.20,false,38,32,36916,5335,2.44,true,""
phase1,25,425,MEDIUM,250,1.20,false,38,32,44230,4062,3.20,true,""
phase1,25,425,QUARTILE,250,1.20,false,38,32,57121,5273,2.47,true,""
phase1,25,425,HIGH,250,1.20,false,38,32,71326,4058,3.20,true,""
phase1,25,450,LOW,250,1.20,false,36,30,35043,5673,2.29,true,""
phase1,25,450,MEDIUM,250,1.20,false,36,30,45859,5525,2.35,true,""
phase1,25,450,QUARTILE,250,1.20,false,36,30,58673,12726,1.02,true,""
phase1,25,450,HIGH,250,1.20,false,36,30,72478,5692,2.28,true,""
phase1,25,475,LOW,250,1.20,false,34,29,36108,4067,3.20,true,""
phase1,25,475,MEDIUM,250,1.20,false,34,29,43075,6200,2.10,true,""
phase1,25,475,QUARTILE,250,1.20,false,34,29,55013,4121,3.15,true,""
phase1,25,475,HIGH,250,1.20,false,34,29,72682,6325,2.06,true,""
phase1,25,500,LOW,250,1.20,false,33,27,35269,3144,4.13,true,""
phase1,25,500,MEDIUM,250,1.20,false,33,27,45842,4950,2.63,true,""
phase1,25,500,QUARTILE,250,1.20,false,33,27,57856,6729,1.93,true,""
phase1,25,500,HIGH,250,1.20,false,33,27,70987,4998,2.60,true,""
phase1,25,525,LOW,250,1.20,false,31,26,36107,4894,2.66,true,""
phase1,25,525,MEDIUM,250,1.20,false,31,26,43054,4792,2.71,true,""
phase1,25,525,QUARTILE,250,1.20,false,31,26,58290,8947,1.45,true,""
phase1,25,525,HIGH,250,1.20,false,31,26,70902,5900,2.20,true,""
phase1,25,550,LOW,250,1.20,false,30,25,34674,3934,3.30,true,""
phase1,25,550,MEDIUM,250,1.20,false,30,25,44781,4886,2.66,true,""
phase1,25,550,QUARTILE,250,1.20,false,30,25,55921,6684,1.94,true,""
phase1,25,550,HIGH,250,1.20,false,30,25,72228,4762,2.73,true,""
phase1,25,575,LOW,250,1.20,false,28,24,32287,13109,0.99,true,""
phase1,25,575,MEDIUM,250,1.20,false,28,24,41764,5671,2.29,true,""
phase1,25,575,QUARTILE,250,1.20,false,28,24,55820,9035,1.44,true,""
phase1,25,575,HIGH,250,1.20,false,28,24,67265,4035,3.22,true,""
phase1,25,600,LOW,250,1.20,false,27,23,34182,3943,3.30,true,""
phase1,25,600,MEDIUM,250,1.20,false,27,23,40314,12562,1.03,true,""
phase1,25,600,QUARTILE,250,1.20,false,27,23,53884,4106,3.17,true,""
phase1,25,600,HIGH,250,1.20,false,27,23,68949,4646,2.80,true,""
phase1,25,625,LOW,250,1.20,false,26,22,32946,14661,0.89,true,""
phase1,25,625,MEDIUM,250,1.20,false,26,22,42138,5219,2.49,true,""
phase1,25,625,QUARTILE,250,1.20,false,26,22,55630,10332,1.26,true,""
phase1,25,625,HIGH,250,1.20,false,26,22,70822,3227,4.03,true,""
phase1,25,650,LOW,250,1.20,false,25,21,34709,3970,3.27,true,""
phase1,25,650,MEDIUM,250,1.20,false,25,21,40641,8929,1.46,true,""
phase1,25,650,QUARTILE,250,1.20,false,25,21,53692,4901,2.65,true,""
phase1,25,650,HIGH,250,1.20,false,25,21,68302,5365,2.42,true,""
phase1,25,675,LOW,250,1.20,false,24,20,33339,4007,3.24,true,""
phase1,25,675,MEDIUM,250,1.20,false,24,20,42091,3192,4.07,true,""
phase1,25,675,QUARTILE,250,1.20,false,24,20,54904,4018,3.24,true,""
phase1,25,675,HIGH,250,1.20,false,24,20,69727,11655,1.12,true,""
phase1,25,700,LOW,250,1.20,false,23,20,31557,6337,2.05,true,""
phase1,25,700,MEDIUM,250,1.20,false,23,20,39761,6150,2.11,true,""
phase1,25,700,QUARTILE,250,1.20,false,23,20,51892,3623,3.59,true,""
phase1,25,700,HIGH,250,1.20,false,23,20,69806,4977,2.61,true,""
phase1,25,725,LOW,250,1.20,false,23,19,34588,4873,2.67,true,""
phase1,25,725,MEDIUM,250,1.20,false,23,19,43219,3470,3.75,true,""
phase1,25,725,QUARTILE,250,1.20,false,23,19,55780,3617,3.59,true,""
phase1,25,725,HIGH,250,1.20,false,23,19,70503,9004,1.44,true,""
phase1,25,750,LOW,250,1.20,false,22,18,33126,5065,2.57,true,""
phase1,25,750,MEDIUM,250,1.20,false,22,18,41404,3471,3.75,true,""
phase1,25,750,QUARTILE,250,1.20,false,22,18,56698,9706,1.34,true,""
phase1,25,750,HIGH,250,1.20,false,22,18,71418,8672,1.50,true,""
phase1,25,775,LOW,250,1.20,false,21,18,31206,6534,1.99,true,""
phase1,25,775,MEDIUM,250,1.20,false,21,18,41781,4627,2.81,true,""
phase1,25,775,QUARTILE,250,1.20,false,21,18,53327,3962,3.28,true,""
phase1,25,775,HIGH,250,1.20,false,21,18,67156,4081,3.19,true,""
phase1,25,800,LOW,250,1.20,false,21,17,34218,3558,3.65,true,""
phase1,25,800,MEDIUM,250,1.20,false,21,17,42230,3596,3.62,true,""
phase1,25,800,QUARTILE,250,1.20,false,21,17,57426,9977,1.30,true,""
phase1,25,800,HIGH,250,1.20,false,21,17,71868,5698,2.28,true,""
phase1,25,825,LOW,250,1.20,false,20,17,32070,5838,2.23,true,""
phase1,25,825,MEDIUM,250,1.20,false,20,17,39638,7897,1.65,true,""
phase1,25,825,QUARTILE,250,1.20,false,20,17,54000,9890,1.31,true,""
phase1,25,825,HIGH,250,1.20,false,20,17,67448,9506,1.37,true,""
phase1,25,850,LOW,250,1.20,false,19,16,30931,3221,4.04,true,""
phase1,25,850,MEDIUM,250,1.20,false,19,16,40837,4350,2.99,true,""
phase1,25,850,QUARTILE,250,1.20,false,19,16,52040,3502,3.71,true,""
phase1,25,850,HIGH,250,1.20,false,19,16,68511,16906,0.77,true,""
phase1,25,875,LOW,250,1.20,false,19,16,33007,4077,3.19,true,""
phase1,25,875,MEDIUM,250,1.20,false,19,16,40455,6171,2.11,true,""
phase1,25,875,QUARTILE,250,1.20,false,19,16,54643,10686,1.22,true,""
phase1,25,875,HIGH,250,1.20,false,19,16,67713,3445,3.77,true,""
phase1,25,900,LOW,250,1.20,false,18,15,31582,3195,4.07,true,""
phase1,25,900,MEDIUM,250,1.20,false,18,15,38720,5223,2.49,true,""
phase1,25,900,QUARTILE,250,1.20,false,18,15,52325,8758,1.48,true,""
phase1,25,900,HIGH,250,1.20,false,18,15,68306,4021,3.23,true,""
phase1,25,925,LOW,250,1.20,false,18,15,33781,3208,4.05,true,""
phase1,25,925,MEDIUM,250,1.20,false,18,15,41084,4467,2.91,true,""
phase1,25,925,QUARTILE,250,1.20,false,18,15,55172,4093,3.18,true,""
phase1,25,925,HIGH,250,1.20,false,18,15,67876,14145,0.92,true,""
phase1,25,950,LOW,250,1.20,false,17,15,31093,4441,2.93,true,""
phase1,25,950,MEDIUM,250,1.20,false,17,15,37675,3169,4.10,true,""
phase1,25,950,QUARTILE,250,1.20,false,17,15,50509,3970,3.27,true,""
phase1,25,950,HIGH,250,1.20,false,17,15,65312,3111,4.18,true,""
phase1,25,975,LOW,250,1.20,false,17,14,31943,3039,4.28,true,""
phase1,25,975,MEDIUM,250,1.20,false,17,14,38901,3326,3.91,true,""
phase1,25,975,QUARTILE,250,1.20,false,17,14,55162,5115,2.54,true,""
phase1,25,975,HIGH,250,1.20,false,17,14,70833,5056,2.57,true,""
phase1,25,1000,LOW,250,1.20,false,17,14,33890,3139,4.14,true,""
phase1,25,1000,MEDIUM,250,1.20,false,17,14,41004,3052,4.26,true,""
phase1,25,1000,QUARTILE,250,1.20,false,17,14,54630,3301,3.94,true,""
phase1,25,1000,HIGH,250,1.20,false,17,14,70088,3225,4.03,true,""
phase1,25,1025,LOW,250,1.20,false,16,14,31225,2404,5.41,true,""
phase1,25,1025,MEDIUM,250,1.20,false,16,14,37593,6660,1.95,true,""
phase1,25,1025,QUARTILE,250,1.20,false,16,14,53174,8883,1.46,true,""
phase1,25,1025,HIGH,250,1.20,false,16,14,64307,3049,4.26,true,""
phase1,25,1050,LOW,250,1.20,false,16,13,32226,2773,4.69,true,""
phase1,25,1050,MEDIUM,250,1.20,false,16,13,38903,2743,4.74,true,""
phase1,25,1050,QUARTILE,250,1.20,false,16,13,54812,3073,4.23,true,""
phase1,25,1050,HIGH,250,1.20,false,16,13,69809,11528,1.13,true,""
phase1,25,1075,LOW,250,1.20,false,15,13,29973,3265,3.98,true,""
phase1,25,1075,MEDIUM,250,1.20,false,15,13,38370,5112,2.54,true,""
phase1,25,1075,QUARTILE,250,1.20,false,15,13,51019,3358,3.87,true,""
phase1,25,1075,HIGH,250,1.20,false,15,13,64930,4109,3.16,true,""
phase1,25,1100,LOW,250,1.20,false,15,13,31629,4025,3.23,true,""
phase1,25,1100,MEDIUM,250,1.20,false,15,13,37822,4798,2.71,true,""
phase1,25,1100,QUARTILE,250,1.20,false,15,13,50234,3354,3.88,true,""
phase1,25,1100,HIGH,250,1.20,false,15,13,66825,3580,3.63,true,""
phase1,25,1125,LOW,250,1.20,false,15,12,32256,5102,2.55,true,""
phase1,25,1125,MEDIUM,250,1.20,false,15,12,41103,3101,4.19,true,""
phase1,25,1125,QUARTILE,250,1.20,false,15,12,54145,2708,4.80,true,""
phase1,25,1125,HIGH,250,1.20,false,15,12,68503,2782,4.67,true,""
phase1,25,1150,LOW,250,1.20,false,14,12,30048,2706,4.80,true,""
phase1,25,1150,MEDIUM,250,1.20,false,14,12,38215,3359,3.87,true,""
phase1,25,1150,QUARTILE,250,1.20,false,14,12,50361,3005,4.33,true,""
phase1,25,1150,HIGH,250,1.20,false,14,12,66406,4694,2.77,true,""
phase1,25,1175,LOW,250,1.20,false,14,12,31703,2807,4.63,true,""
phase1,25,1175,MEDIUM,250,1.20,false,14,12,37862,3421,3.80,true,""
phase1,25,1175,QUARTILE,250,1.20,false,14,12,52403,3532,3.68,true,""
phase1,25,1175,HIGH,250,1.20,false,14,12,65701,2997,4.34,true,""
phase1,25,1200,LOW,250,1.20,false,14,12,31220,3576,3.64,true,""
phase1,25,1200,MEDIUM,250,1.20,false,14,12,39595,4173,3.12,true,""
phase1,25,1200,QUARTILE,250,1.20,false,14,12,51444,2979,4.36,true,""
phase1,25,1200,HIGH,250,1.20,false,14,12,64537,3311,3.93,true,""
phase1,25,1225,LOW,250,1.20,false,14,11,32069,3204,4.06,true,""
phase1,25,1225,MEDIUM,250,1.20,false,14,11,40703,3302,3.94,true,""
phase1,25,1225,QUARTILE,250,1.20,false,14,11,55761,3618,3.59,true,""
phase1,25,1225,HIGH,250,1.20,false,14,11,69625,3071,4.23,true,""
phase1,25,1250,LOW,250,1.20,false,13,11,29768,3254,4.00,true,""
phase1,25,1250,MEDIUM,250,1.20,false,13,11,37770,4042,3.22,true,""
phase1,25,1250,QUARTILE,250,1.20,false,13,11,51701,3073,4.23,true,""
phase1,25,1250,HIGH,250,1.20,false,13,11,64475,3192,4.07,true,""
phase1,25,1275,LOW,250,1.20,false,13,11,31349,3196,4.07,true,""
phase1,25,1275,MEDIUM,250,1.20,false,13,11,39752,3883,3.35,true,""
phase1,25,1275,QUARTILE,250,1.20,false,13,11,51386,3182,4.09,true,""
phase1,25,1300,LOW,250,1.20,false,13,11,31013,2722,4.78,true,""
phase1,25,1300,MEDIUM,250,1.20,false,13,11,39346,4113,3.16,true,""
phase1,25,1300,QUARTILE,250,1.20,false,13,11,53315,3112,4.18,true,""
phase1,25,1325,LOW,250,1.20,false,13,11,30551,3595,3.62,true,""
phase1,25,1325,MEDIUM,250,1.20,false,13,11,38718,6563,1.98,true,""
phase1,25,1325,QUARTILE,250,1.20,false,13,11,52328,4437,2.93,true,""
phase1,25,1350,LOW,250,1.20,false,12,10,29191,3220,4.04,true,""
phase1,25,1350,MEDIUM,250,1.20,false,12,10,36929,2781,4.67,true,""
phase1,25,1350,QUARTILE,250,1.20,false,12,10,52428,2791,4.66,true,""
phase1,25,1375,LOW,250,1.20,false,12,10,30881,9048,1.44,true,""
phase1,25,1375,MEDIUM,250,1.20,false,12,10,38932,12182,1.07,true,""
phase1,25,1375,QUARTILE,250,1.20,false,12,10,52349,4602,2.82,true,""
phase1,25,1400,LOW,250,1.20,false,12,10,30749,4664,2.79,true,""
phase1,25,1400,MEDIUM,250,1.20,false,12,10,38783,3048,4.27,true,""
phase1,25,1400,QUARTILE,250,1.20,false,12,10,52062,10024,1.30,true,""
phase1,25,1425,LOW,250,1.20,false,12,10,30507,6210,2.09,true,""
phase1,25,1425,MEDIUM,250,1.20,false,12,10,38417,8884,1.46,true,""
phase1,25,1425,QUARTILE,250,1.20,false,12,10,54051,12734,1.02,true,""
phase1,25,1450,LOW,250,1.20,false,12,10,30176,7395,1.76,true,""
phase1,25,1450,MEDIUM,250,1.20,false,12,10,40121,7521,1.73,true,""
phase1,25,1450,QUARTILE,250,1.20,false,12,10,53364,3542,3.67,true,""
phase1,25,1475,LOW,250,1.20,false,11,10,28813,3279,3.96,true,""
phase1,25,1475,MEDIUM,250,1.20,false,11,10,36037,3847,3.38,true,""
phase1,25,1475,QUARTILE,250,1.20,false,11,10,47740,7936,1.64,true,""
phase1,25,1500,LOW,250,1.20,false,11,9,30133,2679,4.85,true,""
phase1,25,1500,MEDIUM,250,1.20,false,11,9,37700,3290,3.95,true,""
phase1,25,1500,QUARTILE,250,1.20,false,11,9,52462,3232,4.02,true,""
phase1,25,1525,LOW,250,1.20,false,11,9,31967,2759,4.71,true,""
phase1,25,1525,MEDIUM,250,1.20,false,11,9,37686,3180,4.09,true,""
phase1,25,1525,QUARTILE,250,1.20,false,11,9,52429,2743,4.74,true,""
phase1,25,1550,LOW,250,1.20,false,11,9,31887,3219,4.04,true,""
phase1,25,1550,MEDIUM,250,1.20,false,11,9,39477,3285,3.96,true,""
phase1,25,1550,QUARTILE,250,1.20,false,11,9,52214,4485,2.90,true,""
phase1,25,1575,LOW,250,1.20,false,11,9,31690,3092,4.20,true,""
phase1,25,1575,MEDIUM,250,1.20,false,11,9,39231,4243,3.06,true,""
phase1,25,1575,QUARTILE,250,1.20,false,11,9,54197,4442,2.93,true,""
phase1,25,1600,LOW,250,1.20,false,11,9,31477,2732,4.76,true,""
phase1,25,1600,MEDIUM,250,1.20,false,11,9,38899,3285,3.96,true,""
phase1,25,1600,QUARTILE,250,1.20,false,11,9,53753,5914,2.20,true,""
phase1,25,1625,LOW,250,1.20,false,10,9,29933,3196,4.07,true,""
phase1,25,1625,MEDIUM,250,1.20,false,10,9,36646,4176,3.11,true,""
phase1,25,1625,QUARTILE,250,1.20,false,10,9,48176,10268,1.27,true,""
phase1,25,1650,LOW,250,1.20,false,10,9,29496,3231,4.02,true,""
phase1,25,1650,MEDIUM,250,1.20,false,10,9,36120,3184,4.08,true,""
phase1,25,1650,QUARTILE,250,1.20,false,10,9,47285,2703,4.81,true,""
phase1,25,1675,LOW,250,1.20,false,10,8,30785,2717,4.78,true,""
phase1,25,1675,MEDIUM,250,1.20,false,10,8,37949,2740,4.74,true,""
phase1,25,1700,LOW,250,1.20,false,10,8,30764,3252,4.00,true,""
phase1,25,1700,MEDIUM,250,1.20,false,10,8,37933,4966,2.62,true,""
phase1,25,1725,LOW,250,1.20,false,10,8,30780,2721,4.78,true,""
phase1,25,1725,MEDIUM,250,1.20,false,10,8,39772,3113,4.18,true,""
phase1,25,1750,LOW,250,1.20,false,10,8,32418,2737,4.75,true,""
phase1,25,1750,MEDIUM,250,1.20,false,10,8,39541,2806,4.63,true,""
phase1,25,1775,LOW,250,1.20,false,10,8,32270,3169,4.10,true,""
phase1,25,1775,MEDIUM,250,1.20,false,10,8,39411,3305,3.93,true,""
phase1,25,1800,LOW,250,1.20,false,10,8,32063,3231,4.02,true,""
phase1,25,1800,MEDIUM,250,1.20,false,10,8,40904,2786,4.67,true,""
phase1,25,1825,LOW,250,1.20,false,10,8,31833,2696,4.82,true,""
phase1,25,1825,MEDIUM,250,1.20,false,10,8,40641,3345,3.89,true,""
phase1,25,1850,LOW,250,1.20,false,10,8,33272,3127,4.16,true,""
phase1,25,1850,MEDIUM,250,1.20,false,10,8,40345,3164,4.11,true,""
phase1,25,1875,LOW,250,1.20,false,10,8,32898,3063,4.24,true,""
phase1,25,1875,MEDIUM,250,1.20,false,10,8,39844,2779,4.68,true,""
phase1,25,1900,LOW,250,1.20,false,10,8,32364,2725,4.77,true,""
phase1,25,1900,MEDIUM,250,1.20,false,10,8,39156,2801,4.64,true,""
phase1,25,1925,LOW,250,1.20,false,10,7,34311,2824,4.60,true,""
phase1,25,1925,MEDIUM,250,1.20,false,10,7,43711,3179,4.09,true,""
phase1,25,1950,LOW,250,1.20,false,10,7,36083,2389,5.44,true,""
phase1,25,1950,MEDIUM,250,1.20,false,10,7,43667,2687,4.84,true,""
phase1,25,1975,LOW,250,1.20,false,10,7,35999,3042,4.27,true,""
phase1,25,1975,MEDIUM,250,1.20,false,10,7,43619,4984,2.61,true,""
phase1,25,2000,LOW,250,1.20,false,10,7,35960,2758,4.71,true,""
phase1,25,2000,MEDIUM,250,1.20,false,10,7,45557,2663,4.88,true,""
phase1,25,2025,LOW,250,1.20,false,10,7,35871,2644,4.92,true,""
phase1,25,2025,MEDIUM,250,1.20,false,10,7,45454,2722,4.78,true,""
phase1,25,2050,LOW,250,1.20,false,10,7,35785,2721,4.78,true,""
phase1,25,2050,MEDIUM,250,1.20,false,10,7,45272,3039,4.28,true,""
phase1,25,2075,LOW,250,1.20,false,10,7,37189,2745,4.74,true,""
phase1,25,2075,MEDIUM,250,1.20,false,10,7,45046,2696,4.82,true,""
phase1,25,2100,LOW,250,1.20,false,10,7,36995,3215,4.04,true,""
phase1,25,2100,MEDIUM,250,1.20,false,10,7,46856,3105,4.19,true,""
phase1,25,2125,LOW,250,1.20,false,10,7,36792,2404,5.41,true,""
phase1,25,2125,MEDIUM,250,1.20,false,10,7,46603,2710,4.80,true,""
phase1,25,2150,LOW,250,1.20,false,10,7,36443,2809,4.63,true,""
phase1,25,2150,MEDIUM,250,1.20,false,10,7,46123,3209,4.05,true,""
phase1,25,2175,LOW,250,1.20,false,10,7,36103,2795,4.65,true,""
phase1,25,2175,MEDIUM,250,1.20,false,10,7,45555,2744,4.74,true,""
phase1,25,2200,LOW,250,1.20,false,10,7,37815,3132,4.15,true,""
phase1,25,2200,MEDIUM,250,1.20,false,10,7,45016,2739,4.75,true,""
phase1,25,2225,LOW,250,1.20,false,10,6,39808,2492,5.22,true,""
phase1,25,2225,MEDIUM,250,1.20,false,10,6,49747,2682,4.85,true,""
phase1,25,2250,LOW,250,1.20,false,10,6,39829,2799,4.64,true,""
phase1,25,2250,MEDIUM,250,1.20,false,10,6,49758,2804,4.64,true,""
phase1,25,2275,LOW,250,1.20,false,10,6,39821,4978,2.61,true,""
phase1,25,2275,MEDIUM,250,1.20,false,10,6,49768,2890,4.50,true,""
phase1,25,2300,LOW,250,1.20,false,10,6,41672,2683,4.85,true,""
phase1,25,2300,MEDIUM,250,1.20,false,10,6,49739,2659,4.89,true,""
phase1,25,2325,LOW,250,1.20,false,10,6,41599,2384,5.45,true,""
phase1,25,2350,LOW,250,1.20,false,10,6,41561,2725,4.77,true,""
phase1,25,2375,LOW,250,1.20,false,10,6,41503,2396,5.43,true,""
phase1,25,2400,LOW,250,1.20,false,10,6,41402,3260,3.99,true,""
phase1,25,2425,LOW,250,1.20,false,10,6,43267,3128,4.16,true,""
phase1,25,2450,LOW,250,1.20,false,10,6,43103,2762,4.71,true,""
phase1,25,2475,LOW,250,1.20,false,10,6,42966,2718,4.78,true,""
phase1,25,2500,LOW,250,1.20,false,10,6,42763,2457,5.29,true,""
phase1,25,2525,LOW,250,1.20,false,10,6,42609,2816,4.62,true,""
phase1,25,2550,LOW,250,1.20,false,10,6,42233,2801,4.64,true,""
phase1,25,2575,LOW,250,1.20,false,10,6,44081,2345,5.54,true,""
phase1,25,2600,LOW,250,1.20,false,10,6,43717,2716,4.79,true,""
phase1,25,2625,LOW,250,1.20,false,10,6,43350,2394,5.43,true,""
phase1,25,2650,LOW,250,1.20,false,10,6,42891,2698,4.82,true,""
phase1,25,2675,LOW,250,1.20,false,10,5,45694,2706,4.80,true,""
phase1,25,2700,LOW,250,1.20,false,10,5,47716,2712,4.79,true,""
phase1,25,2725,LOW,250,1.20,false,10,5,47715,2769,4.69,true,""
phase1,25,2750,LOW,250,1.20,false,10,5,47695,2730,4.76,true,""
phase1,25,2775,LOW,250,1.20,false,10,5,47726,2769,4.69,true,""
phase1,25,2800,LOW,250,1.20,false,10,5,49717,2799,4.64,true,""
phase1,26,400,LOW,250,1.20,false,41,34,36110,8396,1.55,true,""
phase1,26,400,MEDIUM,250,1.20,false,41,34,43651,5063,2.57,true,""
phase1,26,400,QUARTILE,250,1.20,false,41,34,61589,4735,2.75,true,""
phase1,26,400,HIGH,250,1.20,false,41,34,76880,4212,3.09,true,""
phase1,26,425,LOW,250,1.20,false,38,32,36916,5693,2.28,true,""
phase1,26,425,MEDIUM,250,1.20,false,38,32,44230,6039,2.15,true,""
phase1,26,425,QUARTILE,250,1.20,false,38,32,57121,6112,2.13,true,""
phase1,26,425,HIGH,250,1.20,false,38,32,71326,5633,2.31,true,""
phase1,26,450,LOW,250,1.20,false,36,30,35043,4806,2.70,true,""
phase1,26,450,MEDIUM,250,1.20,false,36,30,45859,4019,3.23,true,""
phase1,26,450,QUARTILE,250,1.20,false,36,30,58673,3898,3.34,true,""
phase1,26,450,HIGH,250,1.20,false,36,30,72478,3993,3.26,true,""
phase1,26,475,LOW,250,1.20,false,34,29,36108,4155,3.13,true,""
phase1,26,475,MEDIUM,250,1.20,false,34,29,43075,5164,2.52,true,""
phase1,26,475,QUARTILE,250,1.20,false,34,29,55013,6001,2.17,true,""
phase1,26,475,HIGH,250,1.20,false,34,29,72682,4778,2.72,true,""
phase1,26,500,LOW,250,1.20,false,33,27,35269,3916,3.32,true,""
phase1,26,500,MEDIUM,250,1.20,false,33,27,45842,5079,2.56,true,""
phase1,26,500,QUARTILE,250,1.20,false,33,27,57856,4058,3.20,true,""
phase1,26,500,HIGH,250,1.20,false,33,27,70987,4013,3.24,true,""
phase1,26,525,LOW,250,1.20,false,31,26,36107,3865,3.36,true,""
phase1,26,525,MEDIUM,250,1.20,false,31,26,43054,6132,2.12,true,""
phase1,26,525,QUARTILE,250,1.20,false,31,26,58290,10858,1.20,true,""
phase1,26,525,HIGH,250,1.20,false,31,26,70902,7105,1.83,true,""
phase1,26,550,LOW,250,1.20,false,30,25,34674,7438,1.75,true,""
phase1,26,550,MEDIUM,250,1.20,false,30,25,44781,5751,2.26,true,""
phase1,26,550,QUARTILE,250,1.20,false,30,25,55921,6781,1.92,true,""
phase1,26,550,HIGH,250,1.20,false,30,25,72228,6637,1.96,true,""
phase1,26,575,LOW,250,1.20,false,28,24,32287,5576,2.33,true,""
phase1,26,575,MEDIUM,250,1.20,false,28,24,41764,6992,1.86,true,""
phase1,26,575,QUARTILE,250,1.20,false,28,24,55820,6156,2.11,true,""
phase1,26,575,HIGH,250,1.20,false,28,24,67265,5992,2.17,true,""
phase1,26,600,LOW,250,1.20,false,27,23,34182,9202,1.41,true,""
phase1,26,600,MEDIUM,250,1.20,false,27,23,40314,7481,1.74,true,""
phase1,26,600,QUARTILE,250,1.20,false,27,23,53884,9985,1.30,true,""
phase1,26,600,HIGH,250,1.20,false,27,23,68949,6363,2.04,true,""
phase1,26,625,LOW,250,1.20,false,26,22,32946,4853,2.68,true,""
phase1,26,625,MEDIUM,250,1.20,false,26,22,42138,7870,1.65,true,""
phase1,26,625,QUARTILE,250,1.20,false,26,22,55630,9336,1.39,true,""
phase1,26,625,HIGH,250,1.20,false,26,22,70822,12287,1.06,true,""
phase1,26,650,LOW,250,1.20,false,25,21,34709,9208,1.41,true,""
phase1,26,650,MEDIUM,250,1.20,false,25,21,40641,6339,2.05,true,""
phase1,26,650,QUARTILE,250,1.20,false,25,21,53692,6750,1.93,true,""
phase1,26,650,HIGH,250,1.20,false,25,21,68302,11748,1.11,true,""
phase1,26,675,LOW,250,1.20,false,24,20,33339,4608,2.82,true,""
phase1,26,675,MEDIUM,250,1.20,false,24,20,42091,14693,0.88,true,""
phase1,26,675,QUARTILE,250,1.20,false,24,20,54904,10089,1.29,true,""
phase1,26,675,HIGH,250,1.20,false,24,20,69727,14656,0.89,true,""
phase1,26,700,LOW,250,1.20,false,23,20,31557,12361,1.05,true,""
phase1,26,700,MEDIUM,250,1.20,false,23,20,39761,3506,3.71,true,""
phase1,26,700,QUARTILE,250,1.20,false,23,20,51892,3691,3.52,true,""
phase1,26,700,HIGH,250,1.20,false,23,20,69806,5302,2.45,true,""
phase1,26,725,LOW,250,1.20,false,23,19,34588,10455,1.24,true,""
phase1,26,725,MEDIUM,250,1.20,false,23,19,43219,3598,3.61,true,""
phase1,26,725,QUARTILE,250,1.20,false,23,19,55780,8831,1.47,true,""
phase1,26,725,HIGH,250,1.20,false,23,19,70503,17304,0.75,true,""
phase1,26,750,LOW,250,1.20,false,22,18,33126,7983,1.63,true,""
phase1,26,750,MEDIUM,250,1.20,false,22,18,41404,4547,2.86,true,""
phase1,26,750,QUARTILE,250,1.20,false,22,18,56698,7840,1.66,true,""
phase1,26,750,HIGH,250,1.20,false,22,18,71418,3409,3.81,true,""
phase1,26,775,LOW,250,1.20,false,21,18,31206,6825,1.90,true,""
phase1,26,775,MEDIUM,250,1.20,false,21,18,41781,6650,1.95,true,""
phase1,26,775,QUARTILE,250,1.20,false,21,18,53327,4979,2.61,true,""
phase1,26,775,HIGH,250,1.20,false,21,18,67156,6257,2.08,true,""
phase1,26,800,LOW,250,1.20,false,21,17,34218,6789,1.91,true,""
phase1,26,800,MEDIUM,250,1.20,false,21,17,42230,9113,1.43,true,""
phase1,26,800,QUARTILE,250,1.20,false,21,17,57426,8149,1.60,true,""
phase1,26,800,HIGH,250,1.20,false,21,17,71868,3615,3.60,true,""
phase1,26,825,LOW,250,1.20,false,20,17,32070,6688,1.94,true,""
phase1,26,825,MEDIUM,250,1.20,false,20,17,39638,5196,2.50,true,""
phase1,26,825,QUARTILE,250,1.20,false,20,17,54000,5660,2.30,true,""
phase1,26,825,HIGH,250,1.20,false,20,17,67448,6558,1.98,true,""
phase1,26,850,LOW,250,1.20,false,19,16,30931,3253,4.00,true,""
phase1,26,850,MEDIUM,250,1.20,false,19,16,40837,3266,3.98,true,""
phase1,26,850,QUARTILE,250,1.20,false,19,16,52040,3459,3.76,true,""
phase1,26,850,HIGH,250,1.20,false,19,16,68511,5523,2.35,true,""
phase1,26,875,LOW,250,1.20,false,19,16,33007,3455,3.76,true,""
phase1,26,875,MEDIUM,250,1.20,false,19,16,40455,7336,1.77,true,""
phase1,26,875,QUARTILE,250,1.20,false,19,16,54643,3159,4.12,true,""
phase1,26,875,HIGH,250,1.20,false,19,16,67713,3522,3.69,true,""
phase1,26,900,LOW,250,1.20,false,18,15,31582,3276,3.97,true,""
phase1,26,900,MEDIUM,250,1.20,false,18,15,38720,3270,3.98,true,""
phase1,26,900,QUARTILE,250,1.20,false,18,15,52325,5498,2.36,true,""
phase1,26,900,HIGH,250,1.20,false,18,15,68306,3439,3.78,true,""
phase1,26,925,LOW,250,1.20,false,18,15,33781,4386,2.96,true,""
phase1,26,925,MEDIUM,250,1.20,false,18,15,41084,3376,3.85,true,""
phase1,26,925,QUARTILE,250,1.20,false,18,15,55172,6256,2.08,true,""
phase1,26,925,HIGH,250,1.20,false,18,15,67876,5087,2.56,true,""
phase1,26,950,LOW,250,1.20,false,17,15,31093,3274,3.97,true,""
phase1,26,950,MEDIUM,250,1.20,false,17,15,37675,3947,3.29,true,""
phase1,26,950,QUARTILE,250,1.20,false,17,15,50509,4855,2.68,true,""
phase1,26,950,HIGH,250,1.20,false,17,15,65312,6135,2.12,true,""
phase1,26,975,LOW,250,1.20,false,17,14,31943,3370,3.86,true,""
phase1,26,975,MEDIUM,250,1.20,false,17,14,38901,3147,4.13,true,""
phase1,26,975,QUARTILE,250,1.20,false,17,14,55162,2738,4.75,true,""
phase1,26,975,HIGH,250,1.20,false,17,14,70833,3261,3.99,true,""
phase1,26,1000,LOW,250,1.20,false,17,14,33890,3295,3.95,true,""
phase1,26,1000,MEDIUM,250,1.20,false,17,14,41004,3198,4.07,true,""
phase1,26,1000,QUARTILE,250,1.20,false,17,14,54630,4171,3.12,true,""
phase1,26,1000,HIGH,250,1.20,false,17,14,70088,4476,2.90,true,""
phase1,26,1025,LOW,250,1.20,false,16,14,31225,3128,4.16,true,""
phase1,26,1025,MEDIUM,250,1.20,false,16,14,37593,3863,3.37,true,""
phase1,26,1025,QUARTILE,250,1.20,false,16,14,53174,3584,3.63,true,""
phase1,26,1025,HIGH,250,1.20,false,16,14,64307,4651,2.80,true,""
phase1,26,1050,LOW,250,1.20,false,16,13,32226,7076,1.84,true,""
phase1,26,1050,MEDIUM,250,1.20,false,16,13,38903,5194,2.50,true,""
phase1,26,1050,QUARTILE,250,1.20,false,16,13,54812,5683,2.29,true,""
phase1,26,1050,HIGH,250,1.20,false,16,13,69809,4104,3.17,true,""
phase1,26,1075,LOW,250,1.20,false,15,13,29973,2778,4.68,true,""
phase1,26,1075,MEDIUM,250,1.20,false,15,13,38370,3273,3.97,true,""
phase1,26,1075,QUARTILE,250,1.20,false,15,13,51019,4015,3.24,true,""
phase1,26,1075,HIGH,250,1.20,false,15,13,64930,4452,2.92,true,""
phase1,26,1100,LOW,250,1.20,false,15,13,31629,4566,2.85,true,""
phase1,26,1100,MEDIUM,250,1.20,false,15,13,37822,4246,3.06,true,""
phase1,26,1100,QUARTILE,250,1.20,false,15,13,50234,5997,2.17,true,""
phase1,26,1100,HIGH,250,1.20,false,15,13,66825,4449,2.92,true,""
phase1,26,1125,LOW,250,1.20,false,15,12,32256,4109,3.16,true,""
phase1,26,1125,MEDIUM,250,1.20,false,15,12,41103,6785,1.92,true,""
phase1,26,1125,QUARTILE,250,1.20,false,15,12,54145,3582,3.63,true,""
phase1,26,1125,HIGH,250,1.20,false,15,12,68503,6793,1.91,true,""
phase1,26,1150,LOW,250,1.20,false,14,12,30048,3532,3.68,true,""
phase1,26,1150,MEDIUM,250,1.20,false,14,12,38215,3308,3.93,true,""
phase1,26,1150,QUARTILE,250,1.20,false,14,12,50361,2330,5.58,true,""
phase1,26,1150,HIGH,250,1.20,false,14,12,66406,3624,3.59,true,""
phase1,26,1175,LOW,250,1.20,false,14,12,31703,3259,3.99,true,""
phase1,26,1175,MEDIUM,250,1.20,false,14,12,37862,6586,1.97,true,""
phase1,26,1175,QUARTILE,250,1.20,false,14,12,52403,3315,3.92,true,""
phase1,26,1175,HIGH,250,1.20,false,14,12,65701,5471,2.38,true,""
phase1,26,1200,LOW,250,1.20,false,14,12,31220,4198,3.10,true,""
phase1,26,1200,MEDIUM,250,1.20,false,14,12,39595,3102,4.19,true,""
phase1,26,1200,QUARTILE,250,1.20,false,14,12,51444,3216,4.04,true,""
phase1,26,1200,HIGH,250,1.20,false,14,12,64537,8085,1.61,true,""
phase1,26,1225,LOW,250,1.20,false,14,11,32069,3285,3.96,true,""
phase1,26,1225,MEDIUM,250,1.20,false,14,11,40703,3136,4.15,true,""
phase1,26,1225,QUARTILE,250,1.20,false,14,11,55761,5329,2.44,true,""
phase1,26,1225,HIGH,250,1.20,false,14,11,69625,4686,2.77,true,""
phase1,26,1250,LOW,250,1.20,false,13,11,29768,3227,4.03,true,""
phase1,26,1250,MEDIUM,250,1.20,false,13,11,37770,3070,4.23,true,""
phase1,26,1250,QUARTILE,250,1.20,false,13,11,51701,2722,4.78,true,""
phase1,26,1250,HIGH,250,1.20,false,13,11,64475,3191,4.07,true,""
phase1,26,1275,LOW,250,1.20,false,13,11,31349,3314,3.92,true,""
phase1,26,1275,MEDIUM,250,1.20,false,13,11,39752,3344,3.89,true,""
phase1,26,1275,QUARTILE,250,1.20,false,13,11,51386,3277,3.97,true,""
phase1,26,1300,LOW,250,1.20,false,13,11,31013,2265,5.74,true,""
phase1,26,1300,MEDIUM,250,1.20,false,13,11,39346,5394,2.41,true,""
phase1,26,1300,QUARTILE,250,1.20,false,13,11,53315,4099,3.17,true,""
phase1,26,1325,LOW,250,1.20,false,13,11,30551,4224,3.08,true,""
phase1,26,1325,MEDIUM,250,1.20,false,13,11,38718,4350,2.99,true,""
phase1,26,1325,QUARTILE,250,1.20,false,13,11,52328,3338,3.89,true,""
phase1,26,1350,LOW,250,1.20,false,12,10,29191,3141,4.14,true,""
phase1,26,1350,MEDIUM,250,1.20,false,12,10,36929,2705,4.81,true,""
phase1,26,1350,QUARTILE,250,1.20,false,12,10,52428,3648,3.56,true,""
phase1,26,1375,LOW,250,1.20,false,12,10,30881,2982,4.36,true,""
phase1,26,1375,MEDIUM,250,1.20,false,12,10,38932,3225,4.03,true,""
phase1,26,1375,QUARTILE,250,1.20,false,12,10,52349,3052,4.26,true,""
phase1,26,1400,LOW,250,1.20,false,12,10,30749,3332,3.90,true,""
phase1,26,1400,MEDIUM,250,1.20,false,12,10,38783,3026,4.30,true,""
phase1,26,1400,QUARTILE,250,1.20,false,12,10,52062,3425,3.80,true,""
phase1,26,1425,LOW,250,1.20,false,12,10,30507,3599,3.61,true,""
phase1,26,1425,MEDIUM,250,1.20,false,12,10,38417,3382,3.84,true,""
phase1,26,1425,QUARTILE,250,1.20,false,12,10,54051,3252,4.00,true,""
phase1,26,1450,LOW,250,1.20,false,12,10,30176,3959,3.28,true,""
phase1,26,1450,MEDIUM,250,1.20,false,12,10,40121,3191,4.07,true,""
phase1,26,1450,QUARTILE,250,1.20,false,12,10,53364,3271,3.97,true,""
phase1,26,1475,LOW,250,1.20,false,11,10,28813,3341,3.89,true,""
phase1,26,1475,MEDIUM,250,1.20,false,11,10,36037,5335,2.44,true,""
phase1,26,1475,QUARTILE,250,1.20,false,11,10,47740,4458,2.92,true,""
phase1,26,1500,LOW,250,1.20,false,11,9,30133,2721,4.78,true,""
phase1,26,1500,MEDIUM,250,1.20,false,11,9,37700,2702,4.81,true,""
phase1,26,1500,QUARTILE,250,1.20,false,11,9,52462,3178,4.09,true,""
phase1,26,1525,LOW,250,1.20,false,11,9,31967,2690,4.83,true,""
phase1,26,1525,MEDIUM,250,1.20,false,11,9,37686,3561,3.65,true,""
phase1,26,1525,QUARTILE,250,1.20,false,11,9,52429,3304,3.93,true,""
phase1,26,1550,LOW,250,1.20,false,11,9,31887,3299,3.94,true,""
phase1,26,1550,MEDIUM,250,1.20,false,11,9,39477,3336,3.90,true,""
phase1,26,1550,QUARTILE,250,1.20,false,11,9,52214,3692,3.52,true,""
phase1,26,1575,LOW,250,1.20,false,11,9,31690,3178,4.09,true,""
phase1,26,1575,MEDIUM,250,1.20,false,11,9,39231,3784,3.44,true,""
phase1,26,1575,QUARTILE,250,1.20,false,11,9,54197,2799,4.64,true,""
phase1,26,1600,LOW,250,1.20,false,11,9,31477,4465,2.91,true,""
phase1,26,1600,MEDIUM,250,1.20,false,11,9,38899,4412,2.95,true,""
phase1,26,1600,QUARTILE,250,1.20,false,11,9,53753,6377,2.04,true,""
phase1,26,1625,LOW,250,1.20,false,10,9,29933,6077,2.14,true,""
phase1,26,1625,MEDIUM,250,1.20,false,10,9,36646,3538,3.67,true,""
phase1,26,1625,QUARTILE,250,1.20,false,10,9,48176,3186,4.08,true,""
phase1,26,1650,LOW,250,1.20,false,10,9,29496,3046,4.27,true,""
phase1,26,1650,MEDIUM,250,1.20,false,10,9,36120,2755,4.72,true,""
phase1,26,1650,QUARTILE,250,1.20,false,10,9,47285,6707,1.94,true,""
phase1,26,1675,LOW,250,1.20,false,10,8,30785,2673,4.86,true,""
phase1,26,1675,MEDIUM,250,1.20,false,10,8,37949,2693,4.83,true,""
phase1,26,1700,LOW,250,1.20,false,10,8,30764,3466,3.75,true,""
phase1,26,1700,MEDIUM,250,1.20,false,10,8,37933,2669,4.87,true,""
phase1,26,1725,LOW,250,1.20,false,10,8,30780,3612,3.60,true,""
phase1,26,1725,MEDIUM,250,1.20,false,10,8,39772,3947,3.29,true,""
phase1,26,1750,LOW,250,1.20,false,10,8,32418,3518,3.70,true,""
phase1,26,1750,MEDIUM,250,1.20,false,10,8,39541,3380,3.85,true,""
phase1,26,1775,LOW,250,1.20,false,10,8,32270,2780,4.68,true,""
phase1,26,1775,MEDIUM,250,1.20,false,10,8,39411,2728,4.77,true,""
phase1,26,1800,LOW,250,1.20,false,10,8,32063,4491,2.89,true,""
phase1,26,1800,MEDIUM,250,1.20,false,10,8,40904,4493,2.89,true,""
phase1,26,1825,LOW,250,1.20,false,10,8,31833,3463,3.75,true,""
phase1,26,1825,MEDIUM,250,1.20,false,10,8,40641,3533,3.68,true,""
phase1,26,1850,LOW,250,1.20,false,10,8,33272,6299,2.06,true,""
phase1,26,1850,MEDIUM,250,1.20,false,10,8,40345,3182,4.09,true,""
phase1,26,1875,LOW,250,1.20,false,10,8,32898,2707,4.80,true,""
phase1,26,1875,MEDIUM,250,1.20,false,10,8,39844,2698,4.82,true,""
phase1,26,1900,LOW,250,1.20,false,10,8,32364,3308,3.93,true,""
phase1,26,1900,MEDIUM,250,1.20,false,10,8,39156,3260,3.99,true,""
phase1,26,1925,LOW,250,1.20,false,10,7,34311,3247,4.00,true,""
phase1,26,1925,MEDIUM,250,1.20,false,10,7,43711,2744,4.74,true,""
phase1,26,1950,LOW,250,1.20,false,10,7,36083,2711,4.80,true,""
phase1,26,1950,MEDIUM,250,1.20,false,10,7,43667,3204,4.06,true,""
phase1,26,1975,LOW,250,1.20,false,10,7,35999,2670,4.87,true,""
phase1,26,1975,MEDIUM,250,1.20,false,10,7,43619,3236,4.02,true,""
phase1,26,2000,LOW,250,1.20,false,10,7,35960,7169,1.81,true,""
phase1,26,2000,MEDIUM,250,1.20,false,10,7,45557,2618,4.97,true,""
phase1,26,2025,LOW,250,1.20,false,10,7,35871,3005,4.33,true,""
phase1,26,2025,MEDIUM,250,1.20,false,10,7,45454,3126,4.16,true,""
phase1,26,2050,LOW,250,1.20,false,10,7,35785,2933,4.43,true,""
phase1,26,2050,MEDIUM,250,1.20,false,10,7,45272,2679,4.85,true,""
phase1,26,2075,LOW,250,1.20,false,10,7,37189,3211,4.05,true,""
phase1,26,2075,MEDIUM,250,1.20,false,10,7,45046,2690,4.83,true,""
phase1,26,2100,LOW,250,1.20,false,10,7,36995,2426,5.36,true,""
phase1,26,2100,MEDIUM,250,1.20,false,10,7,46856,2358,5.51,true,""
phase1,26,2125,LOW,250,1.20,false,10,7,36792,2437,5.33,true,""
phase1,26,2125,MEDIUM,250,1.20,false,10,7,46603,3098,4.20,true,""
phase1,26,2150,LOW,250,1.20,false,10,7,36443,2500,5.20,true,""
phase1,26,2150,MEDIUM,250,1.20,false,10,7,46123,2351,5.53,true,""
phase1,26,2175,LOW,250,1.20,false,10,7,36103,3162,4.11,true,""
phase1,26,2175,MEDIUM,250,1.20,false,10,7,45555,3105,4.19,true,""
phase1,26,2200,LOW,250,1.20,false,10,7,37815,2422,5.37,true,""
phase1,26,2200,MEDIUM,250,1.20,false,10,7,45016,2500,5.20,true,""
phase1,26,2225,LOW,250,1.20,false,10,6,39808,2385,5.45,true,""
phase1,26,2225,MEDIUM,250,1.20,false,10,6,49747,2361,5.51,true,""
phase1,26,2250,LOW,250,1.20,false,10,6,39829,2376,5.47,true,""
phase1,26,2250,MEDIUM,250,1.20,false,10,6,49758,2853,4.56,true,""
phase1,26,2275,LOW,250,1.20,false,10,6,39821,2397,5.42,true,""
phase1,26,2275,MEDIUM,250,1.20,false,10,6,49768,3050,4.26,true,""
phase1,26,2300,LOW,250,1.20,false,10,6,41672,3148,4.13,true,""
phase1,26,2300,MEDIUM,250,1.20,false,10,6,49739,2428,5.35,true,""
phase1,26,2325,LOW,250,1.20,false,10,6,41599,2352,5.53,true,""
phase1,26,2350,LOW,250,1.20,false,10,6,41561,2401,5.41,true,""
phase1,26,2375,LOW,250,1.20,false,10,6,41503,2360,5.51,true,""
phase1,26,2400,LOW,250,1.20,false,10,6,41402,2749,4.73,true,""
phase1,26,2425,LOW,250,1.20,false,10,6,43267,2399,5.42,true,""
phase1,26,2450,LOW,250,1.20,false,10,6,43103,2624,4.95,true,""
phase1,26,2475,LOW,250,1.20,false,10,6,42966,2425,5.36,true,""
phase1,26,2500,LOW,250,1.20,false,10,6,42763,2541,5.12,true,""
phase1,26,2525,LOW,250,1.20,false,10,6,42609,3050,4.26,true,""
phase1,26,2550,LOW,250,1.20,false,10,6,42233,2566,5.07,true,""
phase1,26,2575,LOW,250,1.20,false,10,6,44081,2540,5.12,true,""
phase1,26,2600,LOW,250,1.20,false,10,6,43717,2510,5.18,true,""
phase1,26,2625,LOW,250,1.20,false,10,6,43350,3126,4.16,true,""
phase1,26,2650,LOW,250,1.20,false,10,6,42891,3092,4.20,true,""
phase1,26,2675,LOW,250,1.20,false,10,5,45694,2492,5.22,true,""
phase1,26,2700,LOW,250,1.20,false,10,5,47716,2374,5.48,true,""
phase1,26,2725,LOW,250,1.20,false,10,5,47715,2389,5.44,true,""
phase1,26,2750,LOW,250,1.20,false,10,5,47695,2476,5.25,true,""
phase1,26,2775,LOW,250,1.20,false,10,5,47726,2517,5.16,true,""
phase1,26,2800,LOW,250,1.20,false,10,5,49717,2402,5.41,true,""
phase1,27,400,LOW,250,1.20,false,41,34,36110,6535,1.99,true,""
phase1,27,400,MEDIUM,250,1.20,false,41,34,43651,5111,2.54,true,""
phase1,27,400,QUARTILE,250,1.20,false,41,34,61589,7582,1.71,true,""
phase1,27,400,HIGH,250,1.20,false,41,34,76880,3685,3.53,true,""
phase1,27,425,LOW,250,1.20,false,38,32,36916,6426,2.02,true,""
phase1,27,425,MEDIUM,250,1.20,false,38,32,44230,4276,3.04,true,""
phase1,27,425,QUARTILE,250,1.20,false,38,32,57121,5477,2.37,true,""
phase1,27,425,HIGH,250,1.20,false,38,32,71326,9934,1.31,true,""
phase1,27,450,LOW,250,1.20,false,36,30,35043,5624,2.31,true,""
phase1,27,450,MEDIUM,250,1.20,false,36,30,45859,4479,2.90,true,""
phase1,27,450,QUARTILE,250,1.20,false,36,30,58673,3997,3.25,true,""
phase1,27,450,HIGH,250,1.20,false,36,30,72478,4355,2.99,true,""
phase1,27,475,LOW,250,1.20,false,34,29,36108,4863,2.67,true,""
phase1,27,475,MEDIUM,250,1.20,false,34,29,43075,6278,2.07,true,""
phase1,27,475,QUARTILE,250,1.20,false,34,29,55013,4556,2.85,true,""
phase1,27,475,HIGH,250,1.20,false,34,29,72682,3979,3.27,true,""
phase1,27,500,LOW,250,1.20,false,33,27,35269,5920,2.20,true,""
phase1,27,500,MEDIUM,250,1.20,false,33,27,45842,4017,3.24,true,""
phase1,27,500,QUARTILE,250,1.20,false,33,27,57856,4405,2.95,true,""
phase1,27,500,HIGH,250,1.20,false,33,27,70987,9953,1.31,true,""
phase1,27,525,LOW,250,1.20,false,31,26,36107,13465,0.97,true,""
phase1,27,525,MEDIUM,250,1.20,false,31,26,43054,14425,0.90,true,""
phase1,27,525,QUARTILE,250,1.20,false,31,26,58290,8346,1.56,true,""
phase1,27,525,HIGH,250,1.20,false,31,26,70902,10602,1.23,true,""
phase1,27,550,LOW,250,1.20,false,30,25,34674,10056,1.29,true,""
phase1,27,550,MEDIUM,250,1.20,false,30,25,44781,11703,1.11,true,""
phase1,27,550,QUARTILE,250,1.20,false,30,25,55921,11966,1.09,true,""
phase1,27,550,HIGH,250,1.20,false,30,25,72228,9322,1.39,true,""
phase1,27,575,LOW,250,1.20,false,28,24,32287,10441,1.25,true,""
phase1,27,575,MEDIUM,250,1.20,false,28,24,41764,5419,2.40,true,""
phase1,27,575,QUARTILE,250,1.20,false,28,24,55820,6711,1.94,true,""
phase1,27,575,HIGH,250,1.20,false,28,24,67265,10605,1.23,true,""
phase1,27,600,LOW,250,1.20,false,27,23,34182,12412,1.05,true,""
phase1,27,600,MEDIUM,250,1.20,false,27,23,40314,5620,2.31,true,""
phase1,27,600,QUARTILE,250,1.20,false,27,23,53884,10098,1.29,true,""
phase1,27,600,HIGH,250,1.20,false,27,23,68949,6658,1.95,true,""
phase1,27,625,LOW,250,1.20,false,26,22,32946,5060,2.57,true,""
phase1,27,625,MEDIUM,250,1.20,false,26,22,42138,4750,2.74,true,""
phase1,27,625,QUARTILE,250,1.20,false,26,22,55630,10903,1.19,true,""
phase1,27,625,HIGH,250,1.20,false,26,22,70822,4071,3.19,true,""
phase1,27,650,LOW,250,1.20,false,25,21,34709,3780,3.44,true,""
phase1,27,650,MEDIUM,250,1.20,false,25,21,40641,4482,2.90,true,""
phase1,27,650,QUARTILE,250,1.20,false,25,21,53692,12327,1.05,true,""
phase1,27,650,HIGH,250,1.20,false,25,21,68302,10075,1.29,true,""
phase1,27,675,LOW,250,1.20,false,24,20,33339,4510,2.88,true,""
phase1,27,675,MEDIUM,250,1.20,false,24,20,42091,14495,0.90,true,""
phase1,27,675,QUARTILE,250,1.20,false,24,20,54904,3908,3.33,true,""
phase1,27,675,HIGH,250,1.20,false,24,20,69727,3999,3.25,true,""
phase1,27,700,LOW,250,1.20,false,23,20,31557,11398,1.14,true,""
phase1,27,700,MEDIUM,250,1.20,false,23,20,39761,10332,1.26,true,""
phase1,27,700,QUARTILE,250,1.20,false,23,20,51892,3525,3.69,true,""
phase1,27,700,HIGH,250,1.20,false,23,20,69806,8500,1.53,true,""
phase1,27,725,LOW,250,1.20,false,23,19,34588,3211,4.05,true,""
phase1,27,725,MEDIUM,250,1.20,false,23,19,43219,4324,3.01,true,""
phase1,27,725,QUARTILE,250,1.20,false,23,19,55780,6259,2.08,true,""
phase1,27,725,HIGH,250,1.20,false,23,19,70503,9621,1.35,true,""
phase1,27,750,LOW,250,1.20,false,22,18,33126,4913,2.65,true,""
phase1,27,750,MEDIUM,250,1.20,false,22,18,41404,10415,1.25,true,""
phase1,27,750,QUARTILE,250,1.20,false,22,18,56698,11279,1.15,true,""
phase1,27,750,HIGH,250,1.20,false,22,18,71418,5381,2.42,true,""
phase1,27,775,LOW,250,1.20,false,21,18,31206,6597,1.97,true,""
phase1,27,775,MEDIUM,250,1.20,false,21,18,41781,7481,1.74,true,""
phase1,27,775,QUARTILE,250,1.20,false,21,18,53327,5915,2.20,true,""
phase1,27,775,HIGH,250,1.20,false,21,18,67156,8116,1.60,true,""
phase1,27,800,LOW,250,1.20,false,21,17,34218,3517,3.70,true,""
phase1,27,800,MEDIUM,250,1.20,false,21,17,42230,5914,2.20,true,""
phase1,27,800,QUARTILE,250,1.20,false,21,17,57426,4752,2.74,true,""
phase1,27,800,HIGH,250,1.20,false,21,17,71868,7074,1.84,true,""
phase1,27,825,LOW,250,1.20,false,20,17,32070,6571,1.98,true,""
phase1,27,825,MEDIUM,250,1.20,false,20,17,39638,7611,1.71,true,""
phase1,27,825,QUARTILE,250,1.20,false,20,17,54000,4048,3.21,true,""
phase1,27,825,HIGH,250,1.20,false,20,17,67448,5130,2.53,true,""
phase1,27,850,LOW,250,1.20,false,19,16,30931,5357,2.43,true,""
phase1,27,850,MEDIUM,250,1.20,false,19,16,40837,4923,2.64,true,""
phase1,27,850,QUARTILE,250,1.20,false,19,16,52040,4187,3.10,true,""
phase1,27,850,HIGH,250,1.20,false,19,16,68511,3987,3.26,true,""
phase1,27,875,LOW,250,1.20,false,19,16,33007,5261,2.47,true,""
phase1,27,875,MEDIUM,250,1.20,false,19,16,40455,3562,3.65,true,""
phase1,27,875,QUARTILE,250,1.20,false,19,16,54643,4600,2.83,true,""
phase1,27,875,HIGH,250,1.20,false,19,16,67713,4028,3.23,true,""
phase1,27,900,LOW,250,1.20,false,18,15,31582,4456,2.92,true,""
phase1,27,900,MEDIUM,250,1.20,false,18,15,38720,5429,2.39,true,""
phase1,27,900,QUARTILE,250,1.20,false,18,15,52325,3946,3.29,true,""
phase1,27,900,HIGH,250,1.20,false,18,15,68306,3524,3.69,true,""
phase1,27,925,LOW,250,1.20,false,18,15,33781,5253,2.47,true,""
phase1,27,925,MEDIUM,250,1.20,false,18,15,41084,4704,2.76,true,""
phase1,27,925,QUARTILE,250,1.20,false,18,15,55172,3455,3.76,true,""
phase1,27,925,HIGH,250,1.20,false,18,15,67876,4393,2.96,true,""
phase1,27,950,LOW,250,1.20,false,17,15,31093,3581,3.63,true,""
phase1,27,950,MEDIUM,250,1.20,false,17,15,37675,5920,2.20,true,""
phase1,27,950,QUARTILE,250,1.20,false,17,15,50509,3161,4.11,true,""
phase1,27,950,HIGH,250,1.20,false,17,15,65312,4131,3.15,true,""
phase1,27,975,LOW,250,1.20,false,17,14,31943,1800,7.22,true,""
phase1,27,975,MEDIUM,250,1.20,false,17,14,38901,4210,3.09,true,""
phase1,27,975,QUARTILE,250,1.20,false,17,14,55162,4021,3.23,true,""
phase1,27,975,HIGH,250,1.20,false,17,14,70833,4684,2.78,true,""
phase1,27,1000,LOW,250,1.20,false,17,14,33890,6039,2.15,true,""
phase1,27,1000,MEDIUM,250,1.20,false,17,14,41004,5637,2.31,true,""
phase1,27,1000,QUARTILE,250,1.20,false,17,14,54630,3259,3.99,true,""
phase1,27,1000,HIGH,250,1.20,false,17,14,70088,4327,3.00,true,""
phase1,27,1025,LOW,250,1.20,false,16,14,31225,5332,2.44,true,""
phase1,27,1025,MEDIUM,250,1.20,false,16,14,37593,3437,3.78,true,""
phase1,27,1025,QUARTILE,250,1.20,false,16,14,53174,7423,1.75,true,""
phase1,27,1025,HIGH,250,1.20,false,16,14,64307,4459,2.92,true,""
phase1,27,1050,LOW,250,1.20,false,16,13,32226,3349,3.88,true,""
phase1,27,1050,MEDIUM,250,1.20,false,16,13,38903,3337,3.90,true,""
phase1,27,1050,QUARTILE,250,1.20,false,16,13,54812,4919,2.64,true,""
phase1,27,1050,HIGH,250,1.20,false,16,13,69809,7823,1.66,true,""
phase1,27,1075,LOW,250,1.20,false,15,13,29973,10057,1.29,true,""
phase1,27,1075,MEDIUM,250,1.20,false,15,13,38370,11718,1.11,true,""
phase1,27,1075,QUARTILE,250,1.20,false,15,13,51019,3243,4.01,true,""
phase1,27,1075,HIGH,250,1.20,false,15,13,64930,3219,4.04,true,""
phase1,27,1100,LOW,250,1.20,false,15,13,31629,3487,3.73,true,""
phase1,27,1100,MEDIUM,250,1.20,false,15,13,37822,3097,4.20,true,""
phase1,27,1100,QUARTILE,250,1.20,false,15,13,50234,3343,3.89,true,""
phase1,27,1100,HIGH,250,1.20,false,15,13,66825,3190,4.08,true,""
phase1,27,1125,LOW,250,1.20,false,15,12,32256,4324,3.01,true,""
phase1,27,1125,MEDIUM,250,1.20,false,15,12,41103,4524,2.87,true,""
phase1,27,1125,QUARTILE,250,1.20,false,15,12,54145,5133,2.53,true,""
phase1,27,1125,HIGH,250,1.20,false,15,12,68503,3401,3.82,true,""
phase1,27,1150,LOW,250,1.20,false,14,12,30048,4802,2.71,true,""
phase1,27,1150,MEDIUM,250,1.20,false,14,12,38215,3093,4.20,true,""
phase1,27,1150,QUARTILE,250,1.20,false,14,12,50361,3955,3.29,true,""
phase1,27,1150,HIGH,250,1.20,false,14,12,66406,3190,4.08,true,""
phase1,27,1175,LOW,250,1.20,false,14,12,31703,3316,3.92,true,""
phase1,27,1175,MEDIUM,250,1.20,false,14,12,37862,6395,2.03,true,""
phase1,27,1175,QUARTILE,250,1.20,false,14,12,52403,3222,4.03,true,""
phase1,27,1175,HIGH,250,1.20,false,14,12,65701,6574,1.98,true,""
phase1,27,1200,LOW,250,1.20,false,14,12,31220,3203,4.06,true,""
phase1,27,1200,MEDIUM,250,1.20,false,14,12,39595,3217,4.04,true,""
phase1,27,1200,QUARTILE,250,1.20,false,14,12,51444,3104,4.19,true,""
phase1,27,1200,HIGH,250,1.20,false,14,12,64537,4079,3.19,true,""
phase1,27,1225,LOW,250,1.20,false,14,11,32069,3280,3.96,true,""
phase1,27,1225,MEDIUM,250,1.20,false,14,11,40703,3176,4.09,true,""
phase1,27,1225,QUARTILE,250,1.20,false,14,11,55761,2773,4.69,true,""
phase1,27,1225,HIGH,250,1.20,false,14,11,69625,2668,4.87,true,""
phase1,27,1250,LOW,250,1.20,false,13,11,29768,3258,3.99,true,""
phase1,27,1250,MEDIUM,250,1.20,false,13,11,37770,3055,4.26,true,""
phase1,27,1250,QUARTILE,250,1.20,false,13,11,51701,11429,1.14,true,""
phase1,27,1250,HIGH,250,1.20,false,13,11,64475,3209,4.05,true,""
phase1,27,1275,LOW,250,1.20,false,13,11,31349,3261,3.99,true,""
phase1,27,1275,MEDIUM,250,1.20,false,13,11,39752,3046,4.27,true,""
phase1,27,1275,QUARTILE,250,1.20,false,13,11,51386,3157,4.12,true,""
phase1,27,1300,LOW,250,1.20,false,13,11,31013,3501,3.71,true,""
phase1,27,1300,MEDIUM,250,1.20,false,13,11,39346,2782,4.67,true,""
phase1,27,1300,QUARTILE,250,1.20,false,13,11,53315,3053,4.26,true,""
phase1,27,1325,LOW,250,1.20,false,13,11,30551,2457,5.29,true,""
phase1,27,1325,MEDIUM,250,1.20,false,13,11,38718,4453,2.92,true,""
phase1,27,1325,QUARTILE,250,1.20,false,13,11,52328,3446,3.77,true,""
phase1,27,1350,LOW,250,1.20,false,12,10,29191,2882,4.51,true,""
phase1,27,1350,MEDIUM,250,1.20,false,12,10,36929,3297,3.94,true,""
phase1,27,1350,QUARTILE,250,1.20,false,12,10,52428,3199,4.06,true,""
phase1,27,1375,LOW,250,1.20,false,12,10,30881,2683,4.85,true,""
phase1,27,1375,MEDIUM,250,1.20,false,12,10,38932,3204,4.06,true,""
phase1,27,1375,QUARTILE,250,1.20,false,12,10,52349,4306,3.02,true,""
phase1,27,1400,LOW,250,1.20,false,12,10,30749,2773,4.69,true,""
phase1,27,1400,MEDIUM,250,1.20,false,12,10,38783,3035,4.28,true,""
phase1,27,1400,QUARTILE,250,1.20,false,12,10,52062,3243,4.01,true,""
phase1,27,1425,LOW,250,1.20,false,12,10,30507,2703,4.81,true,""
phase1,27,1425,MEDIUM,250,1.20,false,12,10,38417,3926,3.31,true,""
phase1,27,1425,QUARTILE,250,1.20,false,12,10,54051,3068,4.24,true,""
phase1,27,1450,LOW,250,1.20,false,12,10,30176,2912,4.46,true,""
phase1,27,1450,MEDIUM,250,1.20,false,12,10,40121,2865,4.54,true,""
phase1,27,1450,QUARTILE,250,1.20,false,12,10,53364,4497,2.89,true,""
phase1,27,1475,LOW,250,1.20,false,11,10,28813,3346,3.89,true,""
phase1,27,1475,MEDIUM,250,1.20,false,11,10,36037,2700,4.81,true,""
phase1,27,1475,QUARTILE,250,1.20,false,11,10,47740,4332,3.00,true,""
phase1,27,1500,LOW,250,1.20,false,11,9,30133,3311,3.93,true,""
phase1,27,1500,MEDIUM,250,1.20,false,11,9,37700,3284,3.96,true,""
phase1,27,1500,QUARTILE,250,1.20,false,11,9,52462,3094,4.20,true,""
phase1,27,1525,LOW,250,1.20,false,11,9,31967,3082,4.22,true,""
phase1,27,1525,MEDIUM,250,1.20,false,11,9,37686,2692,4.83,true,""
phase1,27,1525,QUARTILE,250,1.20,false,11,9,52429,3476,3.74,true,""
phase1,27,1550,LOW,250,1.20,false,11,9,31887,2710,4.80,true,""
phase1,27,1550,MEDIUM,250,1.20,false,11,9,39477,2720,4.78,true,""
phase1,27,1550,QUARTILE,250,1.20,false,11,9,52214,2778,4.68,true,""
phase1,27,1575,LOW,250,1.20,false,11,9,31690,2703,4.81,true,""
phase1,27,1575,MEDIUM,250,1.20,false,11,9,39231,3329,3.91,true,""
phase1,27,1575,QUARTILE,250,1.20,false,11,9,54197,2896,4.49,true,""
phase1,27,1600,LOW,250,1.20,false,11,9,31477,4197,3.10,true,""
phase1,27,1600,MEDIUM,250,1.20,false,11,9,38899,3410,3.81,true,""
phase1,27,1600,QUARTILE,250,1.20,false,11,9,53753,2670,4.87,true,""
phase1,27,1625,LOW,250,1.20,false,10,9,29933,3270,3.98,true,""
phase1,27,1625,MEDIUM,250,1.20,false,10,9,36646,3077,4.22,true,""
phase1,27,1625,QUARTILE,250,1.20,false,10,9,48176,4335,3.00,true,""
phase1,27,1650,LOW,250,1.20,false,10,9,29496,7143,1.82,true,""
phase1,27,1650,MEDIUM,250,1.20,false,10,9,36120,3902,3.33,true,""
phase1,27,1650,QUARTILE,250,1.20,false,10,9,47285,6928,1.88,true,""
phase1,27,1675,LOW,250,1.20,false,10,8,30785,3184,4.08,true,""
phase1,27,1675,MEDIUM,250,1.20,false,10,8,37949,3162,4.11,true,""
phase1,27,1700,LOW,250,1.20,false,10,8,30764,3848,3.38,true,""
phase1,27,1700,MEDIUM,250,1.20,false,10,8,37933,2705,4.81,true,""
phase1,27,1725,LOW,250,1.20,false,10,8,30780,3831,3.39,true,""
phase1,27,1725,MEDIUM,250,1.20,false,10,8,39772,2835,4.59,true,""
phase1,27,1750,LOW,250,1.20,false,10,8,32418,2826,4.60,true,""
phase1,27,1750,MEDIUM,250,1.20,false,10,8,39541,3625,3.59,true,""
phase1,27,1775,LOW,250,1.20,false,10,8,32270,2822,4.61,true,""
phase1,27,1775,MEDIUM,250,1.20,false,10,8,39411,1649,7.88,true,""
phase1,27,1800,LOW,250,1.20,false,10,8,32063,3076,4.23,true,""
phase1,27,1800,MEDIUM,250,1.20,false,10,8,40904,1852,7.02,true,""
phase1,27,1825,LOW,250,1.20,false,10,8,31833,3095,4.20,true,""
phase1,27,1825,MEDIUM,250,1.20,false,10,8,40641,1502,8.66,true,""
phase1,27,1850,LOW,250,1.20,false,10,8,33272,3764,3.45,true,""
phase1,27,1850,MEDIUM,250,1.20,false,10,8,40345,3064,4.24,true,""
phase1,27,1875,LOW,250,1.20,false,10,8,32898,3043,4.27,true,""
phase1,27,1875,MEDIUM,250,1.20,false,10,8,39844,3451,3.77,true,""
phase1,27,1900,LOW,250,1.20,false,10,8,32364,3010,4.32,true,""
phase1,27,1900,MEDIUM,250,1.20,false,10,8,39156,1963,6.62,true,""
phase1,27,1925,LOW,250,1.20,false,10,7,34311,2372,5.48,true,""
phase1,27,1925,MEDIUM,250,1.20,false,10,7,43711,2824,4.60,true,""
phase1,27,1950,LOW,250,1.20,false,10,7,36083,2584,5.03,true,""
phase1,27,1950,MEDIUM,250,1.20,false,10,7,43667,3034,4.28,true,""
phase1,27,1975,LOW,250,1.20,false,10,7,35999,3322,3.91,true,""
phase1,27,1975,MEDIUM,250,1.20,false,10,7,43619,2363,5.50,true,""
phase1,27,2000,LOW,250,1.20,false,10,7,35960,2758,4.71,true,""
phase1,27,2000,MEDIUM,250,1.20,false,10,7,45557,2672,4.87,true,""
phase1,27,2025,LOW,250,1.20,false,10,7,35871,2705,4.81,true,""
phase1,27,2025,MEDIUM,250,1.20,false,10,7,45454,2394,5.43,true,""
phase1,27,2050,LOW,250,1.20,false,10,7,35785,2465,5.27,true,""
phase1,27,2050,MEDIUM,250,1.20,false,10,7,45272,2536,5.13,true,""
phase1,27,2075,LOW,250,1.20,false,10,7,37189,2350,5.53,true,""
phase1,27,2075,MEDIUM,250,1.20,false,10,7,45046,2351,5.53,true,""
phase1,27,2100,LOW,250,1.20,false,10,7,36995,3146,4.13,true,""
phase1,27,2100,MEDIUM,250,1.20,false,10,7,46856,2606,4.99,true,""
phase1,27,2125,LOW,250,1.20,false,10,7,36792,2779,4.68,true,""
phase1,27,2125,MEDIUM,250,1.20,false,10,7,46603,2409,5.40,true,""
phase1,27,2150,LOW,250,1.20,false,10,7,36443,2757,4.72,true,""
phase1,27,2150,MEDIUM,250,1.20,false,10,7,46123,2367,5.49,true,""
phase1,27,2175,LOW,250,1.20,false,10,7,36103,2359,5.51,true,""
phase1,27,2175,MEDIUM,250,1.20,false,10,7,45555,2388,5.44,true,""
phase1,27,2200,LOW,250,1.20,false,10,7,37815,3060,4.25,true,""
phase1,27,2200,MEDIUM,250,1.20,false,10,7,45016,2748,4.73,true,""
phase1,27,2225,LOW,250,1.20,false,10,6,39808,2861,4.54,true,""
phase1,27,2225,MEDIUM,250,1.20,false,10,6,49747,2372,5.48,true,""
phase1,27,2250,LOW,250,1.20,false,10,6,39829,2631,4.94,true,""
phase1,27,2250,MEDIUM,250,1.20,false,10,6,49758,2722,4.78,true,""
phase1,27,2275,LOW,250,1.20,false,10,6,39821,2452,5.30,true,""
phase1,27,2275,MEDIUM,250,1.20,false,10,6,49768,3178,4.09,true,""
phase1,27,2300,LOW,250,1.20,false,10,6,41672,2466,5.27,true,""
phase1,27,2300,MEDIUM,250,1.20,false,10,6,49739,2590,5.02,true,""
phase1,27,2325,LOW,250,1.20,false,10,6,41599,2486,5.23,true,""
phase1,27,2350,LOW,250,1.20,false,10,6,41561,2982,4.36,true,""
phase1,27,2375,LOW,250,1.20,false,10,6,41503,2010,6.47,true,""
phase1,27,2400,LOW,250,1.20,false,10,6,41402,2697,4.82,true,""
phase1,27,2425,LOW,250,1.20,false,10,6,43267,3031,4.29,true,""
phase1,27,2450,LOW,250,1.20,false,10,6,43103,2131,6.10,true,""
phase1,27,2475,LOW,250,1.20,false,10,6,42966,2665,4.88,true,""
phase1,27,2500,LOW,250,1.20,false,10,6,42763,2734,4.75,true,""
phase1,27,2525,LOW,250,1.20,false,10,6,42609,2787,4.66,true,""
phase1,27,2550,LOW,250,1.20,false,10,6,42233,3017,4.31,true,""
phase1,27,2575,LOW,250,1.20,false,10,6,44081,2033,6.39,true,""
phase1,27,2600,LOW,250,1.20,false,10,6,43717,3089,4.21,true,""
phase1,27,2625,LOW,250,1.20,false,10,6,43350,1564,8.31,true,""
phase1,27,2650,LOW,250,1.20,false,10,6,42891,2478,5.25,true,""
phase1,27,2675,LOW,250,1.20,false,10,5,45694,2785,4.67,true,""
phase1,27,2700,LOW,250,1.20,false,10,5,47716,2746,4.73,true,""
phase1,27,2725,LOW,250,1.20,false,10,5,47715,2913,4.46,true,""
phase1,27,2750,LOW,250,1.20,false,10,5,47695,3079,4.22,true,""
phase1,27,2775,LOW,250,1.20,false,10,5,47726,2951,4.41,true,""
phase1,27,2800,LOW,250,1.20,false,10,5,49717,1824,7.13,true,""
phase1,28,400,LOW,250,1.20,false,41,34,36110,4110,3.16,true,""
phase1,28,400,MEDIUM,250,1.20,false,41,34,43651,6806,1.91,true,""
phase1,28,400,QUARTILE,250,1.20,false,41,34,61589,7939,1.64,true,""
phase1,28,400,HIGH,250,1.20,false,41,34,76880,4453,2.92,true,""
phase1,28,425,LOW,250,1.20,false,38,32,36916,4402,2.95,true,""
phase1,28,425,MEDIUM,250,1.20,false,38,32,44230,10597,1.23,true,""
phase1,28,425,QUARTILE,250,1.20,false,38,32,57121,4933,2.64,true,""
phase1,28,425,HIGH,250,1.20,false,38,32,71326,6499,2.00,true,""
phase1,28,450,LOW,250,1.20,false,36,30,35043,4154,3.13,true,""
phase1,28,450,MEDIUM,250,1.20,false,36,30,45859,6572,1.98,true,""
phase1,28,450,QUARTILE,250,1.20,false,36,30,58673,7610,1.71,true,""
phase1,28,450,HIGH,250,1.20,false,36,30,72478,5883,2.21,true,""
phase1,28,475,LOW,250,1.20,false,34,29,36108,4037,3.22,true,""
phase1,28,475,MEDIUM,250,1.20,false,34,29,43075,5482,2.37,true,""
phase1,28,475,QUARTILE,250,1.20,false,34,29,55013,5361,2.42,true,""
phase1,28,475,HIGH,250,1.20,false,34,29,72682,13631,0.95,true,""
phase1,28,500,LOW,250,1.20,false,33,27,35269,8428,1.54,true,""
phase1,28,500,MEDIUM,250,1.20,false,33,27,45842,7034,1.85,true,""
phase1,28,500,QUARTILE,250,1.20,false,33,27,57856,7904,1.64,true,""
phase1,28,500,HIGH,250,1.20,false,33,27,70987,5923,2.19,true,""
phase1,28,525,LOW,250,1.20,false,31,26,36107,7326,1.77,true,""
phase1,28,525,MEDIUM,250,1.20,false,31,26,43054,11277,1.15,true,""
phase1,28,525,QUARTILE,250,1.20,false,31,26,58290,11040,1.18,true,""
phase1,28,525,HIGH,250,1.20,false,31,26,70902,5343,2.43,true,""
phase1,28,550,LOW,250,1.20,false,30,25,34674,7265,1.79,true,""
phase1,28,550,MEDIUM,250,1.20,false,30,25,44781,4473,2.91,true,""
phase1,28,550,QUARTILE,250,1.20,false,30,25,55921,8701,1.49,true,""
phase1,28,550,HIGH,250,1.20,false,30,25,72228,7694,1.69,true,""
phase1,28,575,LOW,250,1.20,false,28,24,32287,6927,1.88,true,""
phase1,28,575,MEDIUM,250,1.20,false,28,24,41764,4693,2.77,true,""
phase1,28,575,QUARTILE,250,1.20,false,28,24,55820,7916,1.64,true,""
phase1,28,575,HIGH,250,1.20,false,28,24,67265,4401,2.95,true,""
phase1,28,600,LOW,250,1.20,false,27,23,34182,7460,1.74,true,""
phase1,28,600,MEDIUM,250,1.20,false,27,23,40314,5055,2.57,true,""
phase1,28,600,QUARTILE,250,1.20,false,27,23,53884,7456,1.74,true,""
phase1,28,600,HIGH,250,1.20,false,27,23,68949,4888,2.66,true,""
phase1,28,625,LOW,250,1.20,false,26,22,32946,3982,3.26,true,""
phase1,28,625,MEDIUM,250,1.20,false,26,22,42138,6839,1.90,true,""
phase1,28,625,QUARTILE,250,1.20,false,26,22,55630,7021,1.85,true,""
phase1,28,625,HIGH,250,1.20,false,26,22,70822,6164,2.11,true,""
phase1,28,650,LOW,250,1.20,false,25,21,34709,3559,3.65,true,""
phase1,28,650,MEDIUM,250,1.20,false,25,21,40641,7061,1.84,true,""
phase1,28,650,QUARTILE,250,1.20,false,25,21,53692,3955,3.29,true,""
phase1,28,650,HIGH,250,1.20,false,25,21,68302,3730,3.49,true,""
phase1,28,675,LOW,250,1.20,false,24,20,33339,13343,0.97,true,""
phase1,28,675,MEDIUM,250,1.20,false,24,20,42091,16349,0.80,true,""
phase1,28,675,QUARTILE,250,1.20,false,24,20,54904,6285,2.07,true,""
phase1,28,675,HIGH,250,1.20,false,24,20,69727,4199,3.10,true,""
phase1,28,700,LOW,250,1.20,false,23,20,31557,7720,1.68,true,""
phase1,28,700,MEDIUM,250,1.20,false,23,20,39761,3930,3.31,true,""
phase1,28,700,QUARTILE,250,1.20,false,23,20,51892,5208,2.50,true,""
phase1,28,700,HIGH,250,1.20,false,23,20,69806,11146,1.17,true,""
phase1,28,725,LOW,250,1.20,false,23,19,34588,9056,1.44,true,""
phase1,28,725,MEDIUM,250,1.20,false,23,19,43219,12890,1.01,true,""
phase1,28,725,QUARTILE,250,1.20,false,23,19,55780,9640,1.35,true,""
phase1,28,725,HIGH,250,1.20,false,23,19,70503,7055,1.84,true,""
phase1,28,750,LOW,250,1.20,false,22,18,33126,165,78.79,true,""
phase1,28,750,MEDIUM,250,1.20,false,22,18,41404,7721,1.68,true,""
phase1,28,750,QUARTILE,250,1.20,false,22,18,56698,6349,2.05,true,""
phase1,28,750,HIGH,250,1.20,false,22,18,71418,6972,1.86,true,""
phase1,28,775,LOW,250,1.20,false,21,18,31206,5320,2.44,true,""
phase1,28,775,MEDIUM,250,1.20,false,21,18,41781,5077,2.56,true,""
phase1,28,775,QUARTILE,250,1.20,false,21,18,53327,5855,2.22,true,""
phase1,28,775,HIGH,250,1.20,false,21,18,67156,7479,1.74,true,""
phase1,28,800,LOW,250,1.20,false,21,17,34218,4099,3.17,true,""
phase1,28,800,MEDIUM,250,1.20,false,21,17,42230,10717,1.21,true,""
phase1,28,800,QUARTILE,250,1.20,false,21,17,57426,7244,1.79,true,""
phase1,28,800,HIGH,250,1.20,false,21,17,71868,4640,2.80,true,""
phase1,28,825,LOW,250,1.20,false,20,17,32070,7393,1.76,true,""
phase1,28,825,MEDIUM,250,1.20,false,20,17,39638,5665,2.29,true,""
phase1,28,825,QUARTILE,250,1.20,false,20,17,54000,7917,1.64,true,""
phase1,28,825,HIGH,250,1.20,false,20,17,67448,8710,1.49,true,""
phase1,28,850,LOW,250,1.20,false,19,16,30931,6226,2.09,true,""
phase1,28,850,MEDIUM,250,1.20,false,19,16,40837,3908,3.33,true,""
phase1,28,850,QUARTILE,250,1.20,false,19,16,52040,4010,3.24,true,""
phase1,28,850,HIGH,250,1.20,false,19,16,68511,3203,4.06,true,""
phase1,28,875,LOW,250,1.20,false,19,16,33007,3766,3.45,true,""
phase1,28,875,MEDIUM,250,1.20,false,19,16,40455,4619,2.81,true,""
phase1,28,875,QUARTILE,250,1.20,false,19,16,54643,6058,2.15,true,""
phase1,28,875,HIGH,250,1.20,false,19,16,67713,4040,3.22,true,""
phase1,28,900,LOW,250,1.20,false,18,15,31582,4831,2.69,true,""
phase1,28,900,MEDIUM,250,1.20,false,18,15,38720,3291,3.95,true,""
phase1,28,900,QUARTILE,250,1.20,false,18,15,52325,10081,1.29,true,""
phase1,28,900,HIGH,250,1.20,false,18,15,68306,8207,1.58,true,""
phase1,28,925,LOW,250,1.20,false,18,15,33781,7393,1.76,true,""
phase1,28,925,MEDIUM,250,1.20,false,18,15,41084,4069,3.19,true,""
phase1,28,925,QUARTILE,250,1.20,false,18,15,55172,3658,3.55,true,""
phase1,28,925,HIGH,250,1.20,false,18,15,67876,6334,2.05,true,""
phase1,28,950,LOW,250,1.20,false,17,15,31093,4407,2.95,true,""
phase1,28,950,MEDIUM,250,1.20,false,17,15,37675,3694,3.52,true,""
phase1,28,950,QUARTILE,250,1.20,false,17,15,50509,5996,2.17,true,""
phase1,28,950,HIGH,250,1.20,false,17,15,65312,3791,3.43,true,""
phase1,28,975,LOW,250,1.20,false,17,14,31943,4795,2.71,true,""
phase1,28,975,MEDIUM,250,1.20,false,17,14,38901,3403,3.82,true,""
phase1,28,975,QUARTILE,250,1.20,false,17,14,55162,6038,2.15,true,""
phase1,28,975,HIGH,250,1.20,false,17,14,70833,3586,3.63,true,""
phase1,28,1000,LOW,250,1.20,false,17,14,33890,7008,1.86,true,""
phase1,28,1000,MEDIUM,250,1.20,false,17,14,41004,3857,3.37,true,""
phase1,28,1000,QUARTILE,250,1.20,false,17,14,54630,6697,1.94,true,""
phase1,28,1000,HIGH,250,1.20,false,17,14,70088,3279,3.96,true,""
phase1,28,1025,LOW,250,1.20,false,16,14,31225,7763,1.67,true,""
phase1,28,1025,MEDIUM,250,1.20,false,16,14,37593,7109,1.83,true,""
phase1,28,1025,QUARTILE,250,1.20,false,16,14,53174,4403,2.95,true,""
phase1,28,1025,HIGH,250,1.20,false,16,14,64307,3795,3.43,true,""
phase1,28,1050,LOW,250,1.20,false,16,13,32226,4587,2.83,true,""
phase1,28,1050,MEDIUM,250,1.20,false,16,13,38903,5023,2.59,true,""
phase1,28,1050,QUARTILE,250,1.20,false,16,13,54812,5992,2.17,true,""
phase1,28,1050,HIGH,250,1.20,false,16,13,69809,3902,3.33,true,""
phase1,28,1075,LOW,250,1.20,false,15,13,29973,3098,4.20,true,""
phase1,28,1075,MEDIUM,250,1.20,false,15,13,38370,2335,5.57,true,""
phase1,28,1075,QUARTILE,250,1.20,false,15,13,51019,5755,2.26,true,""
phase1,28,1075,HIGH,250,1.20,false,15,13,64930,3403,3.82,true,""
phase1,28,1100,LOW,250,1.20,false,15,13,31629,6173,2.11,true,""
phase1,28,1100,MEDIUM,250,1.20,false,15,13,37822,3136,4.15,true,""
phase1,28,1100,QUARTILE,250,1.20,false,15,13,50234,3302,3.94,true,""
phase1,28,1100,HIGH,250,1.20,false,15,13,66825,4929,2.64,true,""
phase1,28,1125,LOW,250,1.20,false,15,12,32256,5118,2.54,true,""
phase1,28,1125,MEDIUM,250,1.20,false,15,12,41103,2610,4.98,true,""
phase1,28,1125,QUARTILE,250,1.20,false,15,12,54145,2402,5.41,true,""
phase1,28,1125,HIGH,250,1.20,false,15,12,68503,5743,2.26,true,""
phase1,28,1150,LOW,250,1.20,false,14,12,30048,3557,3.65,true,""
phase1,28,1150,MEDIUM,250,1.20,false,14,12,38215,4163,3.12,true,""
phase1,28,1150,QUARTILE,250,1.20,false,14,12,50361,4756,2.73,true,""
phase1,28,1150,HIGH,250,1.20,false,14,12,66406,4156,3.13,true,""
phase1,28,1175,LOW,250,1.20,false,14,12,31703,6234,2.09,true,""
phase1,28,1175,MEDIUM,250,1.20,false,14,12,37862,3114,4.17,true,""
phase1,28,1175,QUARTILE,250,1.20,false,14,12,52403,3950,3.29,true,""
phase1,28,1175,HIGH,250,1.20,false,14,12,65701,4012,3.24,true,""
phase1,28,1200,LOW,250,1.20,false,14,12,31220,5622,2.31,true,""
phase1,28,1200,MEDIUM,250,1.20,false,14,12,39595,3565,3.65,true,""
phase1,28,1200,QUARTILE,250,1.20,false,14,12,51444,3021,4.30,true,""
phase1,28,1200,HIGH,250,1.20,false,14,12,64537,5198,2.50,true,""
phase1,28,1225,LOW,250,1.20,false,14,11,32069,2663,4.88,true,""
phase1,28,1225,MEDIUM,250,1.20,false,14,11,40703,2830,4.59,true,""
phase1,28,1225,QUARTILE,250,1.20,false,14,11,55761,3798,3.42,true,""
phase1,28,1225,HIGH,250,1.20,false,14,11,69625,4120,3.16,true,""
phase1,28,1250,LOW,250,1.20,false,13,11,29768,1877,6.93,true,""
phase1,28,1250,MEDIUM,250,1.20,false,13,11,37770,6326,2.06,true,""
phase1,28,1250,QUARTILE,250,1.20,false,13,11,51701,5436,2.39,true,""
phase1,28,1250,HIGH,250,1.20,false,13,11,64475,4886,2.66,true,""
phase1,28,1275,LOW,250,1.20,false,13,11,31349,7024,1.85,true,""
phase1,28,1275,MEDIUM,250,1.20,false,13,11,39752,2500,5.20,true,""
phase1,28,1275,QUARTILE,250,1.20,false,13,11,51386,2722,4.78,true,""
phase1,28,1300,LOW,250,1.20,false,13,11,31013,2525,5.15,true,""
phase1,28,1300,MEDIUM,250,1.20,false,13,11,39346,2592,5.02,true,""
phase1,28,1300,QUARTILE,250,1.20,false,13,11,53315,2730,4.76,true,""
phase1,28,1325,LOW,250,1.20,false,13,11,30551,23164,0.56,true,""
phase1,28,1325,MEDIUM,250,1.20,false,13,11,38718,2388,5.44,true,""
phase1,28,1325,QUARTILE,250,1.20,false,13,11,52328,4103,3.17,true,""
phase1,28,1350,LOW,250,1.20,false,12,10,29191,3739,3.48,true,""
phase1,28,1350,MEDIUM,250,1.20,false,12,10,36929,5481,2.37,true,""
phase1,28,1350,QUARTILE,250,1.20,false,12,10,52428,3505,3.71,true,""
phase1,28,1375,LOW,250,1.20,false,12,10,30881,1867,6.96,true,""
phase1,28,1375,MEDIUM,250,1.20,false,12,10,38932,3094,4.20,true,""
phase1,28,1375,QUARTILE,250,1.20,false,12,10,52349,3120,4.17,true,""
phase1,28,1400,LOW,250,1.20,false,12,10,30749,2475,5.25,true,""
phase1,28,1400,MEDIUM,250,1.20,false,12,10,38783,4165,3.12,true,""
phase1,28,1400,QUARTILE,250,1.20,false,12,10,52062,5629,2.31,true,""
phase1,28,1425,LOW,250,1.20,false,12,10,30507,3499,3.72,true,""
phase1,28,1425,MEDIUM,250,1.20,false,12,10,38417,2899,4.48,true,""
phase1,28,1425,QUARTILE,250,1.20,false,12,10,54051,3969,3.28,true,""
phase1,28,1450,LOW,250,1.20,false,12,10,30176,3193,4.07,true,""
phase1,28,1450,MEDIUM,250,1.20,false,12,10,40121,2493,5.21,true,""
phase1,28,1450,QUARTILE,250,1.20,false,12,10,53364,2953,4.40,true,""
phase1,28,1475,LOW,250,1.20,false,11,10,28813,3428,3.79,true,""
phase1,28,1475,MEDIUM,250,1.20,false,11,10,36037,1808,7.19,true,""
phase1,28,1475,QUARTILE,250,1.20,false,11,10,47740,6617,1.96,true,""
phase1,28,1500,LOW,250,1.20,false,11,9,30133,4439,2.93,true,""
phase1,28,1500,MEDIUM,250,1.20,false,11,9,37700,3613,3.60,true,""
phase1,28,1500,QUARTILE,250,1.20,false,11,9,52462,2698,4.82,true,""
phase1,28,1525,LOW,250,1.20,false,11,9,31967,2860,4.55,true,""
phase1,28,1525,MEDIUM,250,1.20,false,11,9,37686,4028,3.23,true,""
phase1,28,1525,QUARTILE,250,1.20,false,11,9,52429,1691,7.69,true,""
phase1,28,1550,LOW,250,1.20,false,11,9,31887,3808,3.41,true,""
phase1,28,1550,MEDIUM,250,1.20,false,11,9,39477,2936,4.43,true,""
phase1,28,1550,QUARTILE,250,1.20,false,11,9,52214,3354,3.88,true,""
phase1,28,1575,LOW,250,1.20,false,11,9,31690,3425,3.80,true,""
phase1,28,1575,MEDIUM,250,1.20,false,11,9,39231,2821,4.61,true,""
phase1,28,1575,QUARTILE,250,1.20,false,11,9,54197,2569,5.06,true,""
phase1,28,1600,LOW,250,1.20,false,11,9,31477,3342,3.89,true,""
phase1,28,1600,MEDIUM,250,1.20,false,11,9,38899,1857,7.00,true,""
phase1,28,1600,QUARTILE,250,1.20,false,11,9,53753,3934,3.30,true,""
phase1,28,1625,LOW,250,1.20,false,10,9,29933,3374,3.85,true,""
phase1,28,1625,MEDIUM,250,1.20,false,10,9,36646,3021,4.30,true,""
phase1,28,1625,QUARTILE,250,1.20,false,10,9,48176,3534,3.68,true,""
phase1,28,1650,LOW,250,1.20,false,10,9,29496,2392,5.43,true,""
phase1,28,1650,MEDIUM,250,1.20,false,10,9,36120,4441,2.93,true,""
phase1,28,1650,QUARTILE,250,1.20,false,10,9,47285,3783,3.44,true,""
phase1,28,1675,LOW,250,1.20,false,10,8,30785,3741,3.48,true,""
phase1,28,1675,MEDIUM,250,1.20,false,10,8,37949,2385,5.45,true,""
phase1,28,1700,LOW,250,1.20,false,10,8,30764,4306,3.02,true,""
phase1,28,1700,MEDIUM,250,1.20,false,10,8,37933,4825,2.69,true,""
phase1,28,1725,LOW,250,1.20,false,10,8,30780,3611,3.60,true,""
phase1,28,1725,MEDIUM,250,1.20,false,10,8,39772,3963,3.28,true,""
phase1,28,1750,LOW,250,1.20,false,10,8,32418,3543,3.67,true,""
phase1,28,1750,MEDIUM,250,1.20,false,10,8,39541,2534,5.13,true,""
phase1,28,1775,LOW,250,1.20,false,10,8,32270,3807,3.41,true,""
phase1,28,1775,MEDIUM,250,1.20,false,10,8,39411,1915,6.79,true,""
phase1,28,1800,LOW,250,1.20,false,10,8,32063,3152,4.12,true,""
phase1,28,1800,MEDIUM,250,1.20,false,10,8,40904,3219,4.04,true,""
phase1,28,1825,LOW,250,1.20,false,10,8,31833,3864,3.36,true,""
phase1,28,1825,MEDIUM,250,1.20,false,10,8,40641,4309,3.02,true,""
phase1,28,1850,LOW,250,1.20,false,10,8,33272,3106,4.19,true,""
phase1,28,1850,MEDIUM,250,1.20,false,10,8,40345,4788,2.72,true,""
phase1,28,1875,LOW,250,1.20,false,10,8,32898,2704,4.81,true,""
phase1,28,1875,MEDIUM,250,1.20,false,10,8,39844,16160,0.80,true,""
phase1,28,1900,LOW,250,1.20,false,10,8,32364,872,14.91,true,""
phase1,28,1900,MEDIUM,250,1.20,false,10,8,39156,738,17.62,true,""
phase1,28,1925,LOW,250,1.20,false,10,7,34311,1934,6.72,true,""
phase1,28,1925,MEDIUM,250,1.20,false,10,7,43711,2683,4.85,true,""
phase1,28,1950,LOW,250,1.20,false,10,7,36083,2450,5.31,true,""
phase1,28,1950,MEDIUM,250,1.20,false,10,7,43667,2548,5.10,true,""
phase1,28,1975,LOW,250,1.20,false,10,7,35999,2652,4.90,true,""
phase1,28,1975,MEDIUM,250,1.20,false,10,7,43619,2710,4.80,true,""
phase1,28,2000,LOW,250,1.20,false,10,7,35960,2561,5.08,true,""
phase1,28,2000,MEDIUM,250,1.20,false,10,7,45557,2916,4.46,true,""
phase1,28,2025,LOW,250,1.20,false,10,7,35871,2917,4.46,true,""
phase1,28,2025,MEDIUM,250,1.20,false,10,7,45454,2856,4.55,true,""
phase1,28,2050,LOW,250,1.20,false,10,7,35785,2519,5.16,true,""
phase1,28,2050,MEDIUM,250,1.20,false,10,7,45272,3359,3.87,true,""
phase1,28,2075,LOW,250,1.20,false,10,7,37189,3180,4.09,true,""
phase1,28,2075,MEDIUM,250,1.20,false,10,7,45046,2488,5.23,true,""
phase1,28,2100,LOW,250,1.20,false,10,7,36995,2689,4.83,true,""
phase1,28,2100,MEDIUM,250,1.20,false,10,7,46856,3119,4.17,true,""
phase1,28,2125,LOW,250,1.20,false,10,7,36792,2533,5.13,true,""
phase1,28,2125,MEDIUM,250,1.20,false,10,7,46603,2531,5.14,true,""
phase1,28,2150,LOW,250,1.20,false,10,7,36443,2947,4.41,true,""
phase1,28,2150,MEDIUM,250,1.20,false,10,7,46123,3021,4.30,true,""
phase1,28,2175,LOW,250,1.20,false,10,7,36103,2979,4.36,true,""
phase1,28,2175,MEDIUM,250,1.20,false,10,7,45555,2510,5.18,true,""
phase1,28,2200,LOW,250,1.20,false,10,7,37815,2279,5.70,true,""
phase1,28,2200,MEDIUM,250,1.20,false,10,7,45016,2958,4.39,true,""
phase1,28,2225,LOW,250,1.20,false,10,6,39808,3844,3.38,true,""
phase1,28,2225,MEDIUM,250,1.20,false,10,6,49747,930,13.98,true,""
phase1,28,2250,LOW,250,1.20,false,10,6,39829,2661,4.89,true,""
phase1,28,2250,MEDIUM,250,1.20,false,10,6,49758,2466,5.27,true,""
phase1,28,2275,LOW,250,1.20,false,10,6,39821,3363,3.87,true,""
phase1,28,2275,MEDIUM,250,1.20,false,10,6,49768,1822,7.14,true,""
phase1,28,2300,LOW,250,1.20,false,10,6,41672,2640,4.92,true,""
phase1,28,2300,MEDIUM,250,1.20,false,10,6,49739,2520,5.16,true,""
phase1,28,2325,LOW,250,1.20,false,10,6,41599,2428,5.35,true,""
phase1,28,2350,LOW,250,1.20,false,10,6,41561,2878,4.52,true,""
phase1,28,2375,LOW,250,1.20,false,10,6,41503,2927,4.44,true,""
phase1,28,2400,LOW,250,1.20,false,10,6,41402,2540,5.12,true,""
phase1,28,2425,LOW,250,1.20,false,10,6,43267,2463,5.28,true,""
phase1,28,2450,LOW,250,1.20,false,10,6,43103,5792,2.24,true,""
phase1,28,2475,LOW,250,1.20,false,10,6,42966,2694,4.83,true,""
phase1,28,2500,LOW,250,1.20,false,10,6,42763,2566,5.07,true,""
phase1,28,2525,LOW,250,1.20,false,10,6,42609,2715,4.79,true,""
phase1,28,2550,LOW,250,1.20,false,10,6,42233,3218,4.04,true,""
phase1,28,2575,LOW,250,1.20,false,10,6,44081,3006,4.32,true,""
phase1,28,2600,LOW,250,1.20,false,10,6,43717,1597,8.14,true,""
phase1,28,2625,LOW,250,1.20,false,10,6,43350,2990,4.35,true,""
phase1,28,2650,LOW,250,1.20,false,10,6,42891,1247,10.43,true,""
phase1,28,2675,LOW,250,1.20,false,10,5,45694,1662,7.82,true,""
phase1,28,2700,LOW,250,1.20,false,10,5,47716,2735,4.75,true,""
phase1,28,2725,LOW,250,1.20,false,10,5,47715,1558,8.34,true,""
phase1,28,2750,LOW,250,1.20,false,10,5,47695,2850,4.56,true,""
phase1,28,2775,LOW,250,1.20,false,10,5,47726,3428,3.79,true,""
phase1,28,2800,LOW,250,1.20,false,10,5,49717,2449,5.31,true,""
phase1,29,400,LOW,250,1.20,false,41,34,36110,2376,5.47,true,""
phase1,29,400,MEDIUM,250,1.20,false,41,34,43651,4119,3.16,true,""
phase1,29,400,QUARTILE,250,1.20,false,41,34,61589,5128,2.54,true,""
phase1,29,400,HIGH,250,1.20,false,41,34,76880,4172,3.12,true,""
phase1,29,425,LOW,250,1.20,false,38,32,36916,6680,1.95,true,""
phase1,29,425,MEDIUM,250,1.20,false,38,32,44230,4668,2.78,true,""
phase1,29,425,QUARTILE,250,1.20,false,38,32,57121,2802,4.64,true,""
phase1,29,425,HIGH,250,1.20,false,38,32,71326,5155,2.52,true,""
phase1,29,450,LOW,250,1.20,false,36,30,35043,4564,2.85,true,""
phase1,29,450,MEDIUM,250,1.20,false,36,30,45859,4428,2.94,true,""
phase1,29,450,QUARTILE,250,1.20,false,36,30,58673,4699,2.77,true,""
phase1,29,450,HIGH,250,1.20,false,36,30,72478,6843,1.90,true,""
phase1,29,475,LOW,250,1.20,false,34,29,36108,4639,2.80,true,""
phase1,29,475,MEDIUM,250,1.20,false,34,29,43075,5982,2.17,true,""
phase1,29,475,QUARTILE,250,1.20,false,34,29,55013,5291,2.46,true,""
phase1,29,475,HIGH,250,1.20,false,34,29,72682,2721,4.78,true,""
phase1,29,500,LOW,250,1.20,false,33,27,35269,4227,3.08,true,""
phase1,29,500,MEDIUM,250,1.20,false,33,27,45842,5957,2.18,true,""
phase1,29,500,QUARTILE,250,1.20,false,33,27,57856,3773,3.45,true,""
phase1,29,500,HIGH,250,1.20,false,33,27,70987,5161,2.52,true,""
phase1,29,525,LOW,250,1.20,false,31,26,36107,9309,1.40,true,""
phase1,29,525,MEDIUM,250,1.20,false,31,26,43054,6982,1.86,true,""
phase1,29,525,QUARTILE,250,1.20,false,31,26,58290,6331,2.05,true,""
phase1,29,525,HIGH,250,1.20,false,31,26,70902,10618,1.22,true,""
phase1,29,550,LOW,250,1.20,false,30,25,34674,5382,2.42,true,""
phase1,29,550,MEDIUM,250,1.20,false,30,25,44781,8855,1.47,true,""
phase1,29,550,QUARTILE,250,1.20,false,30,25,55921,10638,1.22,true,""
phase1,29,550,HIGH,250,1.20,false,30,25,72228,7534,1.73,true,""
phase1,29,575,LOW,250,1.20,false,28,24,32287,11349,1.15,true,""
phase1,29,575,MEDIUM,250,1.20,false,28,24,41764,12887,1.01,true,""
phase1,29,575,QUARTILE,250,1.20,false,28,24,55820,5650,2.30,true,""
phase1,29,575,HIGH,250,1.20,false,28,24,67265,5436,2.39,true,""
phase1,29,600,LOW,250,1.20,false,27,23,34182,6334,2.05,true,""
phase1,29,600,MEDIUM,250,1.20,false,27,23,40314,8320,1.56,true,""
phase1,29,600,QUARTILE,250,1.20,false,27,23,53884,6725,1.93,true,""
phase1,29,600,HIGH,250,1.20,false,27,23,68949,4481,2.90,true,""
phase1,29,625,LOW,250,1.20,false,26,22,32946,8947,1.45,true,""
phase1,29,625,MEDIUM,250,1.20,false,26,22,42138,4311,3.02,true,""
phase1,29,625,QUARTILE,250,1.20,false,26,22,55630,9805,1.33,true,""
phase1,29,625,HIGH,250,1.20,false,26,22,70822,8104,1.60,true,""
phase1,29,650,LOW,250,1.20,false,25,21,34709,8910,1.46,true,""
phase1,29,650,MEDIUM,250,1.20,false,25,21,40641,10452,1.24,true,""
phase1,29,650,QUARTILE,250,1.20,false,25,21,53692,5029,2.59,true,""
phase1,29,650,HIGH,250,1.20,false,25,21,68302,3672,3.54,true,""
phase1,29,675,LOW,250,1.20,false,24,20,33339,16754,0.78,true,""
phase1,29,675,MEDIUM,250,1.20,false,24,20,42091,11515,1.13,true,""
phase1,29,675,QUARTILE,250,1.20,false,24,20,54904,10673,1.22,true,""
phase1,29,675,HIGH,250,1.20,false,24,20,69727,7275,1.79,true,""
phase1,29,700,LOW,250,1.20,false,23,20,31557,7412,1.75,true,""
phase1,29,700,MEDIUM,250,1.20,false,23,20,39761,3880,3.35,true,""
phase1,29,700,QUARTILE,250,1.20,false,23,20,51892,11077,1.17,true,""
phase1,29,700,HIGH,250,1.20,false,23,20,69806,4063,3.20,true,""
phase1,29,725,LOW,250,1.20,false,23,19,34588,3493,3.72,true,""
phase1,29,725,MEDIUM,250,1.20,false,23,19,43219,9474,1.37,true,""
phase1,29,725,QUARTILE,250,1.20,false,23,19,55780,3785,3.43,true,""
phase1,29,725,HIGH,250,1.20,false,23,19,70503,12582,1.03,true,""
phase1,29,750,LOW,250,1.20,false,22,18,33126,5716,2.27,true,""
phase1,29,750,MEDIUM,250,1.20,false,22,18,41404,6526,1.99,true,""
phase1,29,750,QUARTILE,250,1.20,false,22,18,56698,9335,1.39,true,""
phase1,29,750,HIGH,250,1.20,false,22,18,71418,4383,2.97,true,""
phase1,29,775,LOW,250,1.20,false,21,18,31206,5112,2.54,true,""
phase1,29,775,MEDIUM,250,1.20,false,21,18,41781,5245,2.48,true,""
phase1,29,775,QUARTILE,250,1.20,false,21,18,53327,10576,1.23,true,""
phase1,29,775,HIGH,250,1.20,false,21,18,67156,5973,2.18,true,""
phase1,29,800,LOW,250,1.20,false,21,17,34218,5358,2.43,true,""
phase1,29,800,MEDIUM,250,1.20,false,21,17,42230,3570,3.64,true,""
phase1,29,800,QUARTILE,250,1.20,false,21,17,57426,5667,2.29,true,""
phase1,29,800,HIGH,250,1.20,false,21,17,71868,5424,2.40,true,""
phase1,29,825,LOW,250,1.20,false,20,17,32070,5833,2.23,true,""
phase1,29,825,MEDIUM,250,1.20,false,20,17,39638,3361,3.87,true,""
phase1,29,825,QUARTILE,250,1.20,false,20,17,54000,3691,3.52,true,""
phase1,29,825,HIGH,250,1.20,false,20,17,67448,4924,2.64,true,""
phase1,29,850,LOW,250,1.20,false,19,16,30931,2824,4.60,true,""
phase1,29,850,MEDIUM,250,1.20,false,19,16,40837,3291,3.95,true,""
phase1,29,850,QUARTILE,250,1.20,false,19,16,52040,4285,3.03,true,""
phase1,29,850,HIGH,250,1.20,false,19,16,68511,3935,3.30,true,""
phase1,29,875,LOW,250,1.20,false,19,16,33007,4486,2.90,true,""
phase1,29,875,MEDIUM,250,1.20,false,19,16,40455,2540,5.12,true,""
phase1,29,875,QUARTILE,250,1.20,false,19,16,54643,3498,3.72,true,""
phase1,29,875,HIGH,250,1.20,false,19,16,67713,5359,2.43,true,""
phase1,29,900,LOW,250,1.20,false,18,15,31582,3980,3.27,true,""
phase1,29,900,MEDIUM,250,1.20,false,18,15,38720,4568,2.85,true,""
phase1,29,900,QUARTILE,250,1.20,false,18,15,52325,4466,2.91,true,""
phase1,29,900,HIGH,250,1.20,false,18,15,68306,3723,3.49,true,""
phase1,29,925,LOW,250,1.20,false,18,15,33781,3363,3.87,true,""
phase1,29,925,MEDIUM,250,1.20,false,18,15,41084,5808,2.24,true,""
phase1,29,925,QUARTILE,250,1.20,false,18,15,55172,5351,2.43,true,""
phase1,29,925,HIGH,250,1.20,false,18,15,67876,4258,3.05,true,""
phase1,29,950,LOW,250,1.20,false,17,15,31093,1733,7.50,true,""
phase1,29,950,MEDIUM,250,1.20,false,17,15,37675,3325,3.91,true,""
phase1,29,950,QUARTILE,250,1.20,false,17,15,50509,5131,2.53,true,""
phase1,29,950,HIGH,250,1.20,false,17,15,65312,3580,3.63,true,""
phase1,29,975,LOW,250,1.20,false,17,14,31943,4081,3.19,true,""
phase1,29,975,MEDIUM,250,1.20,false,17,14,38901,2514,5.17,true,""
phase1,29,975,QUARTILE,250,1.20,false,17,14,55162,7050,1.84,true,""
phase1,29,975,HIGH,250,1.20,false,17,14,70833,5743,2.26,true,""
phase1,29,1000,LOW,250,1.20,false,17,14,33890,4454,2.92,true,""
phase1,29,1000,MEDIUM,250,1.20,false,17,14,41004,6312,2.06,true,""
phase1,29,1000,QUARTILE,250,1.20,false,17,14,54630,4447,2.92,true,""
phase1,29,1000,HIGH,250,1.20,false,17,14,70088,6038,2.15,true,""
phase1,29,1025,LOW,250,1.20,false,16,14,31225,3774,3.44,true,""
phase1,29,1025,MEDIUM,250,1.20,false,16,14,37593,4261,3.05,true,""
phase1,29,1025,QUARTILE,250,1.20,false,16,14,53174,1707,7.62,true,""
phase1,29,1025,HIGH,250,1.20,false,16,14,64307,5447,2.39,true,""
phase1,29,1050,LOW,250,1.20,false,16,13,32226,4153,3.13,true,""
phase1,29,1050,MEDIUM,250,1.20,false,16,13,38903,4305,3.02,true,""
phase1,29,1050,QUARTILE,250,1.20,false,16,13,54812,2119,6.13,true,""
phase1,29,1050,HIGH,250,1.20,false,16,13,69809,3912,3.32,true,""
phase1,29,1075,LOW,250,1.20,false,15,13,29973,3709,3.50,true,""
phase1,29,1075,MEDIUM,250,1.20,false,15,13,38370,2715,4.79,true,""
phase1,29,1075,QUARTILE,250,1.20,false,15,13,51019,3739,3.48,true,""
phase1,29,1075,HIGH,250,1.20,false,15,13,64930,5301,2.45,true,""
phase1,29,1100,LOW,250,1.20,false,15,13,31629,2753,4.72,true,""
phase1,29,1100,MEDIUM,250,1.20,false,15,13,37822,3069,4.24,true,""
phase1,29,1100,QUARTILE,250,1.20,false,15,13,50234,5130,2.53,true,""
phase1,29,1100,HIGH,250,1.20,false,15,13,66825,3348,3.88,true,""
phase1,29,1125,LOW,250,1.20,false,15,12,32256,1509,8.61,true,""
phase1,29,1125,MEDIUM,250,1.20,false,15,12,41103,2710,4.80,true,""
phase1,29,1125,QUARTILE,250,1.20,false,15,12,54145,2872,4.53,true,""
phase1,29,1125,HIGH,250,1.20,false,15,12,68503,2728,4.77,true,""
phase1,29,1150,LOW,250,1.20,false,14,12,30048,1940,6.70,true,""
phase1,29,1150,MEDIUM,250,1.20,false,14,12,38215,2246,5.79,true,""
phase1,29,1150,QUARTILE,250,1.20,false,14,12,50361,2606,4.99,true,""
phase1,29,1150,HIGH,250,1.20,false,14,12,66406,2217,5.86,true,""
phase1,29,1175,LOW,250,1.20,false,14,12,31703,2237,5.81,true,""
phase1,29,1175,MEDIUM,250,1.20,false,14,12,37862,4118,3.16,true,""
phase1,29,1175,QUARTILE,250,1.20,false,14,12,52403,3821,3.40,true,""
phase1,29,1175,HIGH,250,1.20,false,14,12,65701,4957,2.62,true,""
phase1,29,1200,LOW,250,1.20,false,14,12,31220,2641,4.92,true,""
phase1,29,1200,MEDIUM,250,1.20,false,14,12,39595,4626,2.81,true,""
phase1,29,1200,QUARTILE,250,1.20,false,14,12,51444,3342,3.89,true,""
phase1,29,1200,HIGH,250,1.20,false,14,12,64537,3125,4.16,true,""
phase1,29,1225,LOW,250,1.20,false,14,11,32069,3630,3.58,true,""
phase1,29,1225,MEDIUM,250,1.20,false,14,11,40703,2522,5.15,true,""
phase1,29,1225,QUARTILE,250,1.20,false,14,11,55761,2478,5.25,true,""
phase1,29,1225,HIGH,250,1.20,false,14,11,69625,6194,2.10,true,""
phase1,29,1250,LOW,250,1.20,false,13,11,29768,2988,4.35,true,""
phase1,29,1250,MEDIUM,250,1.20,false,13,11,37770,4009,3.24,true,""
phase1,29,1250,QUARTILE,250,1.20,false,13,11,51701,4489,2.90,true,""
phase1,29,1250,HIGH,250,1.20,false,13,11,64475,2848,4.56,true,""
phase1,29,1275,LOW,250,1.20,false,13,11,31349,3931,3.31,true,""
phase1,29,1275,MEDIUM,250,1.20,false,13,11,39752,4403,2.95,true,""
phase1,29,1275,QUARTILE,250,1.20,false,13,11,51386,4471,2.91,true,""
phase1,29,1300,LOW,250,1.20,false,13,11,31013,2589,5.02,true,""
phase1,29,1300,MEDIUM,250,1.20,false,13,11,39346,10220,1.27,true,""
phase1,29,1300,QUARTILE,250,1.20,false,13,11,53315,6888,1.89,true,""
phase1,29,1325,LOW,250,1.20,false,13,11,30551,3324,3.91,true,""
phase1,29,1325,MEDIUM,250,1.20,false,13,11,38718,3205,4.06,true,""
phase1,29,1325,QUARTILE,250,1.20,false,13,11,52328,3421,3.80,true,""
phase1,29,1350,LOW,250,1.20,false,12,10,29191,3620,3.59,true,""
phase1,29,1350,MEDIUM,250,1.20,false,12,10,36929,2874,4.52,true,""
phase1,29,1350,QUARTILE,250,1.20,false,12,10,52428,3399,3.82,true,""
phase1,29,1375,LOW,250,1.20,false,12,10,30881,3513,3.70,true,""
phase1,29,1375,MEDIUM,250,1.20,false,12,10,38932,3071,4.23,true,""
phase1,29,1375,QUARTILE,250,1.20,false,12,10,52349,2531,5.14,true,""
phase1,29,1400,LOW,250,1.20,false,12,10,30749,4480,2.90,true,""
phase1,29,1400,MEDIUM,250,1.20,false,12,10,38783,3357,3.87,true,""
phase1,29,1400,QUARTILE,250,1.20,false,12,10,52062,2189,5.94,true,""
phase1,29,1425,LOW,250,1.20,false,12,10,30507,2215,5.87,true,""
phase1,29,1425,MEDIUM,250,1.20,false,12,10,38417,2484,5.23,true,""
phase1,29,1425,QUARTILE,250,1.20,false,12,10,54051,3244,4.01,true,""
phase1,29,1450,LOW,250,1.20,false,12,10,30176,5007,2.60,true,""
phase1,29,1450,MEDIUM,250,1.20,false,12,10,40121,3919,3.32,true,""
phase1,29,1450,QUARTILE,250,1.20,false,12,10,53364,3366,3.86,true,""
phase1,29,1475,LOW,250,1.20,false,11,10,28813,3427,3.79,true,""
phase1,29,1475,MEDIUM,250,1.20,false,11,10,36037,5735,2.27,true,""
phase1,29,1475,QUARTILE,250,1.20,false,11,10,47740,3657,3.55,true,""
phase1,29,1500,LOW,250,1.20,false,11,9,30133,2237,5.81,true,""
phase1,29,1500,MEDIUM,250,1.20,false,11,9,37700,2176,5.97,true,""
phase1,29,1500,QUARTILE,250,1.20,false,11,9,52462,2523,5.15,true,""
phase1,29,1525,LOW,250,1.20,false,11,9,31967,2770,4.69,true,""
phase1,29,1525,MEDIUM,250,1.20,false,11,9,37686,2581,5.04,true,""
phase1,29,1525,QUARTILE,250,1.20,false,11,9,52429,4517,2.88,true,""
phase1,29,1550,LOW,250,1.20,false,11,9,31887,2719,4.78,true,""
phase1,29,1550,MEDIUM,250,1.20,false,11,9,39477,3409,3.81,true,""
phase1,29,1550,QUARTILE,250,1.20,false,11,9,52214,3008,4.32,true,""
phase1,29,1575,LOW,250,1.20,false,11,9,31690,3561,3.65,true,""
phase1,29,1575,MEDIUM,250,1.20,false,11,9,39231,3688,3.52,true,""
phase1,29,1575,QUARTILE,250,1.20,false,11,9,54197,3075,4.23,true,""
phase1,29,1600,LOW,250,1.20,false,11,9,31477,3628,3.58,true,""
phase1,29,1600,MEDIUM,250,1.20,false,11,9,38899,2055,6.33,true,""
phase1,29,1600,QUARTILE,250,1.20,false,11,9,53753,4425,2.94,true,""
phase1,29,1625,LOW,250,1.20,false,10,9,29933,1733,7.50,true,""
phase1,29,1625,MEDIUM,250,1.20,false,10,9,36646,3142,4.14,true,""
phase1,29,1625,QUARTILE,250,1.20,false,10,9,48176,3390,3.83,true,""
phase1,29,1650,LOW,250,1.20,false,10,9,29496,4646,2.80,true,""
phase1,29,1650,MEDIUM,250,1.20,false,10,9,36120,3878,3.35,true,""
phase1,29,1650,QUARTILE,250,1.20,false,10,9,47285,4603,2.82,true,""
phase1,29,1675,LOW,250,1.20,false,10,8,30785,3197,4.07,true,""
phase1,29,1675,MEDIUM,250,1.20,false,10,8,37949,2926,4.44,true,""
phase1,29,1700,LOW,250,1.20,false,10,8,30764,2200,5.91,true,""
phase1,29,1700,MEDIUM,250,1.20,false,10,8,37933,3423,3.80,true,""
phase1,29,1725,LOW,250,1.20,false,10,8,30780,2102,6.18,true,""
phase1,29,1725,MEDIUM,250,1.20,false,10,8,39772,2791,4.66,true,""
phase1,29,1750,LOW,250,1.20,false,10,8,32418,2712,4.79,true,""
phase1,29,1750,MEDIUM,250,1.20,false,10,8,39541,3051,4.26,true,""
phase1,29,1775,LOW,250,1.20,false,10,8,32270,2943,4.42,true,""
phase1,29,1775,MEDIUM,250,1.20,false,10,8,39411,3047,4.27,true,""
phase1,29,1800,LOW,250,1.20,false,10,8,32063,2291,5.67,true,""
phase1,29,1800,MEDIUM,250,1.20,false,10,8,40904,2419,5.37,true,""
phase1,29,1825,LOW,250,1.20,false,10,8,31833,3122,4.16,true,""
phase1,29,1825,MEDIUM,250,1.20,false,10,8,40641,2761,4.71,true,""
phase1,29,1850,LOW,250,1.20,false,10,8,33272,2859,4.55,true,""
phase1,29,1850,MEDIUM,250,1.20,false,10,8,40345,2973,4.37,true,""
phase1,29,1875,LOW,250,1.20,false,10,8,32898,2951,4.41,true,""
phase1,29,1875,MEDIUM,250,1.20,false,10,8,39844,2405,5.41,true,""
phase1,29,1900,LOW,250,1.20,false,10,8,32364,2592,5.02,true,""
phase1,29,1900,MEDIUM,250,1.20,false,10,8,39156,3328,3.91,true,""
phase1,29,1925,LOW,250,1.20,false,10,7,34311,2172,5.99,true,""
phase1,29,1925,MEDIUM,250,1.20,false,10,7,43711,2951,4.41,true,""
phase1,29,1950,LOW,250,1.20,false,10,7,36083,1997,6.51,true,""
phase1,29,1950,MEDIUM,250,1.20,false,10,7,43667,4220,3.08,true,""
phase1,29,1975,LOW,250,1.20,false,10,7,35999,1045,12.44,true,""
phase1,29,1975,MEDIUM,250,1.20,false,10,7,43619,2324,5.59,true,""
phase1,29,2000,LOW,250,1.20,false,10,7,35960,1663,7.82,true,""
phase1,29,2000,MEDIUM,250,1.20,false,10,7,45557,2545,5.11,true,""
phase1,29,2025,LOW,250,1.20,false,10,7,35871,3201,4.06,true,""
phase1,29,2025,MEDIUM,250,1.20,false,10,7,45454,2464,5.28,true,""
phase1,29,2050,LOW,250,1.20,false,10,7,35785,2985,4.36,true,""
phase1,29,2050,MEDIUM,250,1.20,false,10,7,45272,2652,4.90,true,""
phase1,29,2075,LOW,250,1.20,false,10,7,37189,2802,4.64,true,""
phase1,29,2075,MEDIUM,250,1.20,false,10,7,45046,5515,2.36,true,""
phase1,29,2100,LOW,250,1.20,false,10,7,36995,2114,6.15,true,""
phase1,29,2100,MEDIUM,250,1.20,false,10,7,46856,3188,4.08,true,""
phase1,29,2125,LOW,250,1.20,false,10,7,36792,3321,3.91,true,""
phase1,29,2125,MEDIUM,250,1.20,false,10,7,46603,1622,8.01,true,""
phase1,29,2150,LOW,250,1.20,false,10,7,36443,4238,3.07,true,""
phase1,29,2150,MEDIUM,250,1.20,false,10,7,46123,1005,12.94,true,""
phase1,29,2175,LOW,250,1.20,false,10,7,36103,1900,6.84,true,""
phase1,29,2175,MEDIUM,250,1.20,false,10,7,45555,3259,3.99,true,""
phase1,29,2200,LOW,250,1.20,false,10,7,37815,2581,5.04,true,""
phase1,29,2200,MEDIUM,250,1.20,false,10,7,45016,2446,5.31,true,""
phase1,29,2225,LOW,250,1.20,false,10,6,39808,2514,5.17,true,""
phase1,29,2225,MEDIUM,250,1.20,false,10,6,49747,2693,4.83,true,""
phase1,29,2250,LOW,250,1.20,false,10,6,39829,3088,4.21,true,""
phase1,29,2250,MEDIUM,250,1.20,false,10,6,49758,1628,7.99,true,""
phase1,29,2275,LOW,250,1.20,false,10,6,39821,2739,4.75,true,""
phase1,29,2275,MEDIUM,250,1.20,false,10,6,49768,2833,4.59,true,""
phase1,29,2300,LOW,250,1.20,false,10,6,41672,2063,6.30,true,""
phase1,29,2300,MEDIUM,250,1.20,false,10,6,49739,3151,4.13,true,""
phase1,29,2325,LOW,250,1.20,false,10,6,41599,1497,8.68,true,""
phase1,29,2350,LOW,250,1.20,false,10,6,41561,2837,4.58,true,""
phase1,29,2375,LOW,250,1.20,false,10,6,41503,2749,4.73,true,""
phase1,29,2400,LOW,250,1.20,false,10,6,41402,2495,5.21,true,""
phase1,29,2425,LOW,250,1.20,false,10,6,43267,2828,4.60,true,""
phase1,29,2450,LOW,250,1.20,false,10,6,43103,3185,4.08,true,""
phase1,29,2475,LOW,250,1.20,false,10,6,42966,2389,5.44,true,""
phase1,29,2500,LOW,250,1.20,false,10,6,42763,926,14.04,true,""
phase1,29,2525,LOW,250,1.20,false,10,6,42609,3404,3.82,true,""
phase1,29,2550,LOW,250,1.20,false,10,6,42233,2132,6.10,true,""
phase1,29,2575,LOW,250,1.20,false,10,6,44081,1303,9.98,true,""
phase1,29,2600,LOW,250,1.20,false,10,6,43717,2694,4.83,true,""
phase1,29,2625,LOW,250,1.20,false,10,6,43350,1789,7.27,true,""
phase1,29,2650,LOW,250,1.20,false,10,6,42891,2410,5.39,true,""
phase1,29,2675,LOW,250,1.20,false,10,5,45694,3120,4.17,true,""
phase1,29,2700,LOW,250,1.20,false,10,5,47716,2472,5.26,true,""
phase1,29,2725,LOW,250,1.20,false,10,5,47715,791,16.43,true,""
phase1,29,2750,LOW,250,1.20,false,10,5,47695,3329,3.91,true,""
phase1,29,2775,LOW,250,1.20,false,10,5,47726,1374,9.46,true,""
phase1,29,2800,LOW,250,1.20,false,10,5,49717,2809,4.63,true,""
phase1,30,400,LOW,250,1.20,false,41,34,36110,4562,2.85,true,""
phase1,30,400,MEDIUM,250,1.20,false,41,34,43651,4201,3.09,true,""
phase1,30,400,QUARTILE,250,1.20,false,41,34,61589,4311,3.02,true,""
phase1,30,400,HIGH,250,1.20,false,41,34,76880,4683,2.78,true,""
phase1,30,425,LOW,250,1.20,false,38,32,36916,4741,2.74,true,""
phase1,30,425,MEDIUM,250,1.20,false,38,32,44230,6387,2.04,true,""
phase1,30,425,QUARTILE,250,1.20,false,38,32,57121,3064,4.24,true,""
phase1,30,425,HIGH,250,1.20,false,38,32,71326,3382,3.84,true,""
phase1,30,450,LOW,250,1.20,false,36,30,35043,3918,3.32,true,""
phase1,30,450,MEDIUM,250,1.20,false,36,30,45859,4579,2.84,true,""
phase1,30,450,QUARTILE,250,1.20,false,36,30,58673,5344,2.43,true,""
phase1,30,450,HIGH,250,1.20,false,36,30,72478,12177,1.07,true,""
phase1,30,475,LOW,250,1.20,false,34,29,36108,10556,1.23,true,""
phase1,30,475,MEDIUM,250,1.20,false,34,29,43075,11845,1.10,true,""
phase1,30,475,QUARTILE,250,1.20,false,34,29,55013,6081,2.14,true,""
phase1,30,475,HIGH,250,1.20,false,34,29,72682,12504,1.04,true,""
phase1,30,500,LOW,250,1.20,false,33,27,35269,8781,1.48,true,""
phase1,30,500,MEDIUM,250,1.20,false,33,27,45842,5498,2.36,true,""
phase1,30,500,QUARTILE,250,1.20,false,33,27,57856,7025,1.85,true,""
phase1,30,500,HIGH,250,1.20,false,33,27,70987,4309,3.02,true,""
phase1,30,525,LOW,250,1.20,false,31,26,36107,10333,1.26,true,""
phase1,30,525,MEDIUM,250,1.20,false,31,26,43054,12353,1.05,true,""
phase1,30,525,QUARTILE,250,1.20,false,31,26,58290,9730,1.34,true,""
phase1,30,525,HIGH,250,1.20,false,31,26,70902,5211,2.49,true,""
phase1,30,550,LOW,250,1.20,false,30,25,34674,7428,1.75,true,""
phase1,30,550,MEDIUM,250,1.20,false,30,25,44781,11493,1.13,true,""
phase1,30,550,QUARTILE,250,1.20,false,30,25,55921,4523,2.87,true,""
phase1,30,550,HIGH,250,1.20,false,30,25,72228,4928,2.64,true,""
phase1,30,575,LOW,250,1.20,false,28,24,32287,6384,2.04,true,""
phase1,30,575,MEDIUM,250,1.20,false,28,24,41764,6905,1.88,true,""
phase1,30,575,QUARTILE,250,1.20,false,28,24,55820,5325,2.44,true,""
phase1,30,575,HIGH,250,1.20,false,28,24,67265,10770,1.21,true,""
phase1,30,600,LOW,250,1.20,false,27,23,34182,13639,0.95,true,""
phase1,30,600,MEDIUM,250,1.20,false,27,23,40314,10641,1.22,true,""
phase1,30,600,QUARTILE,250,1.20,false,27,23,53884,5035,2.58,true,""
phase1,30,600,HIGH,250,1.20,false,27,23,68949,7505,1.73,true,""
phase1,30,625,LOW,250,1.20,false,26,22,32946,8455,1.54,true,""
phase1,30,625,MEDIUM,250,1.20,false,26,22,42138,9553,1.36,true,""
phase1,30,625,QUARTILE,250,1.20,false,26,22,55630,3479,3.74,true,""
phase1,30,625,HIGH,250,1.20,false,26,22,70822,4925,2.64,true,""
phase1,30,650,LOW,250,1.20,false,25,21,34709,4139,3.14,true,""
phase1,30,650,MEDIUM,250,1.20,false,25,21,40641,8056,1.61,true,""
phase1,30,650,QUARTILE,250,1.20,false,25,21,53692,3825,3.40,true,""
phase1,30,650,HIGH,250,1.20,false,25,21,68302,4863,2.67,true,""
phase1,30,675,LOW,250,1.20,false,24,20,33339,9452,1.38,true,""
phase1,30,675,MEDIUM,250,1.20,false,24,20,42091,8805,1.48,true,""
phase1,30,675,QUARTILE,250,1.20,false,24,20,54904,2997,4.34,true,""
phase1,30,675,HIGH,250,1.20,false,24,20,69727,3735,3.48,true,""
phase1,30,700,LOW,250,1.20,false,23,20,31557,8981,1.45,true,""
phase1,30,700,MEDIUM,250,1.20,false,23,20,39761,10535,1.23,true,""
phase1,30,700,QUARTILE,250,1.20,false,23,20,51892,9453,1.38,true,""
phase1,30,700,HIGH,250,1.20,false,23,20,69806,9836,1.32,true,""
phase1,30,725,LOW,250,1.20,false,23,19,34588,4061,3.20,true,""
phase1,30,725,MEDIUM,250,1.20,false,23,19,43219,3768,3.45,true,""
phase1,30,725,QUARTILE,250,1.20,false,23,19,55780,9997,1.30,true,""
phase1,30,725,HIGH,250,1.20,false,23,19,70503,8702,1.49,true,""
phase1,30,750,LOW,250,1.20,false,22,18,33126,5101,2.55,true,""
phase1,30,750,MEDIUM,250,1.20,false,22,18,41404,5335,2.44,true,""
phase1,30,750,QUARTILE,250,1.20,false,22,18,56698,2875,4.52,true,""
phase1,30,750,HIGH,250,1.20,false,22,18,71418,3767,3.45,true,""
phase1,30,775,LOW,250,1.20,false,21,18,31206,2547,5.10,true,""
phase1,30,775,MEDIUM,250,1.20,false,21,18,41781,3580,3.63,true,""
phase1,30,775,QUARTILE,250,1.20,false,21,18,53327,5287,2.46,true,""
phase1,30,775,HIGH,250,1.20,false,21,18,67156,7878,1.65,true,""
phase1,30,800,LOW,250,1.20,false,21,17,34218,2478,5.25,true,""
phase1,30,800,MEDIUM,250,1.20,false,21,17,42230,6888,1.89,true,""
phase1,30,800,QUARTILE,250,1.20,false,21,17,57426,1191,10.92,true,""
phase1,30,800,HIGH,250,1.20,false,21,17,71868,3504,3.71,true,""
phase1,30,825,LOW,250,1.20,false,20,17,32070,5251,2.48,true,""
phase1,30,825,MEDIUM,250,1.20,false,20,17,39638,3064,4.24,true,""
phase1,30,825,QUARTILE,250,1.20,false,20,17,54000,5961,2.18,true,""
phase1,30,825,HIGH,250,1.20,false,20,17,67448,4131,3.15,true,""
phase1,30,850,LOW,250,1.20,false,19,16,30931,6490,2.00,true,""
phase1,30,850,MEDIUM,250,1.20,false,19,16,40837,2990,4.35,true,""
phase1,30,850,QUARTILE,250,1.20,false,19,16,52040,3744,3.47,true,""
phase1,30,850,HIGH,250,1.20,false,19,16,68511,3141,4.14,true,""
phase1,30,875,LOW,250,1.20,false,19,16,33007,4033,3.22,true,""
phase1,30,875,MEDIUM,250,1.20,false,19,16,40455,3027,4.29,true,""
phase1,30,875,QUARTILE,250,1.20,false,19,16,54643,4605,2.82,true,""
phase1,30,875,HIGH,250,1.20,false,19,16,67713,4376,2.97,true,""
phase1,30,900,LOW,250,1.20,false,18,15,31582,1691,7.69,true,""
phase1,30,900,MEDIUM,250,1.20,false,18,15,38720,4193,3.10,true,""
phase1,30,900,QUARTILE,250,1.20,false,18,15,52325,5210,2.50,true,""
phase1,30,900,HIGH,250,1.20,false,18,15,68306,3958,3.28,true,""
phase1,30,925,LOW,250,1.20,false,18,15,33781,7039,1.85,true,""
phase1,30,925,MEDIUM,250,1.20,false,18,15,41084,4656,2.79,true,""
phase1,30,925,QUARTILE,250,1.20,false,18,15,55172,1221,10.65,true,""
phase1,30,925,HIGH,250,1.20,false,18,15,67876,5266,2.47,true,""
phase1,30,950,LOW,250,1.20,false,17,15,31093,6165,2.11,true,""
phase1,30,950,MEDIUM,250,1.20,false,17,15,37675,3251,4.00,true,""
phase1,30,950,QUARTILE,250,1.20,false,17,15,50509,3119,4.17,true,""
phase1,30,950,HIGH,250,1.20,false,17,15,65312,2511,5.18,true,""
phase1,30,975,LOW,250,1.20,false,17,14,31943,3195,4.07,true,""
phase1,30,975,MEDIUM,250,1.20,false,17,14,38901,2076,6.26,true,""
phase1,30,975,QUARTILE,250,1.20,false,17,14,55162,3169,4.10,true,""
phase1,30,975,HIGH,250,1.20,false,17,14,70833,1745,7.45,true,""
phase1,30,1000,LOW,250,1.20,false,17,14,33890,5616,2.31,true,""
phase1,30,1000,MEDIUM,250,1.20,false,17,14,41004,5342,2.43,true,""
phase1,30,1000,QUARTILE,250,1.20,false,17,14,54630,3727,3.49,true,""
phase1,30,1000,HIGH,250,1.20,false,17,14,70088,2055,6.33,true,""
phase1,30,1025,LOW,250,1.20,false,16,14,31225,3666,3.55,true,""
phase1,30,1025,MEDIUM,250,1.20,false,16,14,37593,2709,4.80,true,""
phase1,30,1025,QUARTILE,250,1.20,false,16,14,53174,4360,2.98,true,""
phase1,30,1025,HIGH,250,1.20,false,16,14,64307,5262,2.47,true,""
phase1,30,1050,LOW,250,1.20,false,16,13,32226,3479,3.74,true,""
phase1,30,1050,MEDIUM,250,1.20,false,16,13,38903,4965,2.62,true,""
phase1,30,1050,QUARTILE,250,1.20,false,16,13,54812,3582,3.63,true,""
phase1,30,1050,HIGH,250,1.20,false,16,13,69809,2853,4.56,true,""
phase1,30,1075,LOW,250,1.20,false,15,13,29973,3744,3.47,true,""
phase1,30,1075,MEDIUM,250,1.20,false,15,13,38370,3852,3.37,true,""
phase1,30,1075,QUARTILE,250,1.20,false,15,13,51019,7856,1.65,true,""
phase1,30,1075,HIGH,250,1.20,false,15,13,64930,2949,4.41,true,""
phase1,30,1100,LOW,250,1.20,false,15,13,31629,3221,4.04,true,""
phase1,30,1100,MEDIUM,250,1.20,false,15,13,37822,3938,3.30,true,""
phase1,30,1100,QUARTILE,250,1.20,false,15,13,50234,5239,2.48,true,""
phase1,30,1100,HIGH,250,1.20,false,15,13,66825,5790,2.25,true,""
phase1,30,1125,LOW,250,1.20,false,15,12,32256,2635,4.93,true,""
phase1,30,1125,MEDIUM,250,1.20,false,15,12,41103,2791,4.66,true,""
phase1,30,1125,QUARTILE,250,1.20,false,15,12,54145,4089,3.18,true,""
phase1,30,1125,HIGH,250,1.20,false,15,12,68503,3697,3.52,true,""
phase1,18,1200,LOW,250,1.20,false,14,12,31218,18609,0.70,true,""
phase1,18,1200,MEDIUM,250,1.20,false,14,12,39632,3314,3.92,true,""
phase1,18,1200,QUARTILE,250,1.20,false,14,12,51387,2830,4.59,true,""
phase1,18,1200,HIGH,250,1.20,false,14,12,64546,2820,4.61,true,""
phase1,18,1225,LOW,250,1.20,false,14,11,32067,3257,3.99,true,""
phase1,18,1225,MEDIUM,250,1.20,false,14,11,40697,2803,4.64,true,""
phase1,18,1225,QUARTILE,250,1.20,false,14,11,55739,2808,4.63,true,""
phase1,18,1225,HIGH,250,1.20,false,14,11,69683,3328,3.91,true,""
phase1,18,1250,LOW,250,1.20,false,13,11,29722,2775,4.68,true,""
phase1,18,1250,MEDIUM,250,1.20,false,13,11,37752,3777,3.44,true,""
phase1,18,1250,QUARTILE,250,1.20,false,13,11,51685,2846,4.57,true,""
phase1,18,1250,HIGH,250,1.20,false,13,11,64461,2844,4.57,true,""
phase1,18,1275,LOW,250,1.20,false,13,11,31384,3376,3.85,true,""
phase1,18,1275,MEDIUM,250,1.20,false,13,11,39757,3137,4.14,true,""
phase1,18,1275,QUARTILE,250,1.20,false,13,11,51431,3145,4.13,true,""
phase1,18,1300,LOW,250,1.20,false,13,11,31003,3035,4.28,true,""
phase1,18,1300,MEDIUM,250,1.20,false,13,11,39339,3806,3.42,true,""
phase1,18,1300,QUARTILE,250,1.20,false,13,11,53306,1268,10.25,true,""
phase1,18,1325,LOW,250,1.20,false,13,11,30557,3290,3.95,true,""
phase1,18,1325,MEDIUM,250,1.20,false,13,11,38694,3579,3.63,true,""
phase1,18,1325,QUARTILE,250,1.20,false,13,11,52360,1832,7.10,true,""
phase1,18,1350,LOW,250,1.20,false,12,10,29207,2104,6.18,true,""
phase1,18,1350,MEDIUM,250,1.20,false,12,10,36929,3234,4.02,true,""
phase1,18,1350,QUARTILE,250,1.20,false,12,10,52443,2820,4.61,true,""
phase1,18,1375,LOW,250,1.20,false,12,10,30875,2643,4.92,true,""
phase1,18,1375,MEDIUM,250,1.20,false,12,10,38977,7380,1.76,true,""
phase1,18,1375,QUARTILE,250,1.20,false,12,10,52336,3667,3.55,true,""
phase1,18,1400,LOW,250,1.20,false,12,10,30742,3884,3.35,true,""
phase1,18,1400,MEDIUM,250,1.20,false,12,10,38805,5569,2.33,true,""
phase1,18,1400,QUARTILE,250,1.20,false,12,10,52112,2958,4.39,true,""
phase1,18,1425,LOW,250,1.20,false,12,10,30529,2717,4.78,true,""
phase1,18,1425,MEDIUM,250,1.20,false,12,10,38430,3712,3.50,true,""
phase1,18,1425,QUARTILE,250,1.20,false,12,10,54058,4369,2.98,true,""
phase1,18,1450,LOW,250,1.20,false,12,10,30139,1947,6.68,true,""
phase1,18,1450,MEDIUM,250,1.20,false,12,10,40127,2827,4.60,true,""
phase1,18,1450,QUARTILE,250,1.20,false,12,10,53400,2078,6.26,true,""
phase1,18,1475,LOW,250,1.20,false,11,10,28810,3164,4.11,true,""
phase1,18,1475,MEDIUM,250,1.20,false,11,10,36088,5278,2.46,true,""
phase1,18,1475,QUARTILE,250,1.20,false,11,10,47714,1802,7.21,true,""
phase1,18,1500,LOW,250,1.20,false,11,9,30156,1562,8.32,true,""
phase1,18,1500,MEDIUM,250,1.20,false,11,9,37760,3099,4.19,true,""
phase1,18,1500,QUARTILE,250,1.20,false,11,9,52483,2197,5.92,true,""
phase1,18,1525,LOW,250,1.20,false,11,9,31965,3292,3.95,true,""
phase1,18,1525,MEDIUM,250,1.20,false,11,9,37707,3003,4.33,true,""
phase1,18,1525,QUARTILE,250,1.20,false,11,9,52401,3741,3.48,true,""
phase1,18,1550,LOW,250,1.20,false,11,9,31894,1172,11.09,true,""
phase1,20,1525,LOW,250,1.20,false,11,9,31965,3065,4.24,true,""
phase1,20,1525,MEDIUM,250,1.20,false,11,9,37707,3524,3.69,true,""
phase1,20,1525,QUARTILE,250,1.20,false,11,9,52401,1864,6.97,true,""
phase1,20,1550,LOW,250,1.20,false,11,9,31894,2068,6.29,true,""
phase1,20,1550,MEDIUM,250,1.20,false,11,9,39503,2596,5.01,true,""
phase1,20,1550,QUARTILE,250,1.20,false,11,9,52221,2597,5.01,true,""
phase1,20,1575,LOW,250,1.20,false,11,9,31717,2035,6.39,true,""
phase1,20,1575,MEDIUM,250,1.20,false,11,9,39238,2245,5.79,true,""
phase1,20,1575,QUARTILE,250,1.20,false,11,9,54225,2616,4.97,true,""
phase1,20,1600,LOW,250,1.20,false,11,9,31429,2521,5.16,true,""
phase1,20,1600,MEDIUM,250,1.20,false,11,9,38879,2827,4.60,true,""
phase1,20,1600,QUARTILE,250,1.20,false,11,9,53763,2489,5.22,true,""
phase1,20,1625,LOW,250,1.20,false,10,9,29935,18519,0.70,true,""
phase1,20,1625,MEDIUM,250,1.20,false,10,9,36647,2572,5.05,true,""
phase1,20,1625,QUARTILE,250,1.20,false,10,9,48185,2080,6.25,true,""
phase1,20,1650,LOW,250,1.20,false,10,9,29445,3292,3.95,true,""
phase1,20,1650,MEDIUM,250,1.20,false,10,9,36130,3453,3.76,true,""
phase1,20,1650,QUARTILE,250,1.20,false,10,9,47282,1980,6.57,true,""
phase1,20,1675,LOW,250,1.20,false,10,8,30784,1258,10.33,true,""
phase1,20,1675,MEDIUM,250,1.20,false,10,8,37940,2659,4.89,true,""
phase1,20,1700,LOW,250,1.20,false,10,8,30800,3988,3.26,true,""
phase1,20,1700,MEDIUM,250,1.20,false,10,8,37948,3937,3.30,true,""
phase1,20,1725,LOW,250,1.20,false,10,8,30749,2139,6.08,true,""
phase1,20,1725,MEDIUM,250,1.20,false,10,8,39775,3898,3.34,true,""
phase1,20,1750,LOW,250,1.20,false,10,8,32415,1268,10.25,true,""
phase1,20,1750,MEDIUM,250,1.20,false,10,8,39577,2091,6.22,true,""
phase1,20,1775,LOW,250,1.20,false,10,8,32283,2148,6.05,true,""
phase1,20,1775,MEDIUM,250,1.20,false,10,8,39408,1959,6.64,true,""
phase1,20,1800,LOW,250,1.20,false,10,8,32064,1966,6.61,true,""
phase1,24,1525,QUARTILE,250,1.20,false,11,9,52401,2882,4.51,true,""
phase1,24,1550,LOW,250,1.20,false,11,9,31894,2902,4.48,true,""
phase1,24,1550,MEDIUM,250,1.20,false,11,9,39503,4527,2.87,true,""
phase1,30,1150,LOW,250,1.20,false,14,12,30043,3308,3.93,true,""
phase1,30,1150,MEDIUM,250,1.20,false,14,12,38234,3923,3.31,true,""
phase1,30,1150,QUARTILE,250,1.20,false,14,12,50328,3447,3.77,true,""
phase1,30,1150,HIGH,250,1.20,false,14,12,66418,2373,5.48,true,""
phase1,30,1175,LOW,250,1.20,false,14,12,31682,2848,4.56,true,""
phase1,30,1175,MEDIUM,250,1.20,false,14,12,37875,3065,4.24,true,""
phase1,30,1175,QUARTILE,250,1.20,false,14,12,52392,2454,5.30,true,""
phase1,30,1175,HIGH,250,1.20,false,14,12,65658,4149,3.13,true,""
phase1,30,1200,LOW,250,1.20,false,14,12,31218,3207,4.05,true,""
phase1,30,1200,MEDIUM,250,1.20,false,14,12,39632,2504,5.19,true,""
phase1,30,1200,QUARTILE,250,1.20,false,14,12,51387,2773,4.69,true,""
phase1,30,1200,HIGH,250,1.20,false,14,12,64546,2867,4.53,true,""
phase1,30,1225,LOW,250,1.20,false,14,11,32067,3416,3.81,true,""
phase1,30,1225,MEDIUM,250,1.20,false,14,11,40697,4416,2.94,true,""
phase1,30,1225,QUARTILE,250,1.20,false,14,11,55739,1303,9.98,true,""
phase1,30,1225,HIGH,250,1.20,false,14,11,69683,2642,4.92,true,""
phase1,30,1250,LOW,250,1.20,false,13,11,29722,3316,3.92,true,""
phase1,30,1250,MEDIUM,250,1.20,false,13,11,37752,2944,4.42,true,""
phase1,30,1250,QUARTILE,250,1.20,false,13,11,51685,2895,4.49,true,""
phase1,30,1250,HIGH,250,1.20,false,13,11,64461,4197,3.10,true,""
phase1,30,1275,LOW,250,1.20,false,13,11,31384,3660,3.55,true,""
phase1,30,1275,MEDIUM,250,1.20,false,13,11,39757,2201,5.91,true,""
phase1,30,1275,QUARTILE,250,1.20,false,13,11,51431,3890,3.34,true,""
phase1,30,1300,LOW,250,1.20,false,13,11,31003,3905,3.33,true,""
phase1,30,1300,MEDIUM,250,1.20,false,13,11,39339,3159,4.12,true,""
phase1,30,1300,QUARTILE,250,1.20,false,13,11,53306,2767,4.70,true,""
phase1,30,1325,LOW,250,1.20,false,13,11,30557,2104,6.18,true,""
phase1,30,1325,MEDIUM,250,1.20,false,13,11,38694,2925,4.44,true,""
phase1,30,1325,QUARTILE,250,1.20,false,13,11,52360,5004,2.60,true,""
phase1,30,1350,LOW,250,1.20,false,12,10,29207,3301,3.94,true,""
phase1,30,1350,MEDIUM,250,1.20,false,12,10,36929,2094,6.21,true,""
phase1,30,1350,QUARTILE,250,1.20,false,12,10,52443,2868,4.53,true,""
phase1,30,1375,LOW,250,1.20,false,12,10,30875,2847,4.57,true,""
phase1,30,1375,MEDIUM,250,1.20,false,12,10,38977,3274,3.97,true,""
phase1,30,1375,QUARTILE,250,1.20,false,12,10,52336,3180,4.09,true,""
phase1,30,1400,LOW,250,1.20,false,12,10,30742,3518,3.70,true,""
phase1,30,1400,MEDIUM,250,1.20,false,12,10,38805,2901,4.48,true,""
phase1,30,1400,QUARTILE,250,1.20,false,12,10,52112,3079,4.22,true,""
phase1,30,1425,LOW,250,1.20,false,12,10,30529,2114,6.15,true,""
phase1,30,1425,MEDIUM,250,1.20,false,12,10,38430,2624,4.95,true,""
phase1,30,1425,QUARTILE,250,1.20,false,12,10,54058,4909,2.65,true,""
phase1,30,1450,LOW,250,1.20,false,12,10,30139,1133,11.47,true,""
phase1,30,1450,MEDIUM,250,1.20,false,12,10,40127,3748,3.47,true,""
phase1,30,1450,QUARTILE,250,1.20,false,12,10,53400,3464,3.75,true,""
phase1,30,1475,LOW,250,1.20,false,11,10,28810,2859,4.55,true,""
phase1,30,1475,MEDIUM,250,1.20,false,11,10,36088,3049,4.26,true,""
phase1,30,1475,QUARTILE,250,1.20,false,11,10,47714,3242,4.01,true,""
phase1,30,1500,LOW,250,1.20,false,11,9,30156,3197,4.07,true,""
phase1,30,1500,MEDIUM,250,1.20,false,11,9,37760,2883,4.51,true,""
phase1,30,1500,QUARTILE,250,1.20,false,11,9,52483,3477,3.74,true,""
phase1,30,1525,LOW,250,1.20,false,11,9,31965,3568,3.64,true,""
phase1,30,1525,MEDIUM,250,1.20,false,11,9,37707,3182,4.09,true,""
phase1,30,1525,QUARTILE,250,1.20,false,11,9,52401,2979,4.36,true,""
phase1,30,1550,LOW,250,1.20,false,11,9,31894,2676,4.86,true,""
phase1,30,1550,MEDIUM,250,1.20,false,11,9,39503,2626,4.95,true,""
phase1,30,1550,QUARTILE,250,1.20,false,11,9,52221,2868,4.53,true,""
phase1,30,1575,LOW,250,1.20,false,11,9,31717,2252,5.77,true,""
phase1,30,1575,MEDIUM,250,1.20,false,11,9,39238,3907,3.33,true,""
phase1,30,1575,QUARTILE,250,1.20,false,11,9,54225,2114,6.15,true,""
phase1,30,1600,LOW,250,1.20,false,11,9,31429,3008,4.32,true,""
phase1,30,1600,MEDIUM,250,1.20,false,11,9,38879,3642,3.57,true,""
phase1,30,1600,QUARTILE,250,1.20,false,11,9,53763,3127,4.16,true,""
phase3,12,1175,QUARTILE,250,1.00,false,12,12,44807,1761,7.38,true,""
phase3,12,1175,QUARTILE,250,1.00,true,12,12,44807,3058,4.25,true,""
phase3,12,1175,QUARTILE,250,1.10,false,13,12,48602,2760,4.71,true,""
phase3,12,1175,QUARTILE,250,1.10,true,13,12,48602,2106,6.17,true,""
phase3,12,1175,QUARTILE,250,1.20,false,14,12,52392,3414,3.81,true,""
phase3,12,1175,QUARTILE,250,1.20,true,14,12,52392,2072,6.27,true,""
phase3,12,1175,QUARTILE,250,1.50,false,18,12,67563,3638,3.57,true,""
phase3,12,1175,QUARTILE,250,1.50,true,18,12,67563,2365,5.50,true,""
phase3,12,1175,QUARTILE,250,2.00,false,23,12,86525,3119,4.17,true,""
phase3,12,1175,QUARTILE,250,2.00,true,23,12,86525,3889,3.34,true,""
phase3,28,750,LOW,250,1.00,false,18,18,27134,3380,3.85,true,""
phase3,28,750,LOW,250,1.00,true,18,18,27134,4864,2.67,true,""
phase3,28,750,LOW,250,1.10,false,20,18,30141,4342,2.99,true,""
phase3,28,750,LOW,250,1.10,true,20,18,30141,4793,2.71,true,""
phase3,28,750,LOW,250,1.20,false,22,18,33143,3349,3.88,true,""
phase3,28,750,LOW,250,1.20,true,22,18,33143,4634,2.81,true,""
phase3,28,750,LOW,250,1.50,false,27,18,40650,6154,2.11,true,""
phase3,28,750,LOW,250,1.50,true,27,18,40650,3127,4.16,true,""
phase3,28,750,LOW,250,2.00,false,36,18,54182,3229,4.03,true,""
phase3,28,750,LOW,250,2.00,true,36,18,54182,3568,3.64,true,""
phase3,18,425,QUARTILE,250,1.00,false,32,32,48084,7418,1.75,true,""
phase3,18,425,QUARTILE,250,1.00,true,32,32,48084,5496,2.37,true,""
phase3,18,425,QUARTILE,250,1.10,false,35,32,52600,5484,2.37,true,""
phase3,18,425,QUARTILE,250,1.10,true,35,32,52600,6388,2.04,true,""
phase3,18,425,QUARTILE,250,1.20,false,38,32,57119,5169,2.51,true,""
phase3,18,425,QUARTILE,250,1.20,true,38,32,57119,5784,2.25,true,""
phase3,18,425,QUARTILE,250,1.50,false,48,32,72157,4195,3.10,true,""
phase3,18,425,QUARTILE,250,1.50,true,48,32,72157,3522,3.69,true,""
phase3,18,425,QUARTILE,250,2.00,false,63,32,94726,4081,3.19,true,""
phase3,18,425,QUARTILE,250,2.00,true,63,32,94726,4285,3.03,true,""
phase3,10,875,LOW,250,1.00,false,16,16,27772,3069,4.24,true,""
phase3,10,875,LOW,250,1.00,true,16,16,27772,5079,2.56,true,""
phase3,10,875,LOW,250,1.10,false,17,16,29522,1893,6.87,true,""
phase3,10,875,LOW,250,1.10,true,17,16,29522,3951,3.29,true,""
phase3,10,875,LOW,250,1.20,false,19,16,33025,3662,3.55,true,""
phase3,10,875,LOW,250,1.20,true,19,16,33025,3830,3.39,true,""
phase3,10,875,LOW,250,1.50,false,23,16,40023,4266,3.05,true,""
phase3,10,875,LOW,250,1.50,true,23,16,40023,4600,2.83,true,""
phase3,10,875,LOW,250,2.00,false,31,16,54054,2254,5.77,true,""
phase3,10,875,LOW,250,2.00,true,31,16,54054,3686,3.53,true,""
phase3,22,2275,LOW,250,1.00,false,10,6,39819,2795,4.65,true,""
phase3,22,2275,LOW,250,1.00,true,10,6,39819,2995,4.34,true,""
phase3,22,2275,LOW,250,1.10,false,10,6,39819,1591,8.17,true,""
phase3,22,2275,LOW,250,1.10,true,10,6,39819,2514,5.17,true,""
phase3,22,2275,LOW,250,1.20,false,10,6,39819,2798,4.65,true,""
phase3,22,2275,LOW,250,1.20,true,10,6,39819,1907,6.82,true,""
phase3,22,2275,LOW,250,1.50,false,10,6,39819,2493,5.21,true,""
phase3,22,2275,LOW,250,1.50,true,10,6,39819,2642,4.92,true,""
phase3,22,2275,LOW,250,2.00,false,12,6,47778,2910,4.47,true,""
phase3,22,2275,LOW,250,2.00,true,12,6,47778,1942,6.69,true,""
phase1,30,1625,LOW,250,1.20,false,10,9,29911,6582,1.98,true,""
phase1,30,1625,MEDIUM,250,1.20,false,10,9,36661,3616,3.60,true,""
phase1,30,1625,QUARTILE,250,1.20,false,10,9,48153,1375,9.45,true,""
phase1,30,1650,LOW,250,1.20,false,10,9,29464,2517,5.16,true,""
phase1,30,1650,MEDIUM,250,1.20,false,10,9,36158,3862,3.37,true,""
phase1,30,1650,QUARTILE,250,1.20,false,10,9,47223,2612,4.98,true,""
phase1,30,1675,LOW,250,1.20,false,10,8,30794,2853,4.56,true,""
phase1,30,1675,MEDIUM,250,1.20,false,10,8,37932,3435,3.78,true,""
phase1,30,1700,LOW,250,1.20,false,10,8,30787,5033,2.58,true,""
phase1,30,1700,MEDIUM,250,1.20,false,10,8,37942,1156,11.25,true,""
phase1,30,1725,LOW,250,1.20,false,10,8,30777,3018,4.31,true,""
phase1,30,1725,MEDIUM,250,1.20,false,10,8,39761,2572,5.05,true,""
phase1,30,1750,LOW,250,1.20,false,10,8,32398,2869,4.53,true,""
phase1,30,1750,MEDIUM,250,1.20,false,10,8,39574,2792,4.66,true,""
phase1,30,1775,LOW,250,1.20,false,10,8,32304,3226,4.03,true,""
phase1,30,1775,MEDIUM,250,1.20,false,10,8,39402,2636,4.93,true,""
phase1,30,1800,LOW,250,1.20,false,10,8,32062,2813,4.62,true,""
phase1,30,1800,MEDIUM,250,1.20,false,10,8,40911,3016,4.31,true,""
phase1,30,1825,LOW,250,1.20,false,10,8,31827,2389,5.44,true,""
phase1,30,1825,MEDIUM,250,1.20,false,10,8,40657,3219,4.04,true,""
phase1,30,1850,LOW,250,1.20,false,10,8,33211,2624,4.95,true,""
phase1,30,1850,MEDIUM,250,1.20,false,10,8,40348,2971,4.38,true,""
phase1,30,1875,LOW,250,1.20,false,10,8,32904,2502,5.20,true,""
phase1,30,1875,MEDIUM,250,1.20,false,10,8,39784,3078,4.22,true,""
phase1,30,1900,LOW,250,1.20,false,10,8,32378,3118,4.17,true,""
phase1,30,1900,MEDIUM,250,1.20,false,10,8,39158,2736,4.75,true,""
phase1,30,1925,LOW,250,1.20,false,10,7,34293,2663,4.88,true,""
phase1,30,1925,MEDIUM,250,1.20,false,10,7,43689,2369,5.49,true,""
phase1,30,1950,LOW,250,1.20,false,10,7,36066,2740,4.74,true,""
phase1,30,1950,MEDIUM,250,1.20,false,10,7,43717,2318,5.61,true,""
phase1,30,1975,LOW,250,1.20,false,10,7,36059,2528,5.14,true,""
phase1,30,1975,MEDIUM,250,1.20,false,10,7,43663,2392,5.43,true,""
phase1,30,2000,LOW,250,1.20,false,10,7,35966,2469,5.27,true,""
phase1,30,2000,MEDIUM,250,1.20,false,10,7,45559,3833,3.39,true,""
phase1,30,2025,LOW,250,1.20,false,10,7,35910,885,14.69,true,""
phase1,30,2025,MEDIUM,250,1.20,false,10,7,45440,2459,5.29,true,""
phase1,30,2050,LOW,250,1.20,false,10,7,35723,2614,4.97,true,""
phase1,30,2050,MEDIUM,250,1.20,false,10,7,45272,2985,4.36,true,""
phase1,30,2075,LOW,250,1.20,false,10,7,37218,2313,5.62,true,""
phase1,30,2075,MEDIUM,250,1.20,false,10,7,45066,2661,4.89,true,""
phase1,30,2100,LOW,250,1.20,false,10,7,37016,3093,4.20,true,""
phase1,30,2100,MEDIUM,250,1.20,false,10,7,46892,2811,4.62,true,""
phase1,30,2125,LOW,250,1.20,false,10,7,36785,3074,4.23,true,""
phase1,30,2125,MEDIUM,250,1.20,false,10,7,46556,2957,4.40,true,""
phase1,30,2150,LOW,250,1.20,false,10,7,36440,1552,8.38,true,""
phase1,30,2150,MEDIUM,250,1.20,false,10,7,46112,3645,3.57,true,""
phase1,30,2175,LOW,250,1.20,false,10,7,36128,2537,5.12,true,""
phase1,30,2175,MEDIUM,250,1.20,false,10,7,45587,2649,4.91,true,""
phase1,30,2200,LOW,250,1.20,false,10,7,37818,2354,5.52,true,""
phase1,30,2200,MEDIUM,250,1.20,false,10,7,44999,2400,5.42,true,""
phase1,30,2225,LOW,250,1.20,false,10,6,39852,3058,4.25,true,""
phase1,30,2225,MEDIUM,250,1.20,false,10,6,49725,1826,7.12,true,""
phase1,30,2250,LOW,250,1.20,false,10,6,39829,5512,2.36,true,""
phase1,30,2250,MEDIUM,250,1.20,false,10,6,49781,2428,5.35,true,""
phase1,30,2275,LOW,250,1.20,false,10,6,39830,2305,5.64,true,""
phase1,30,2275,MEDIUM,250,1.20,false,10,6,49748,1974,6.59,true,""
phase1,30,2300,LOW,250,1.20,false,10,6,41673,2339,5.56,true,""
phase1,30,2300,MEDIUM,250,1.20,false,10,6,49763,3206,4.05,true,""
phase1,30,2325,LOW,250,1.20,false,10,6,41618,2270,5.73,true,""
phase1,30,2350,LOW,250,1.20,false,10,6,41579,2825,4.60,true,""
phase1,30,2375,LOW,250,1.20,false,10,6,41471,1531,8.49,true,""
phase1,30,2400,LOW,250,1.20,false,10,6,41452,2515,5.17,true,""
phase1,30,2425,LOW,250,1.20,false,10,6,43261,2579,5.04,true,""
phase1,30,2450,LOW,250,1.20,false,10,6,43138,2298,5.66,true,""
phase1,30,2475,LOW,250,1.20,false,10,6,42935,2502,5.20,true,""
phase1,30,2500,LOW,250,1.20,false,10,6,42771,3220,4.04,true,""
phase1,30,2525,LOW,250,1.20,false,10,6,42596,2833,4.59,true,""
phase1,30,2550,LOW,250,1.20,false,10,6,42248,2731,4.76,true,""
phase1,30,2575,LOW,250,1.20,false,10,6,44021,2523,5.15,true,""
phase1,30,2600,LOW,250,1.20,false,10,6,43715,2449,5.31,true,""
phase1,30,2625,LOW,250,1.20,false,10,6,43359,2298,5.66,true,""
phase1,30,2650,LOW,250,1.20,false,10,6,42877,2309,5.63,true,""
phase1,30,2675,LOW,250,1.20,false,10,5,45700,2628,4.95,true,""
phase1,30,2700,LOW,250,1.20,false,10,5,47715,2196,5.92,true,""
phase1,30,2725,LOW,250,1.20,false,10,5,47686,1158,11.23,true,""
phase1,30,2750,LOW,250,1.20,false,10,5,47676,2106,6.17,true,""
phase1,30,2775,LOW,250,1.20,false,10,5,47707,2627,4.95,true,""
phase1,30,2800,LOW,250,1.20,false,10,5,49715,2807,4.63,true,""
phase3,12,1175,QUARTILE,250,1.00,false,12,12,44789,2831,4.59,true,""
phase3,12,1175,QUARTILE,250,1.00,true,12,12,44789,3379,3.85,true,""
phase3,12,1175,QUARTILE,250,1.10,false,13,12,48585,3038,4.28,true,""
phase3,12,1175,QUARTILE,250,1.10,true,13,12,48585,3254,4.00,true,""
phase3,12,1175,QUARTILE,250,1.20,false,14,12,52369,3178,4.09,true,""
phase3,12,1175,QUARTILE,250,1.20,true,14,12,52369,3114,4.17,true,""
phase3,12,1175,QUARTILE,250,1.50,false,18,12,67536,3114,4.17,true,""
phase3,12,1175,QUARTILE,250,1.50,true,18,12,67536,3083,4.22,true,""
phase3,12,1175,QUARTILE,250,2.00,false,23,12,86494,3073,4.23,true,""
phase3,12,1175,QUARTILE,250,2.00,true,23,12,86494,2992,4.34,true,""
phase3,28,750,LOW,250,1.00,false,18,18,27122,5060,2.57,true,""
phase3,28,750,LOW,250,1.00,true,18,18,27122,3421,3.80,true,""
phase3,28,750,LOW,250,1.10,false,20,18,30131,3632,3.58,true,""
phase3,28,750,LOW,250,1.10,true,20,18,30131,3493,3.72,true,""
phase3,28,750,LOW,250,1.20,false,22,18,33140,5847,2.22,true,""
phase3,28,750,LOW,250,1.20,true,22,18,33140,3215,4.04,true,""
phase3,28,750,LOW,250,1.50,false,27,18,40671,3380,3.85,true,""
phase3,28,750,LOW,250,1.50,true,27,18,40671,5202,2.50,true,""
phase3,28,750,LOW,250,2.00,false,36,18,54212,3581,3.63,true,""
phase3,28,750,LOW,250,2.00,true,36,18,54212,3300,3.94,true,""
phase3,18,425,QUARTILE,250,1.00,false,32,32,48070,7296,1.78,true,""
phase3,18,425,QUARTILE,250,1.00,true,32,32,48070,4692,2.77,true,""
phase3,18,425,QUARTILE,250,1.10,false,35,32,52592,3906,3.33,true,""
phase3,18,425,QUARTILE,250,1.10,true,35,32,52592,5995,2.17,true,""
phase3,18,425,QUARTILE,250,1.20,false,38,32,57117,3574,3.64,true,""
phase3,18,425,QUARTILE,250,1.20,true,38,32,57117,5155,2.52,true,""
phase3,18,425,QUARTILE,250,1.50,false,48,32,72180,3942,3.30,true,""
phase3,18,425,QUARTILE,250,1.50,true,48,32,72180,4280,3.04,true,""
phase3,18,425,QUARTILE,250,2.00,false,63,32,94757,4547,2.86,true,""
phase3,18,425,QUARTILE,250,2.00,true,63,32,94757,4907,2.65,true,""
phase3,10,875,LOW,250,1.00,false,16,16,27778,3874,3.36,true,""
phase3,10,875,LOW,250,1.00,true,16,16,27778,3927,3.31,true,""
phase3,10,875,LOW,250,1.10,false,17,16,29526,3807,3.41,true,""
phase3,10,875,LOW,250,1.10,true,17,16,29526,3639,3.57,true,""
phase3,10,875,LOW,250,1.20,false,19,16,33030,4201,3.09,true,""
phase3,10,875,LOW,250,1.20,true,19,16,33030,4035,3.22,true,""
phase3,10,875,LOW,250,1.50,false,23,16,40040,3861,3.37,true,""
phase3,10,875,LOW,250,1.50,true,23,16,40040,4004,3.25,true,""
phase3,10,875,LOW,250,2.00,false,31,16,54072,4078,3.19,true,""
phase3,10,875,LOW,250,2.00,true,31,16,54072,3858,3.37,true,""
phase3,22,2275,LOW,250,1.00,false,10,6,39830,2628,4.95,true,""
phase3,22,2275,LOW,250,1.00,true,10,6,39830,2770,4.69,true,""
phase3,22,2275,LOW,250,1.10,false,10,6,39830,2690,4.83,true,""
phase3,22,2275,LOW,250,1.10,true,10,6,39830,2649,4.91,true,""
phase3,22,2275,LOW,250,1.20,false,10,6,39830,3010,4.32,true,""
phase3,22,2275,LOW,250,1.20,true,10,6,39830,5298,2.45,true,""
phase3,22,2275,LOW,250,1.50,false,10,6,39830,2798,4.65,true,""
phase3,22,2275,LOW,250,1.50,true,10,6,39830,2947,4.41,true,""
phase3,22,2275,LOW,250,2.00,false,12,6,47788,2755,4.72,true,""
phase3,22,2275,LOW,250,2.00,true,12,6,47788,2725,4.77,true,""